series_id,element,parent_smiles,halogen_count,cid
S0000,Br,C1CCCC1,1,8728
S0000,Br,C1CCCC1,2,71374593
S0000,Br,C1CCCC1,3,122583543
S0000,Br,C1CCCC1,4,91541725
S0000,Br,C1CCCC1,5,53948224
S0000,Br,C1CCCC1,6,54161434
S0000,Br,C1CCCC1,7,54551714
S0000,Br,C1CCCC1,8,53763229
S0000,Br,C1CCCC1,9,53993900
S0000,Br,C1CCCC1,10,14619512
S0001,Br,CC(Oc1ccccc1)Oc1ccccc1,1,67740211
S0001,Br,CC(Oc1ccccc1)Oc1ccccc1,2,69647385
S0001,Br,CC(Oc1ccccc1)Oc1ccccc1,3,69647381
S0001,Br,CC(Oc1ccccc1)Oc1ccccc1,4,20156741
S0001,Br,CC(Oc1ccccc1)Oc1ccccc1,5,69647390
S0001,Br,CC(Oc1ccccc1)Oc1ccccc1,6,88300021
S0001,Br,CC(Oc1ccccc1)Oc1ccccc1,7,20156738
S0001,Br,CC(Oc1ccccc1)Oc1ccccc1,8,21287574
S0001,Br,CC(Oc1ccccc1)Oc1ccccc1,9,87931883
S0001,Br,CC(Oc1ccccc1)Oc1ccccc1,10,18669765
S0002,Br,CC(c1ccccc1)c1ccccc1,1,19019197
S0002,Br,CC(c1ccccc1)c1ccccc1,2,69632448
S0002,Br,CC(c1ccccc1)c1ccccc1,3,263109
S0002,Br,CC(c1ccccc1)c1ccccc1,4,347753
S0002,Br,CC(c1ccccc1)c1ccccc1,5,53654875
S0002,Br,CC(c1ccccc1)c1ccccc1,6,23496441
S0002,Br,CC(c1ccccc1)c1ccccc1,7,22277924
S0002,Br,CC(c1ccccc1)c1ccccc1,8,21909350
S0002,Br,CC(c1ccccc1)c1ccccc1,9,21909351
S0002,Br,CC(c1ccccc1)c1ccccc1,10,22345076
S0002,Br,CC(c1ccccc1)c1ccccc1,11,88051332
S0002,Br,CC(c1ccccc1)c1ccccc1,12,21909363
S0003,Br,CCCC,1,12236140
S0003,Br,CCCC,2,641261
S0003,Br,CCCC,3,98043088
S0003,Br,CCCC,4,12696456
S0003,Br,CCCC,5,154123667
S0003,Br,CCCC,6,23336944
S0003,Br,CCCC,7,91407354
S0003,Br,CCCC,8,18373679
S0003,Br,CCCC,9,173657846
S0003,Br,CCCC,10,18925840
S0004,Br,CCCCCCCCO,1,10035984
S0004,Br,CCCCCCCCO,2,141280816
S0004,Br,CCCCCCCCO,3,154332629
S0004,Br,CCCCCCCCO,4,129691080
S0004,Br,CCCCCCCCO,5,141280889
S0004,Br,CCCCCCCCO,6,141280827
S0004,Br,CCCCCCCCO,7,141280843
S0004,Br,CCCCCCCCO,8,141280884
S0004,Br,CCCCCCCCO,9,141280878
S0004,Br,CCCCCCCCO,10,141280833
S0004,Br,CCCCCCCCO,11,141280801
S0004,Br,CCCCCCCCO,12,141280869
S0004,Br,CCCCCCCCO,13,141280891
S0004,Br,CCCCCCCCO,14,21923722
S0004,Br,CCCCCCCCO,15,21923668
S0004,Br,CCCCCCCCO,16,87603801
S0004,Br,CCCCCCCCO,17,54523338
S0005,Br,CCCCCCCO,1,66284
S0005,Br,CCCCCCCO,2,141280811
S0005,Br,CCCCCCCO,3,118275854
S0005,Br,CCCCCCCO,4,141280834
S0005,Br,CCCCCCCO,5,141280812
S0005,Br,CCCCCCCO,6,141280851
S0005,Br,CCCCCCCO,7,141280892
S0005,Br,CCCCCCCO,8,141280881
S0005,Br,CCCCCCCO,9,141280831
S0005,Br,CCCCCCCO,10,141280839
S0005,Br,CCCCCCCO,11,141280849
S0005,Br,CCCCCCCO,12,141280866
S0006,Br,CCCCCCO,1,140357685
S0006,Br,CCCCCCO,2,18920913
S0006,Br,CCCCCCO,3,141280855
S0006,Br,CCCCCCO,4,141280858
S0006,Br,CCCCCCO,5,141280863
S0006,Br,CCCCCCO,6,141280853
S0006,Br,CCCCCCO,7,141280822
S0006,Br,CCCCCCO,8,141280904
S0006,Br,CCCCCCO,9,141280850
S0006,Br,CCCCCCO,10,21923831
S0006,Br,CCCCCCO,11,141280897
S0006,Br,CCCCCCO,12,87602748
S0006,Br,CCCCCCO,13,53745750
S0007,Br,CCOCC.c1ccc(-c2ccccc2)cc1,1,69416353
S0007,Br,CCOCC.c1ccc(-c2ccccc2)cc1,2,66673979
S0007,Br,CCOCC.c1ccc(-c2ccccc2)cc1,3,67541184
S0007,Br,CCOCC.c1ccc(-c2ccccc2)cc1,4,70453333
S0007,Br,CCOCC.c1ccc(-c2ccccc2)cc1,5,67541778
S0007,Br,CCOCC.c1ccc(-c2ccccc2)cc1,6,87434826
S0007,Br,CCOCC.c1ccc(-c2ccccc2)cc1,7,87438964
S0007,Br,CCOCC.c1ccc(-c2ccccc2)cc1,8,87195595
S0007,Br,CCOCC.c1ccc(-c2ccccc2)cc1,9,87438625
S0007,Br,CCOCC.c1ccc(-c2ccccc2)cc1,10,87224791
S0008,Br,COC(=O)c1ccccc1C(=O)OC,1,53438518
S0008,Br,COC(=O)c1ccccc1C(=O)OC,2,71669666
S0008,Br,COC(=O)c1ccccc1C(=O)OC,3,69872448
S0008,Br,COC(=O)c1ccccc1C(=O)OC,4,21389909
S0008,Br,COC(=O)c1ccccc1C(=O)OC,5,90810013
S0008,Br,COC(=O)c1ccccc1C(=O)OC,6,88028007
S0008,Br,COC(=O)c1ccccc1C(=O)OC,7,91045954
S0008,Br,COC(=O)c1ccccc1C(=O)OC,8,88028410
S0008,Br,COC(=O)c1ccccc1C(=O)OC,9,88028917
S0008,Br,COC(=O)c1ccccc1C(=O)OC,10,88028801
S0009,Br,c1ccc(-c2ccccc2)cc1,1,16449
S0009,Br,c1ccc(-c2ccccc2)cc1,2,153987
S0009,Br,c1ccc(-c2ccccc2)cc1,3,154390
S0009,Br,c1ccc(-c2ccccc2)cc1,4,591322
S0009,Br,c1ccc(-c2ccccc2)cc1,5,154298
S0009,Br,c1ccc(-c2ccccc2)cc1,6,85666268
S0009,Br,c1ccc(-c2ccccc2)cc1,7,155278
S0009,Br,c1ccc(-c2ccccc2)cc1,8,3032840
S0009,Br,c1ccc(-c2ccccc2)cc1,9,153897
S0009,Br,c1ccc(-c2ccccc2)cc1,10,26164
S0010,Br,c1ccc(CCc2ccccc2)cc1,1,52420382
S0010,Br,c1ccc(CCc2ccccc2)cc1,2,10969851
S0010,Br,c1ccc(CCc2ccccc2)cc1,3,125465424
S0010,Br,c1ccc(CCc2ccccc2)cc1,4,21141037
S0010,Br,c1ccc(CCc2ccccc2)cc1,5,102050958
S0010,Br,c1ccc(CCc2ccccc2)cc1,6,21584823
S0010,Br,c1ccc(CCc2ccccc2)cc1,7,10974646
S0010,Br,c1ccc(CCc2ccccc2)cc1,8,21584826
S0010,Br,c1ccc(CCc2ccccc2)cc1,9,11007458
S0010,Br,c1ccc(CCc2ccccc2)cc1,10,21909385
S0011,Br,c1ccc(Cc2ccccc2)cc1,1,597532
S0011,Br,c1ccc(Cc2ccccc2)cc1,2,258447
S0011,Br,c1ccc(Cc2ccccc2)cc1,3,258445
S0011,Br,c1ccc(Cc2ccccc2)cc1,4,175282268
S0011,Br,c1ccc(Cc2ccccc2)cc1,5,107980879
S0011,Br,c1ccc(Cc2ccccc2)cc1,6,87731654
S0011,Br,c1ccc(Cc2ccccc2)cc1,7,23496443
S0011,Br,c1ccc(Cc2ccccc2)cc1,8,21584827
S0011,Br,c1ccc(Cc2ccccc2)cc1,9,22186314
S0011,Br,c1ccc(Cc2ccccc2)cc1,10,15105963
S0011,Br,c1ccc(Cc2ccccc2)cc1,11,21909372
S0011,Br,c1ccc(Cc2ccccc2)cc1,12,23496439
S0012,Br,c1ccc(Oc2ccccc2)cc1,1,37483
S0012,Br,c1ccc(Oc2ccccc2)cc1,2,16305
S0012,Br,c1ccc(Oc2ccccc2)cc1,3,39506
S0012,Br,c1ccc(Oc2ccccc2)cc1,4,95170
S0012,Br,c1ccc(Oc2ccccc2)cc1,5,13828346
S0012,Br,c1ccc(Oc2ccccc2)cc1,6,21604829
S0012,Br,c1ccc(Oc2ccccc2)cc1,7,53485723
S0012,Br,c1ccc(Oc2ccccc2)cc1,8,6537506
S0012,Br,c1ccc(Oc2ccccc2)cc1,9,11018364
S0012,Br,c1ccc(Oc2ccccc2)cc1,10,14410
S0013,Cl,C.CC,1,160804940
S0013,Cl,C.CC,2,20092763
S0013,Cl,C.CC,3,21218021
S0013,Cl,C.CC,4,157896627
S0013,Cl,C.CC,5,19100534
S0013,Cl,C.CC,6,157832601
S0013,Cl,C.CC,7,21398734
S0013,Cl,C.CC,8,87770522
S0013,Cl,C.CC,9,174775338
S0013,Cl,C.CC,10,87168985
S0014,Cl,C1=CC2CCC1C2,1,138019
S0014,Cl,C1=CC2CCC1C2,2,107314
S0014,Cl,C1=CC2CCC1C2,3,129867135
S0014,Cl,C1=CC2CCC1C2,4,129655934
S0014,Cl,C1=CC2CCC1C2,5,129762233
S0014,Cl,C1=CC2CCC1C2,6,88790212
S0014,Cl,C1=CC2CCC1C2,7,53777141
S0014,Cl,C1=CC2CCC1C2,8,21677590
S0014,Cl,C1=CC2CCC1C2,9,21674301
S0014,Cl,C1=CC2CCC1C2,10,21720555
S0015,Cl,C1=CCCCC1,1,94659766
S0015,Cl,C1=CCCCC1,2,20523448
S0015,Cl,C1=CCCCC1,3,131093210
S0015,Cl,C1=CCCCC1,4,12914042
S0015,Cl,C1=CCCCC1,5,102322793
S0015,Cl,C1=CCCCC1,6,21116818
S0015,Cl,C1=CCCCC1,7,129724588
S0015,Cl,C1=CCCCC1,8,129641949
S0015,Cl,C1=CCCCC1,9,87170390
S0015,Cl,C1=CCCCC1,10,22011457
S0016,Cl,C1CCCC1,1,70252
S0016,Cl,C1CCCC1,2,139749
S0016,Cl,C1CCCC1,3,220163
S0016,Cl,C1CCCC1,4,43086
S0016,Cl,C1CCCC1,5,140984640
S0016,Cl,C1CCCC1,6,24180698
S0016,Cl,C1CCCC1,7,54076261
S0016,Cl,C1CCCC1,8,54241420
S0016,Cl,C1CCCC1,9,53871865
S0016,Cl,C1CCCC1,10,14619511
S0017,Cl,C1CCCCC1,1,10952
S0017,Cl,C1CCCCC1,2,519304
S0017,Cl,C1CCCCC1,3,12211416
S0017,Cl,C1CCCCC1,4,17821861
S0017,Cl,C1CCCCC1,5,590269
S0017,Cl,C1CCCCC1,6,727
S0017,Cl,C1CCCCC1,7,23183353
S0017,Cl,C1CCCCC1,8,54362241
S0017,Cl,C1CCCCC1,9,53824613
S0017,Cl,C1CCCCC1,10,54203962
S0017,Cl,C1CCCCC1,11,53697016
S0017,Cl,C1CCCCC1,12,13742955
S0018,Cl,C=CCCC,1,139176
S0018,Cl,C=CCCC,2,22151190
S0018,Cl,C=CCCC,3,520282
S0018,Cl,C=CCCC,4,56994205
S0018,Cl,C=CCCC,5,88446730
S0018,Cl,C=CCCC,6,54097734
S0018,Cl,C=CCCC,7,131860660
S0018,Cl,C=CCCC,8,22104954
S0018,Cl,C=CCCC,9,251050
S0018,Cl,C=CCCC,10,22011467
S0019,Cl,CC.CC,1,21506482
S0019,Cl,CC.CC,2,20449178
S0019,Cl,CC.CC,3,88837562
S0019,Cl,CC.CC,4,87695156
S0019,Cl,CC.CC,5,22041956
S0019,Cl,CC.CC,6,88366880
S0019,Cl,CC.CC,7,158297394
S0019,Cl,CC.CC,8,23424235
S0019,Cl,CC.CC,9,88847739
S0019,Cl,CC.CC,10,88630097
S0019,Cl,CC.CC,11,88757235
S0019,Cl,CC.CC,12,87157720
S0020,Cl,CC12CCC(CC1)C2(C)C,1,57127776
S0020,Cl,CC12CCC(CC1)C2(C)C,2,6451629
S0020,Cl,CC12CCC(CC1)C2(C)C,3,129641665
S0020,Cl,CC12CCC(CC1)C2(C)C,4,129641679
S0020,Cl,CC12CCC(CC1)C2(C)C,5,91241328
S0020,Cl,CC12CCC(CC1)C2(C)C,6,101056609
S0020,Cl,CC12CCC(CC1)C2(C)C,7,101037491
S0020,Cl,CC12CCC(CC1)C2(C)C,8,91751012
S0020,Cl,CC12CCC(CC1)C2(C)C,9,91751006
S0020,Cl,CC12CCC(CC1)C2(C)C,10,101103520
S0021,Cl,CCCC,1,6563
S0021,Cl,CCCC,2,24884308
S0021,Cl,CCCC,3,114483
S0021,Cl,CCCC,4,114482
S0021,Cl,CCCC,5,101713842
S0021,Cl,CCCC,6,15153140
S0021,Cl,CCCC,7,37024
S0021,Cl,CCCC,8,85728746
S0021,Cl,CCCC,9,30656
S0021,Cl,CCCC,10,638091
S0022,Cl,CCCCC,1,24884244
S0022,Cl,CCCCC,2,141934
S0022,Cl,CCCCC,3,54392332
S0022,Cl,CCCCC,4,12518324
S0022,Cl,CCCCC,5,129813699
S0022,Cl,CCCCC,6,154316015
S0022,Cl,CCCCC,7,20334709
S0022,Cl,CCCCC,8,21946200
S0022,Cl,CCCCC,9,154402767
S0022,Cl,CCCCC,10,129729536
S0022,Cl,CCCCC,11,154129173
S0022,Cl,CCCCC,12,14664678
S0023,Cl,CCCCCC,1,86308648
S0023,Cl,CCCCCC,2,143356
S0023,Cl,CCCCCC,3,87330496
S0023,Cl,CCCCCC,4,154735134
S0023,Cl,CCCCCC,5,11086439
S0023,Cl,CCCCCC,6,19937650
S0023,Cl,CCCCCC,7,53880280
S0023,Cl,CCCCCC,8,18678830
S0023,Cl,CCCCCC,9,19861660
S0023,Cl,CCCCCC,10,119097624
S0023,Cl,CCCCCC,11,53971307
S0023,Cl,CCCCCC,12,123903290
S0023,Cl,CCCCCC,13,53995263
S0023,Cl,CCCCCC,14,55063
S0024,Cl,CCCCCCC,1,86308655
S0024,Cl,CCCCCCC,2,21572614
S0024,Cl,CCCCCCC,3,13074962
S0024,Cl,CCCCCCC,4,13074964
S0024,Cl,CCCCCCC,5,90250206
S0024,Cl,CCCCCCC,6,57173361
S0024,Cl,CCCCCCC,7,22465495
S0024,Cl,CCCCCCC,8,23269007
S0024,Cl,CCCCCCC,9,154116630
S0024,Cl,CCCCCCC,10,10895551
S0024,Cl,CCCCCCC,11,149625373
S0024,Cl,CCCCCCC,12,53873322
S0025,Cl,CCCCCCCCCC,1,525055
S0025,Cl,CCCCCCCCCC,2,19994009
S0025,Cl,CCCCCCCCCC,3,12716475
S0025,Cl,CCCCCCCCCC,4,89873425
S0025,Cl,CCCCCCCCCC,5,129824122
S0025,Cl,CCCCCCCCCC,6,22833489
S0025,Cl,CCCCCCCCCC,7,129824124
S0025,Cl,CCCCCCCCCC,8,129824117
S0025,Cl,CCCCCCCCCC,9,129824119
S0025,Cl,CCCCCCCCCC,10,85773456
S0025,Cl,CCCCCCCCCC,11,154279938
S0026,Cl,CCCCCCCCCCC,1,53798567
S0026,Cl,CCCCCCCCCCC,2,85713381
S0026,Cl,CCCCCCCCCCC,3,57302740
S0026,Cl,CCCCCCCCCCC,4,98060820
S0026,Cl,CCCCCCCCCCC,5,44154395
S0026,Cl,CCCCCCCCCCC,6,92177966
S0026,Cl,CCCCCCCCCCC,7,170849896
S0026,Cl,CCCCCCCCCCC,8,129359891
S0026,Cl,CCCCCCCCCCC,9,132541096
S0026,Cl,CCCCCCCCCCC,10,85773457
S0027,Cl,CCCCCCCO,1,13602064
S0027,Cl,CCCCCCCO,2,19097834
S0027,Cl,CCCCCCCO,3,88152958
S0027,Cl,CCCCCCCO,4,141280809
S0027,Cl,CCCCCCCO,5,141280859
S0027,Cl,CCCCCCCO,6,141280840
S0027,Cl,CCCCCCCO,7,141280868
S0027,Cl,CCCCCCCO,8,141280896
S0027,Cl,CCCCCCCO,9,141280893
S0027,Cl,CCCCCCCO,10,141280877
S0027,Cl,CCCCCCCO,11,141280802
S0027,Cl,CCCCCCCO,12,141280842
S0028,Cl,CCCCCCO,1,21567848
S0028,Cl,CCCCCCO,2,86287480
S0028,Cl,CCCCCCO,3,20492603
S0028,Cl,CCCCCCO,4,15437340
S0028,Cl,CCCCCCO,5,141280894
S0028,Cl,CCCCCCO,6,141742453
S0028,Cl,CCCCCCO,7,141280800
S0028,Cl,CCCCCCO,8,141280796
S0028,Cl,CCCCCCO,9,141280819
S0028,Cl,CCCCCCO,10,21923623
S0028,Cl,CCCCCCO,11,141280846
S0028,Cl,CCCCCCO,12,87603621
S0028,Cl,CCCCCCO,13,54073964
S0029,Cl,CCOCC,1,92170495
S0029,Cl,CCOCC,2,13572196
S0029,Cl,CCOCC,3,164718
S0029,Cl,CCOCC,4,129986210
S0029,Cl,CCOCC,5,59653290
S0029,Cl,CCOCC,6,59509888
S0029,Cl,CCOCC,7,141565625
S0029,Cl,CCOCC,8,260911
S0029,Cl,CCOCC,9,3410063
S0029,Cl,CCOCC,10,292095
S0030,Cl,Cc1cc(C)cc(C)c1,1,137700
S0030,Cl,Cc1cc(C)cc(C)c1,2,524312
S0030,Cl,Cc1cc(C)cc(C)c1,3,524335
S0030,Cl,Cc1cc(C)cc(C)c1,4,98117504
S0030,Cl,Cc1cc(C)cc(C)c1,5,287017
S0030,Cl,Cc1cc(C)cc(C)c1,6,41964
S0030,Cl,Cc1cc(C)cc(C)c1,7,23269131
S0030,Cl,Cc1cc(C)cc(C)c1,8,23269130
S0030,Cl,Cc1cc(C)cc(C)c1,9,15145964
S0030,Cl,Cc1cc(C)cc(C)c1,10,85888890
S0030,Cl,Cc1cc(C)cc(C)c1,11,54289447
S0030,Cl,Cc1cc(C)cc(C)c1,12,85801687
S0031,Cl,Cc1cccc(C)c1,1,523153
S0031,Cl,Cc1cccc(C)c1,2,524342
S0031,Cl,Cc1cccc(C)c1,3,20543440
S0031,Cl,Cc1cccc(C)c1,4,154096703
S0031,Cl,Cc1cccc(C)c1,5,101286855
S0031,Cl,Cc1cccc(C)c1,6,57002035
S0031,Cl,Cc1cccc(C)c1,7,12341807
S0031,Cl,Cc1cccc(C)c1,8,12341816
S0031,Cl,Cc1cccc(C)c1,9,20363901
S0031,Cl,Cc1cccc(C)c1,10,14786582
S0032,Cl,Cc1ccccc1C,1,11093
S0032,Cl,Cc1ccccc1C,2,185652
S0032,Cl,Cc1ccccc1C,3,76854
S0032,Cl,Cc1ccccc1C,4,102267498
S0032,Cl,Cc1ccccc1C,5,101286838
S0032,Cl,Cc1ccccc1C,6,14251434
S0032,Cl,Cc1ccccc1C,7,102267490
S0032,Cl,Cc1ccccc1C,8,21252146
S0032,Cl,Cc1ccccc1C,9,172680427
S0032,Cl,Cc1ccccc1C,10,21447728
S0033,Cl,Nc1cccc(Oc2cccc(Oc3cccc(N)c3)c2)c1,1,139791121
S0033,Cl,Nc1cccc(Oc2cccc(Oc3cccc(N)c3)c2)c1,2,139791112
S0033,Cl,Nc1cccc(Oc2cccc(Oc3cccc(N)c3)c2)c1,3,139791069
S0033,Cl,Nc1cccc(Oc2cccc(Oc3cccc(N)c3)c2)c1,4,139791087
S0033,Cl,Nc1cccc(Oc2cccc(Oc3cccc(N)c3)c2)c1,5,139791108
S0033,Cl,Nc1cccc(Oc2cccc(Oc3cccc(N)c3)c2)c1,6,139791065
S0033,Cl,Nc1cccc(Oc2cccc(Oc3cccc(N)c3)c2)c1,7,139791099
S0033,Cl,Nc1cccc(Oc2cccc(Oc3cccc(N)c3)c2)c1,8,139791088
S0033,Cl,Nc1cccc(Oc2cccc(Oc3cccc(N)c3)c2)c1,9,139791045
S0033,Cl,Nc1cccc(Oc2cccc(Oc3cccc(N)c3)c2)c1,10,139791079
S0033,Cl,Nc1cccc(Oc2cccc(Oc3cccc(N)c3)c2)c1,11,139791057
S0034,Cl,Oc1ccccc1.Oc1ccccc1,1,18778934
S0034,Cl,Oc1ccccc1.Oc1ccccc1,2,159923671
S0034,Cl,Oc1ccccc1.Oc1ccccc1,3,67914932
S0034,Cl,Oc1ccccc1.Oc1ccccc1,4,132089595
S0034,Cl,Oc1ccccc1.Oc1ccccc1,5,158916432
S0034,Cl,Oc1ccccc1.Oc1ccccc1,6,118114105
S0034,Cl,Oc1ccccc1.Oc1ccccc1,7,175170154
S0034,Cl,Oc1ccccc1.Oc1ccccc1,8,161013295
S0034,Cl,Oc1ccccc1.Oc1ccccc1,9,20570579
S0034,Cl,Oc1ccccc1.Oc1ccccc1,10,87813717
S0035,Cl,[13cH]1[13cH][13cH][13c](-[13c]2[13cH][13cH][13cH][13cH][13cH]2)[13cH][13cH]1,1,76973336
S0035,Cl,[13cH]1[13cH][13cH][13c](-[13c]2[13cH][13cH][13cH][13cH][13cH]2)[13cH][13cH]1,2,132608290
S0035,Cl,[13cH]1[13cH][13cH][13c](-[13c]2[13cH][13cH][13cH][13cH][13cH]2)[13cH][13cH]1,3,101222312
S0035,Cl,[13cH]1[13cH][13cH][13c](-[13c]2[13cH][13cH][13cH][13cH][13cH]2)[13cH][13cH]1,4,12406177
S0035,Cl,[13cH]1[13cH][13cH][13c](-[13c]2[13cH][13cH][13cH][13cH][13cH]2)[13cH][13cH]1,5,12503868
S0035,Cl,[13cH]1[13cH][13cH][13c](-[13c]2[13cH][13cH][13cH][13cH][13cH]2)[13cH][13cH]1,6,172638680
S0035,Cl,[13cH]1[13cH][13cH][13c](-[13c]2[13cH][13cH][13cH][13cH][13cH]2)[13cH][13cH]1,7,171371358
S0035,Cl,[13cH]1[13cH][13cH][13c](-[13c]2[13cH][13cH][13cH][13cH][13cH]2)[13cH][13cH]1,8,13628980
S0035,Cl,[13cH]1[13cH][13cH][13c](-[13c]2[13cH][13cH][13cH][13cH][13cH]2)[13cH][13cH]1,9,172638679
S0035,Cl,[13cH]1[13cH][13cH][13c](-[13c]2[13cH][13cH][13cH][13cH][13cH]2)[13cH][13cH]1,10,12334446
S0036,Cl,c1cc2ccc3cccc4ccc(c1)c2c34,1,36730
S0036,Cl,c1cc2ccc3cccc4ccc(c1)c2c34,2,128946
S0036,Cl,c1cc2ccc3cccc4ccc(c1)c2c34,3,85873591
S0036,Cl,c1cc2ccc3cccc4ccc(c1)c2c34,4,20495030
S0036,Cl,c1cc2ccc3cccc4ccc(c1)c2c34,5,19835659
S0036,Cl,c1cc2ccc3cccc4ccc(c1)c2c34,6,5011423
S0036,Cl,c1cc2ccc3cccc4ccc(c1)c2c34,7,85873672
S0036,Cl,c1cc2ccc3cccc4ccc(c1)c2c34,8,85873503
S0036,Cl,c1cc2ccc3cccc4ccc(c1)c2c34,9,85873552
S0036,Cl,c1cc2ccc3cccc4ccc(c1)c2c34,10,15894973
S0037,Cl,c1ccc(-c2ccccc2)cc1,1,16322
S0037,Cl,c1ccc(-c2ccccc2)cc1,2,36980
S0037,Cl,c1ccc(-c2ccccc2)cc1,3,37247
S0037,Cl,c1ccc(-c2ccccc2)cc1,4,63104
S0037,Cl,c1ccc(-c2ccccc2)cc1,5,50099
S0037,Cl,c1ccc(-c2ccccc2)cc1,6,40471
S0037,Cl,c1ccc(-c2ccccc2)cc1,7,91723
S0037,Cl,c1ccc(-c2ccccc2)cc1,8,36327
S0037,Cl,c1ccc(-c2ccccc2)cc1,9,40484
S0037,Cl,c1ccc(-c2ccccc2)cc1,10,16318
S0038,Cl,c1ccc(-c2ccccc2)cc1.c1ccc(-c2ccccc2)cc1,1,160085907
S0038,Cl,c1ccc(-c2ccccc2)cc1.c1ccc(-c2ccccc2)cc1,2,18619102
S0038,Cl,c1ccc(-c2ccccc2)cc1.c1ccc(-c2ccccc2)cc1,3,70134960
S0038,Cl,c1ccc(-c2ccccc2)cc1.c1ccc(-c2ccccc2)cc1,4,157463377
S0038,Cl,c1ccc(-c2ccccc2)cc1.c1ccc(-c2ccccc2)cc1,5,67652194
S0038,Cl,c1ccc(-c2ccccc2)cc1.c1ccc(-c2ccccc2)cc1,6,161808695
S0038,Cl,c1ccc(-c2ccccc2)cc1.c1ccc(-c2ccccc2)cc1,7,23424159
S0038,Cl,c1ccc(-c2ccccc2)cc1.c1ccc(-c2ccccc2)cc1,8,159276361
S0038,Cl,c1ccc(-c2ccccc2)cc1.c1ccc(-c2ccccc2)cc1,9,23424158
S0038,Cl,c1ccc(-c2ccccc2)cc1.c1ccc(-c2ccccc2)cc1,10,88066439
S0039,Cl,c1ccc(-c2ccccc2-c2ccccc2)cc1,1,179581
S0039,Cl,c1ccc(-c2ccccc2-c2ccccc2)cc1,2,67124931
S0039,Cl,c1ccc(-c2ccccc2-c2ccccc2)cc1,3,91331181
S0039,Cl,c1ccc(-c2ccccc2-c2ccccc2)cc1,4,85848605
S0039,Cl,c1ccc(-c2ccccc2-c2ccccc2)cc1,5,86237644
S0039,Cl,c1ccc(-c2ccccc2-c2ccccc2)cc1,6,178780
S0039,Cl,c1ccc(-c2ccccc2-c2ccccc2)cc1,7,178781
S0039,Cl,c1ccc(-c2ccccc2-c2ccccc2)cc1,8,10097692
S0039,Cl,c1ccc(-c2ccccc2-c2ccccc2)cc1,9,56842554
S0039,Cl,c1ccc(-c2ccccc2-c2ccccc2)cc1,10,188412
S0039,Cl,c1ccc(-c2ccccc2-c2ccccc2)cc1,11,181738
S0040,Cl,c1ccc(Oc2ccccc2)cc1,1,75900
S0040,Cl,c1ccc(Oc2ccccc2)cc1,2,13644001
S0040,Cl,c1ccc(Oc2ccccc2)cc1,3,92379
S0040,Cl,c1ccc(Oc2ccccc2)cc1,4,93345
S0040,Cl,c1ccc(Oc2ccccc2)cc1,5,14923282
S0040,Cl,c1ccc(Oc2ccccc2)cc1,6,189459
S0040,Cl,c1ccc(Oc2ccccc2)cc1,7,72941661
S0040,Cl,c1ccc(Oc2ccccc2)cc1,8,72941908
S0040,Cl,c1ccc(Oc2ccccc2)cc1,9,177866
S0040,Cl,c1ccc(Oc2ccccc2)cc1,10,35876
S0041,Cl,c1ccc(SSc2ccccc2)cc1,1,164579368
S0041,Cl,c1ccc(SSc2ccccc2)cc1,2,233482
S0041,Cl,c1ccc(SSc2ccccc2)cc1,3,134880246
S0041,Cl,c1ccc(SSc2ccccc2)cc1,4,2735516
S0041,Cl,c1ccc(SSc2ccccc2)cc1,5,140468437
S0041,Cl,c1ccc(SSc2ccccc2)cc1,6,57292826
S0041,Cl,c1ccc(SSc2ccccc2)cc1,7,87271255
S0041,Cl,c1ccc(SSc2ccccc2)cc1,8,13558569
S0041,Cl,c1ccc(SSc2ccccc2)cc1,9,87271155
S0041,Cl,c1ccc(SSc2ccccc2)cc1,10,89716
S0042,Cl,c1ccc2c(c1)Cc1ccccc1-2,1,17300
S0042,Cl,c1ccc2c(c1)Cc1ccccc1-2,2,101371792
S0042,Cl,c1ccc2c(c1)Cc1ccccc1-2,3,131857991
S0042,Cl,c1ccc2c(c1)Cc1ccccc1-2,4,283698
S0042,Cl,c1ccc2c(c1)Cc1ccccc1-2,5,140007234
S0042,Cl,c1ccc2c(c1)Cc1ccccc1-2,6,71337191
S0042,Cl,c1ccc2c(c1)Cc1ccccc1-2,7,89394686
S0042,Cl,c1ccc2c(c1)Cc1ccccc1-2,8,13449431
S0042,Cl,c1ccc2c(c1)Cc1ccccc1-2,9,13449433
S0042,Cl,c1ccc2c(c1)Cc1ccccc1-2,10,12857333
S0043,Cl,c1ccc2c(c1)ccc1ccccc12,1,3013936
S0043,Cl,c1ccc2c(c1)ccc1ccccc12,2,42954
S0043,Cl,c1ccc2c(c1)ccc1ccccc12,3,123201688
S0043,Cl,c1ccc2c(c1)ccc1ccccc12,4,87763294
S0043,Cl,c1ccc2c(c1)ccc1ccccc12,5,85669458
S0043,Cl,c1ccc2c(c1)ccc1ccccc12,6,86126859
S0043,Cl,c1ccc2c(c1)ccc1ccccc12,7,85746737
S0043,Cl,c1ccc2c(c1)ccc1ccccc12,8,123878377
S0043,Cl,c1ccc2c(c1)ccc1ccccc12,9,91804173
S0043,Cl,c1ccc2c(c1)ccc1ccccc12,10,605342
S0044,Cl,c1ccc2cc3ccccc3cc2c1,1,28308
S0044,Cl,c1ccc2cc3ccccc3cc2c1,2,85836610
S0044,Cl,c1ccc2cc3ccccc3cc2c1,3,150657864
S0044,Cl,c1ccc2cc3ccccc3cc2c1,4,4060430
S0044,Cl,c1ccc2cc3ccccc3cc2c1,5,12445091
S0044,Cl,c1ccc2cc3ccccc3cc2c1,6,132566634
S0044,Cl,c1ccc2cc3ccccc3cc2c1,7,129639775
S0044,Cl,c1ccc2cc3ccccc3cc2c1,8,123444657
S0044,Cl,c1ccc2cc3ccccc3cc2c1,9,140007232
S0044,Cl,c1ccc2cc3ccccc3cc2c1,10,12857327
S0045,Cl,c1ccccc1.c1ccccc1,1,19074068
S0045,Cl,c1ccccc1.c1ccccc1,2,19830720
S0045,Cl,c1ccccc1.c1ccccc1,3,159516919
S0045,Cl,c1ccccc1.c1ccccc1,4,141732253
S0045,Cl,c1ccccc1.c1ccccc1,5,161216251
S0045,Cl,c1ccccc1.c1ccccc1,6,158546361
S0045,Cl,c1ccccc1.c1ccccc1,7,157148735
S0045,Cl,c1ccccc1.c1ccccc1,8,88258417
S0045,Cl,c1ccccc1.c1ccccc1,9,159833679
S0045,Cl,c1ccccc1.c1ccccc1,10,20337133
S0046,F,C.CC,1,159646239
S0046,F,C.CC,2,174975505
S0046,F,C.CC,3,162541709
S0046,F,C.CC,4,87640803
S0046,F,C.CC,5,87259145
S0046,F,C.CC,6,159910281
S0046,F,C.CC,7,21183374
S0046,F,C.CC,8,158146962
S0046,F,C.CC,9,23194510
S0046,F,C.CC,10,18680273
S0047,F,C.CCCC,1,91160029
S0047,F,C.CCCC,2,54093638
S0047,F,C.CCCC,3,162137421
S0047,F,C.CCCC,4,157150108
S0047,F,C.CCCC,5,91222001
S0047,F,C.CCCC,6,155141743
S0047,F,C.CCCC,7,158277857
S0047,F,C.CCCC,8,153354631
S0047,F,C.CCCC,9,174946489
S0047,F,C.CCCC,10,159876124
S0048,F,C/C=C/C(C)C,1,12756892
S0048,F,C/C=C/C(C)C,2,88242599
S0048,F,C/C=C/C(C)C,3,89953763
S0048,F,C/C=C/C(C)C,4,23384620
S0048,F,C/C=C/C(C)C,5,88242583
S0048,F,C/C=C/C(C)C,6,163535527
S0048,F,C/C=C/C(C)C,7,141617273
S0048,F,C/C=C/C(C)C,8,91692342
S0048,F,C/C=C/C(C)C,9,88552259
S0048,F,C/C=C/C(C)C,10,57455069
S0048,F,C/C=C/C(C)C,11,23266234
S0048,F,C/C=C/C(C)C,12,2776241
S0049,F,C/C=C/CC,1,22648444
S0049,F,C/C=C/CC,2,13356676
S0049,F,C/C=C/CC,3,12578253
S0049,F,C/C=C/CC,4,135128636
S0049,F,C/C=C/CC,5,18185667
S0049,F,C/C=C/CC,6,87758022
S0049,F,C/C=C/CC,7,87377506
S0049,F,C/C=C/CC,8,87372207
S0049,F,C/C=C/CC,9,12951075
S0049,F,C/C=C/CC,10,2736749
S0050,F,C/C=C\CC,1,142083764
S0050,F,C/C=C\CC,2,126636725
S0050,F,C/C=C\CC,3,89146613
S0050,F,C/C=C\CC,4,126692073
S0050,F,C/C=C\CC,5,141820315
S0050,F,C/C=C\CC,6,102349860
S0050,F,C/C=C\CC,7,21468193
S0050,F,C/C=C\CC,8,87510985
S0050,F,C/C=C\CC,9,87372288
S0050,F,C/C=C\CC,10,12534876
S0051,F,C1=CC(c2ccccc2)c2ccccc21,1,87644093
S0051,F,C1=CC(c2ccccc2)c2ccccc21,2,153532929
S0051,F,C1=CC(c2ccccc2)c2ccccc21,3,174433075
S0051,F,C1=CC(c2ccccc2)c2ccccc21,4,21095797
S0051,F,C1=CC(c2ccccc2)c2ccccc21,5,91325691
S0051,F,C1=CC(c2ccccc2)c2ccccc21,6,90708538
S0051,F,C1=CC(c2ccccc2)c2ccccc21,7,91461671
S0051,F,C1=CC(c2ccccc2)c2ccccc21,8,87970001
S0051,F,C1=CC(c2ccccc2)c2ccccc21,9,173206122
S0051,F,C1=CC(c2ccccc2)c2ccccc21,10,173206194
S0052,F,C1=CCCCC1,1,13406511
S0052,F,C1=CCCCC1,2,54399713
S0052,F,C1=CCCCC1,3,551658
S0052,F,C1=CCCCC1,4,129815597
S0052,F,C1=CCCCC1,5,173636297
S0052,F,C1=CCCCC1,6,150827433
S0052,F,C1=CCCCC1,7,87084406
S0052,F,C1=CCCCC1,8,87447762
S0052,F,C1=CCCCC1,9,534168
S0052,F,C1=CCCCC1,10,67738
S0053,F,C1CCCC1,1,137022
S0053,F,C1CCCC1,2,13758519
S0053,F,C1CCCC1,3,23227885
S0053,F,C1CCCC1,4,54342770
S0053,F,C1CCCC1,5,45090707
S0053,F,C1CCCC1,6,53869006
S0053,F,C1CCCC1,7,22046067
S0053,F,C1CCCC1,8,13026322
S0053,F,C1CCCC1,9,583022
S0053,F,C1CCCC1,10,67828
S0054,F,C1CCCCC1,1,78988
S0054,F,C1CCCCC1,2,164586
S0054,F,C1CCCCC1,3,67046212
S0054,F,C1CCCCC1,4,23234324
S0054,F,C1CCCCC1,5,58114516
S0054,F,C1CCCCC1,6,10607750
S0054,F,C1CCCCC1,7,166036473
S0054,F,C1CCCCC1,8,22495200
S0054,F,C1CCCCC1,9,22457047
S0054,F,C1CCCCC1,10,12916672
S0054,F,C1CCCCC1,11,67552
S0054,F,C1CCCCC1,12,9640
S0055,F,C=C(C)C(=O)OC(C)CC(C)(C)O,3,57528146
S0055,F,C=C(C)C(=O)OC(C)CC(C)(C)O,4,90253085
S0055,F,C=C(C)C(=O)OC(C)CC(C)(C)O,5,89254634
S0055,F,C=C(C)C(=O)OC(C)CC(C)(C)O,6,16050138
S0055,F,C=C(C)C(=O)OC(C)CC(C)(C)O,7,57824180
S0055,F,C=C(C)C(=O)OC(C)CC(C)(C)O,8,58995469
S0055,F,C=C(C)C(=O)OC(C)CC(C)(C)O,9,89261002
S0055,F,C=C(C)C(=O)OC(C)CC(C)(C)O,10,11199384
S0055,F,C=C(C)C(=O)OC(C)CC(C)(C)O,11,59021286
S0055,F,C=C(C)C(=O)OC(C)CC(C)(C)O,12,89260848
S0055,F,C=C(C)C(=O)OC(C)CC(C)(C)O,13,59169350
S0055,F,C=C(C)C(=O)OC(C)CC(C)(C)O,14,58789602
S0056,F,C=C(C)C(=O)OCCCC,1,175401911
S0056,F,C=C(C)C(=O)OCCCC,2,174510736
S0056,F,C=C(C)C(=O)OCCCC,3,53668751
S0056,F,C=C(C)C(=O)OCCCC,4,87071251
S0056,F,C=C(C)C(=O)OCCCC,5,20089659
S0056,F,C=C(C)C(=O)OCCCC,6,549772
S0056,F,C=C(C)C(=O)OCCCC,7,53402002
S0056,F,C=C(C)C(=O)OCCCC,8,18739188
S0056,F,C=C(C)C(=O)OCCCC,9,140010503
S0056,F,C=C(C)C(=O)OCCCC,10,20234451
S0057,F,C=C(C)C(=O)OCCCCC,1,174824998
S0057,F,C=C(C)C(=O)OCCCCC,2,89357596
S0057,F,C=C(C)C(=O)OCCCCC,3,19009485
S0057,F,C=C(C)C(=O)OCCCCC,4,88981246
S0057,F,C=C(C)C(=O)OCCCCC,5,141337479
S0057,F,C=C(C)C(=O)OCCCCC,6,86073138
S0057,F,C=C(C)C(=O)OCCCCC,7,90250878
S0057,F,C=C(C)C(=O)OCCCCC,8,71374004
S0057,F,C=C(C)C(=O)OCCCCC,9,57793557
S0057,F,C=C(C)C(=O)OCCCCC,10,57793577
S0057,F,C=C(C)C(=O)OCCCCC,11,58881439
S0057,F,C=C(C)C(=O)OCCCCC,12,89159870
S0058,F,C=C(C)C(=O)OCCCCCC,1,141337476
S0058,F,C=C(C)C(=O)OCCCCCC,2,175325224
S0058,F,C=C(C)C(=O)OCCCCCC,3,53684226
S0058,F,C=C(C)C(=O)OCCCCCC,4,58568359
S0058,F,C=C(C)C(=O)OCCCCCC,5,90250873
S0058,F,C=C(C)C(=O)OCCCCCC,6,53813887
S0058,F,C=C(C)C(=O)OCCCCCC,7,126550130
S0058,F,C=C(C)C(=O)OCCCCCC,8,89401032
S0058,F,C=C(C)C(=O)OCCCCCC,9,87974435
S0058,F,C=C(C)C(=O)OCCCCCC,10,87235104
S0058,F,C=C(C)C(=O)OCCCCCC,11,175223295
S0058,F,C=C(C)C(=O)OCCCCCC,12,14473839
S0058,F,C=C(C)C(=O)OCCCCCC,13,23504370
S0059,F,C=C(C)C(=O)OCCCCCCC,1,142642575
S0059,F,C=C(C)C(=O)OCCCCCCC,2,89332577
S0059,F,C=C(C)C(=O)OCCCCCCC,3,57695938
S0059,F,C=C(C)C(=O)OCCCCCCC,4,58568318
S0059,F,C=C(C)C(=O)OCCCCCCC,5,141201689
S0059,F,C=C(C)C(=O)OCCCCCCC,6,174639375
S0059,F,C=C(C)C(=O)OCCCCCCC,7,141710085
S0059,F,C=C(C)C(=O)OCCCCCCC,8,163210382
S0059,F,C=C(C)C(=O)OCCCCCCC,9,140052759
S0059,F,C=C(C)C(=O)OCCCCCCC,10,87858989
S0059,F,C=C(C)C(=O)OCCCCCCC,11,14671040
S0059,F,C=C(C)C(=O)OCCCCCCC,12,71374003
S0059,F,C=C(C)C(=O)OCCCCCCC,13,85619653
S0059,F,C=C(C)C(=O)OCCCCCCC,14,89726786
S0059,F,C=C(C)C(=O)OCCCCCCC,15,22292514
S0059,F,C=C(C)C(=O)OCCCCCCC,16,87786280
S0060,F,C=C(C)C(=O)OCCCCCCCC,1,87107649
S0060,F,C=C(C)C(=O)OCCCCCCCC,2,175876459
S0060,F,C=C(C)C(=O)OCCCCCCCC,3,57695924
S0060,F,C=C(C)C(=O)OCCCCCCCC,4,156767625
S0060,F,C=C(C)C(=O)OCCCCCCCC,5,88443532
S0060,F,C=C(C)C(=O)OCCCCCCCC,6,139810239
S0060,F,C=C(C)C(=O)OCCCCCCCC,7,153813683
S0060,F,C=C(C)C(=O)OCCCCCCCC,8,118433395
S0060,F,C=C(C)C(=O)OCCCCCCCC,9,132100460
S0060,F,C=C(C)C(=O)OCCCCCCCC,10,88375415
S0060,F,C=C(C)C(=O)OCCCCCCCC,11,176302486
S0060,F,C=C(C)C(=O)OCCCCCCCC,12,19840683
S0060,F,C=C(C)C(=O)OCCCCCCCC,13,87274484
S0060,F,C=C(C)C(=O)OCCCCCCCC,14,175113724
S0060,F,C=C(C)C(=O)OCCCCCCCC,15,53432326
S0060,F,C=C(C)C(=O)OCCCCCCCC,16,22719158
S0060,F,C=C(C)C(=O)OCCCCCCCC,17,10118019
S0060,F,C=C(C)C(=O)OCCCCCCCC,18,20234452
S0061,F,C=C(C)C(=O)OCCCCCCCCC,11,90250874
S0061,F,C=C(C)C(=O)OCCCCCCCCC,12,170242265
S0061,F,C=C(C)C(=O)OCCCCCCCCC,13,19098704
S0061,F,C=C(C)C(=O)OCCCCCCCCC,14,18739204
S0061,F,C=C(C)C(=O)OCCCCCCCCC,15,141273039
S0061,F,C=C(C)C(=O)OCCCCCCCCC,16,22137181
S0061,F,C=C(C)C(=O)OCCCCCCCCC,17,71343372
S0061,F,C=C(C)C(=O)OCCCCCCCCC,18,23199990
S0061,F,C=C(C)C(=O)OCCCCCCCCC,19,54005473
S0061,F,C=C(C)C(=O)OCCCCCCCCC,20,89159937
S0062,F,C=C(C)C(=O)OCCCCCCCCCCCC,16,168875433
S0062,F,C=C(C)C(=O)OCCCCCCCCCCCC,17,122657838
S0062,F,C=C(C)C(=O)OCCCCCCCCCCCC,18,168875430
S0062,F,C=C(C)C(=O)OCCCCCCCCCCCC,19,101508071
S0062,F,C=C(C)C(=O)OCCCCCCCCCCCC,20,54556839
S0062,F,C=C(C)C(=O)OCCCCCCCCCCCC,21,117901298
S0062,F,C=C(C)C(=O)OCCCCCCCCCCCC,22,139936608
S0062,F,C=C(C)C(=O)OCCCCCCCCCCCC,23,87257089
S0062,F,C=C(C)C(=O)OCCCCCCCCCCCC,24,89724217
S0062,F,C=C(C)C(=O)OCCCCCCCCCCCC,25,23504369
S0063,F,C=C(C)CC,1,54170761
S0063,F,C=C(C)CC,2,14092773
S0063,F,C=C(C)CC,3,123315598
S0063,F,C=C(C)CC,4,53424849
S0063,F,C=C(C)CC,5,19091140
S0063,F,C=C(C)CC,6,19781226
S0063,F,C=C(C)CC,7,21459249
S0063,F,C=C(C)CC,8,88374818
S0063,F,C=C(C)CC,9,17761201
S0063,F,C=C(C)CC,10,12576087
S0064,F,C=C(C)CCC,1,54284813
S0064,F,C=C(C)CCC,2,53861601
S0064,F,C=C(C)CCC,3,54350235
S0064,F,C=C(C)CCC,4,174536133
S0064,F,C=C(C)CCC,5,89099999
S0064,F,C=C(C)CCC,6,54386133
S0064,F,C=C(C)CCC,7,87388388
S0064,F,C=C(C)CCC,8,20802293
S0064,F,C=C(C)CCC,9,19424809
S0064,F,C=C(C)CCC,10,11311586
S0064,F,C=C(C)CCC,11,91088800
S0064,F,C=C(C)CCC,12,12576088
S0065,F,C=C(CCCCC)C(=O)O,1,169743961
S0065,F,C=C(CCCCC)C(=O)O,2,10845039
S0065,F,C=C(CCCCC)C(=O)O,3,54199083
S0065,F,C=C(CCCCC)C(=O)O,4,21917646
S0065,F,C=C(CCCCC)C(=O)O,5,21880486
S0065,F,C=C(CCCCC)C(=O)O,6,22171752
S0065,F,C=C(CCCCC)C(=O)O,7,21915924
S0065,F,C=C(CCCCC)C(=O)O,8,17943236
S0065,F,C=C(CCCCC)C(=O)O,9,146265345
S0065,F,C=C(CCCCC)C(=O)O,10,91151294
S0065,F,C=C(CCCCC)C(=O)O,11,53374906
S0066,F,C=C(CCCCCCC)C(=O)O,8,87843907
S0066,F,C=C(CCCCCCC)C(=O)O,9,23067808
S0066,F,C=C(CCCCCCC)C(=O)O,10,87850015
S0066,F,C=C(CCCCCCC)C(=O)O,11,18702703
S0066,F,C=C(CCCCCCC)C(=O)O,12,87753746
S0066,F,C=C(CCCCCCC)C(=O)O,13,90790189
S0066,F,C=C(CCCCCCC)C(=O)O,14,88732122
S0066,F,C=C(CCCCCCC)C(=O)O,15,140204230
S0066,F,C=C(CCCCCCC)C(=O)O,16,91336316
S0066,F,C=C(CCCCCCC)C(=O)O,17,88087073
S0067,F,C=C.C=C.C=C,1,160623361
S0067,F,C=C.C=C.C=C,2,160400640
S0067,F,C=C.C=C.C=C,3,158942526
S0067,F,C=C.C=C.C=C,4,155209008
S0067,F,C=C.C=C.C=C,5,90829687
S0067,F,C=C.C=C.C=C,6,157530419
S0067,F,C=C.C=C.C=C,7,174981925
S0067,F,C=C.C=C.C=C,8,161031873
S0067,F,C=C.C=C.C=C,9,131714522
S0067,F,C=C.C=C.C=C,10,161638942
S0068,F,C=C.C=CC,1,158126485
S0068,F,C=C.C=CC,2,88220563
S0068,F,C=C.C=CC,3,88220211
S0068,F,C=C.C=CC,4,161685053
S0068,F,C=C.C=CC,5,174814695
S0068,F,C=C.C=CC,6,87373588
S0068,F,C=C.C=CC,7,175424642
S0068,F,C=C.C=CC,8,159004460
S0068,F,C=C.C=CC,9,158921115
S0068,F,C=C.C=CC,10,18927062
S0069,F,C=C.CCC,1,90956900
S0069,F,C=C.CCC,2,21981451
S0069,F,C=C.CCC,3,123215668
S0069,F,C=C.CCC,4,158317851
S0069,F,C=C.CCC,5,160602200
S0069,F,C=C.CCC,6,160563797
S0069,F,C=C.CCC,7,174787732
S0069,F,C=C.CCC,8,160904335
S0069,F,C=C.CCC,9,87988910
S0069,F,C=C.CCC,10,87988998
S0070,F,C=CC(=O)OC(C)C,1,19741884
S0070,F,C=CC(=O)OC(C)C,2,14616838
S0070,F,C=CC(=O)OC(C)C,3,54363055
S0070,F,C=CC(=O)OC(C)C,4,21028516
S0070,F,C=CC(=O)OC(C)C,5,87389803
S0070,F,C=CC(=O)OC(C)C,6,21953548
S0070,F,C=CC(=O)OC(C)C,7,22133712
S0070,F,C=CC(=O)OC(C)C,8,13980927
S0070,F,C=CC(=O)OC(C)C,9,20040332
S0070,F,C=CC(=O)OC(C)C,10,139749223
S0071,F,C=CC(=O)OC(C)CC(C)(C)O,3,58173757
S0071,F,C=CC(=O)OC(C)CC(C)(C)O,4,157860082
S0071,F,C=CC(=O)OC(C)CC(C)(C)O,5,58173750
S0071,F,C=CC(=O)OC(C)CC(C)(C)O,6,23593431
S0071,F,C=CC(=O)OC(C)CC(C)(C)O,7,86647740
S0071,F,C=CC(=O)OC(C)CC(C)(C)O,8,58995547
S0071,F,C=CC(=O)OC(C)CC(C)(C)O,9,89261118
S0071,F,C=CC(=O)OC(C)CC(C)(C)O,10,59021295
S0071,F,C=CC(=O)OC(C)CC(C)(C)O,11,58789608
S0071,F,C=CC(=O)OC(C)CC(C)(C)O,12,58789600
S0072,F,C=CC(=O)OCCCC,1,87970726
S0072,F,C=CC(=O)OCCCC,2,139844098
S0072,F,C=CC(=O)OCCCC,3,23401480
S0072,F,C=CC(=O)OCCCC,4,141337641
S0072,F,C=CC(=O)OCCCC,5,20665309
S0072,F,C=CC(=O)OCCCC,6,22218868
S0072,F,C=CC(=O)OCCCC,7,22226167
S0072,F,C=CC(=O)OCCCC,8,141029326
S0072,F,C=CC(=O)OCCCC,9,87678631
S0072,F,C=CC(=O)OCCCC,10,163943792
S0073,F,C=CC(=O)OCCCCC,1,88711369
S0073,F,C=CC(=O)OCCCCC,2,174827398
S0073,F,C=CC(=O)OCCCCC,3,19009486
S0073,F,C=CC(=O)OCCCCC,4,139715013
S0073,F,C=CC(=O)OCCCCC,5,141744132
S0073,F,C=CC(=O)OCCCCC,6,58100029
S0073,F,C=CC(=O)OCCCCC,7,14671034
S0073,F,C=CC(=O)OCCCCC,8,22218882
S0073,F,C=CC(=O)OCCCCC,9,2782528
S0073,F,C=CC(=O)OCCCCC,10,87905778
S0073,F,C=CC(=O)OCCCCC,11,22218678
S0073,F,C=CC(=O)OCCCCC,12,139601201
S0074,F,C=CC(=O)OCCCCCC,1,88217823
S0074,F,C=CC(=O)OCCCCCC,2,141743293
S0074,F,C=CC(=O)OCCCCCC,3,19009489
S0074,F,C=CC(=O)OCCCCCC,4,151195738
S0074,F,C=CC(=O)OCCCCCC,5,88444396
S0074,F,C=CC(=O)OCCCCCC,6,174816734
S0074,F,C=CC(=O)OCCCCCC,7,102248263
S0074,F,C=CC(=O)OCCCCCC,8,89400691
S0074,F,C=CC(=O)OCCCCCC,9,71328293
S0074,F,C=CC(=O)OCCCCCC,10,22078944
S0074,F,C=CC(=O)OCCCCCC,11,22465164
S0074,F,C=CC(=O)OCCCCCC,12,21693152
S0074,F,C=CC(=O)OCCCCCC,13,22277950
S0074,F,C=CC(=O)OCCCCCC,14,87664365
S0075,F,C=CC(=O)OCCCCCCCC,1,23166788
S0075,F,C=CC(=O)OCCCCCCCC,2,15001321
S0075,F,C=CC(=O)OCCCCCCCC,3,88087385
S0075,F,C=CC(=O)OCCCCCCCC,4,164854223
S0075,F,C=CC(=O)OCCCCCCCC,5,118692290
S0075,F,C=CC(=O)OCCCCCCCC,6,153968657
S0075,F,C=CC(=O)OCCCCCCCC,7,164075427
S0075,F,C=CC(=O)OCCCCCCCC,8,118433393
S0075,F,C=CC(=O)OCCCCCCCC,9,126550139
S0075,F,C=CC(=O)OCCCCCCCC,10,87121992
S0075,F,C=CC(=O)OCCCCCCCC,11,122654263
S0075,F,C=CC(=O)OCCCCCCCC,12,19840685
S0075,F,C=CC(=O)OCCCCCCCC,13,87227941
S0075,F,C=CC(=O)OCCCCCCCC,14,87109184
S0075,F,C=CC(=O)OCCCCCCCC,15,22741484
S0075,F,C=CC(=O)OCCCCCCCC,16,22141657
S0075,F,C=CC(=O)OCCCCCCCC,17,15374706
S0075,F,C=CC(=O)OCCCCCCCC,18,88189947
S0076,F,C=CC(=O)OCCCCCCCCCC,3,90345300
S0076,F,C=CC(=O)OCCCCCCCCCC,4,175867495
S0076,F,C=CC(=O)OCCCCCCCCCC,5,87672828
S0076,F,C=CC(=O)OCCCCCCCCCC,6,151697068
S0076,F,C=CC(=O)OCCCCCCCCCC,7,146265344
S0076,F,C=CC(=O)OCCCCCCCCCC,8,161820256
S0076,F,C=CC(=O)OCCCCCCCCCC,9,175989041
S0076,F,C=CC(=O)OCCCCCCCCCC,10,87935454
S0076,F,C=CC(=O)OCCCCCCCCCC,11,152255429
S0076,F,C=CC(=O)OCCCCCCCCCC,12,150371027
S0076,F,C=CC(=O)OCCCCCCCCCC,13,175790972
S0076,F,C=CC(=O)OCCCCCCCCCC,14,87671548
S0076,F,C=CC(=O)OCCCCCCCCCC,15,174999802
S0076,F,C=CC(=O)OCCCCCCCCCC,16,153945665
S0076,F,C=CC(=O)OCCCCCCCCCC,17,85582710
S0076,F,C=CC(=O)OCCCCCCCCCC,18,22664508
S0076,F,C=CC(=O)OCCCCCCCCCC,19,2760316
S0076,F,C=CC(=O)OCCCCCCCCCC,20,87244179
S0076,F,C=CC(=O)OCCCCCCCCCC,21,22277953
S0076,F,C=CC(=O)OCCCCCCCCCC,22,87662530
S0077,F,C=CC(C)C,1,54447936
S0077,F,C=CC(C)C,2,23168870
S0077,F,C=CC(C)C,3,19788897
S0077,F,C=CC(C)C,4,53903785
S0077,F,C=CC(C)C,5,54409571
S0077,F,C=CC(C)C,6,22075394
S0077,F,C=CC(C)C,7,53799523
S0077,F,C=CC(C)C,8,19895042
S0077,F,C=CC(C)C,9,53774449
S0077,F,C=CC(C)C,10,88954
S0078,F,C=CC.C=CC,1,143121489
S0078,F,C=CC.C=CC,2,157310873
S0078,F,C=CC.C=CC,3,159891961
S0078,F,C=CC.C=CC,4,158859402
S0078,F,C=CC.C=CC,5,87169244
S0078,F,C=CC.C=CC,6,90915807
S0078,F,C=CC.C=CC,7,158127004
S0078,F,C=CC.C=CC,8,158670967
S0078,F,C=CC.C=CC,9,162065791
S0078,F,C=CC.C=CC,10,87440054
S0078,F,C=CC.C=CC,11,19901587
S0078,F,C=CC.C=CC,12,83439
S0079,F,C=CC.CCC,2,145030842
S0079,F,C=CC.CCC,3,143722110
S0079,F,C=CC.CCC,4,141436740
S0079,F,C=CC.CCC,5,160259170
S0079,F,C=CC.CCC,6,161599439
S0079,F,C=CC.CCC,7,159550680
S0079,F,C=CC.CCC,8,160420940
S0079,F,C=CC.CCC,9,156768443
S0079,F,C=CC.CCC,10,158444486
S0079,F,C=CC.CCC,11,161110633
S0079,F,C=CC.CCC,12,161634165
S0079,F,C=CC.CCC,13,86755093
S0080,F,C=CCC(C)C,1,72650119
S0080,F,C=CCC(C)C,2,162582287
S0080,F,C=CCC(C)C,3,20823620
S0080,F,C=CCC(C)C,4,58901177
S0080,F,C=CCC(C)C,5,19895038
S0080,F,C=CCC(C)C,6,13542552
S0080,F,C=CCC(C)C,7,19895034
S0080,F,C=CCC(C)C,8,19895036
S0080,F,C=CCC(C)C,9,87617639
S0080,F,C=CCC(C)C,10,19895047
S0080,F,C=CCC(C)C,11,54228374
S0080,F,C=CCC(C)C,12,20085883
S0081,F,C=CCCC,1,23234137
S0081,F,C=CCCC,2,13356677
S0081,F,C=CCCC,3,59776072
S0081,F,C=CCCC,4,53823940
S0081,F,C=CCCC,5,53891126
S0081,F,C=CCCC,6,59335560
S0081,F,C=CCCC,7,53821457
S0081,F,C=CCCC,8,158808489
S0081,F,C=CCCC,9,22558276
S0081,F,C=CCCC,10,78996
S0082,F,C=CCCC(C)C,1,88220088
S0082,F,C=CCCC(C)C,2,20782669
S0082,F,C=CCCC(C)C,3,154091191
S0082,F,C=CCCC(C)C,4,57838225
S0082,F,C=CCCC(C)C,5,150478036
S0082,F,C=CCCC(C)C,6,123238311
S0082,F,C=CCCC(C)C,7,87673256
S0082,F,C=CCCC(C)C,8,173393066
S0082,F,C=CCCC(C)C,9,88552258
S0082,F,C=CCCC(C)C,10,154090077
S0082,F,C=CCCC(C)C,11,54481349
S0082,F,C=CCCC(C)C,12,154403712
S0082,F,C=CCCC(C)C,13,140356784
S0082,F,C=CCCC(C)C,14,129809544
S0083,F,C=CCCCC,1,10558576
S0083,F,C=CCCCC,2,57092088
S0083,F,C=CCCCC,3,10844440
S0083,F,C=CCCCC,4,154120509
S0083,F,C=CCCCC,5,87341724
S0083,F,C=CCCCC,6,15134947
S0083,F,C=CCCCC,7,89916241
S0083,F,C=CCCCC,8,89915219
S0083,F,C=CCCCC,9,23001930
S0083,F,C=CCCCC,10,58890194
S0083,F,C=CCCCC,11,2776155
S0083,F,C=CCCCC,12,69786
S0084,F,C=CCCCCC,1,87342461
S0084,F,C=CCCCCC,2,87341623
S0084,F,C=CCCCCC,3,54185027
S0084,F,C=CCCCCC,4,15524383
S0084,F,C=CCCCCC,5,87340949
S0084,F,C=CCCCCC,6,89916067
S0084,F,C=CCCCCC,7,89915316
S0084,F,C=CCCCCC,8,89915565
S0084,F,C=CCCCCC,9,89915759
S0084,F,C=CCCCCC,10,89916257
S0084,F,C=CCCCCC,11,87084377
S0084,F,C=CCCCCC,12,162345575
S0084,F,C=CCCCCC,13,11647677
S0084,F,C=CCCCCC,14,67737
S0085,F,C=CCCCCCC,1,53888985
S0085,F,C=CCCCCCC,2,23160650
S0085,F,C=CCCCCCC,3,2760788
S0085,F,C=CCCCCCC,4,173048452
S0085,F,C=CCCCCCC,5,157793426
S0085,F,C=CCCCCCC,6,174867883
S0085,F,C=CCCCCCC,7,152444840
S0085,F,C=CCCCCCC,8,173002646
S0085,F,C=CCCCCCC,9,87084484
S0085,F,C=CCCCCCC,10,87084103
S0085,F,C=CCCCCCC,11,88949412
S0085,F,C=CCCCCCC,12,118353081
S0085,F,C=CCCCCCC,13,91384
S0085,F,C=CCCCCCC,14,87084500
S0085,F,C=CCCCCCC,15,12576186
S0085,F,C=CCCCCCC,16,2782409
S0086,F,C=CCCCCCCCC,5,150479153
S0086,F,C=CCCCCCCCC,6,58100033
S0086,F,C=CCCCCCCCC,7,154338843
S0086,F,C=CCCCCCCCC,8,88981252
S0086,F,C=CCCCCCCCC,9,22483431
S0086,F,C=CCCCCCCCC,10,139624015
S0086,F,C=CCCCCCCCC,11,88981251
S0086,F,C=CCCCCCCCC,12,175058950
S0086,F,C=CCCCCCCCC,13,175103359
S0086,F,C=CCCCCCCCC,14,59386461
S0086,F,C=CCCCCCCCC,15,54120000
S0086,F,C=CCCCCCCCC,16,175705408
S0086,F,C=CCCCCCCCC,17,88990
S0086,F,C=CCCCCCCCC,18,53881504
S0086,F,C=CCCCCCCCC,19,57139583
S0086,F,C=CCCCCCCCC,20,2782403
S0087,F,C=CCCOC=C,1,59259640
S0087,F,C=CCCOC=C,2,162596732
S0087,F,C=CCCOC=C,3,57838219
S0087,F,C=CCCOC=C,4,161287341
S0087,F,C=CCCOC=C,5,18737310
S0087,F,C=CCCOC=C,6,18737305
S0087,F,C=CCCOC=C,7,101237576
S0087,F,C=CCCOC=C,8,18964074
S0087,F,C=CCCOC=C,9,86054590
S0087,F,C=CCCOC=C,10,11460110
S0088,F,C=CCN.CCCCCCCCCCCCS(=O)(=O)O,1,173645663
S0088,F,C=CCN.CCCCCCCCCCCCS(=O)(=O)O,2,175162457
S0088,F,C=CCN.CCCCCCCCCCCCS(=O)(=O)O,3,173645708
S0088,F,C=CCN.CCCCCCCCCCCCS(=O)(=O)O,4,175158642
S0088,F,C=CCN.CCCCCCCCCCCCS(=O)(=O)O,5,175161820
S0088,F,C=CCN.CCCCCCCCCCCCS(=O)(=O)O,6,175157295
S0088,F,C=CCN.CCCCCCCCCCCCS(=O)(=O)O,7,175158534
S0088,F,C=CCN.CCCCCCCCCCCCS(=O)(=O)O,8,173645477
S0088,F,C=CCN.CCCCCCCCCCCCS(=O)(=O)O,9,175157122
S0088,F,C=CCN.CCCCCCCCCCCCS(=O)(=O)O,10,175164672
S0088,F,C=CCN.CCCCCCCCCCCCS(=O)(=O)O,11,173645755
S0088,F,C=CCN.CCCCCCCCCCCCS(=O)(=O)O,12,175160069
S0088,F,C=CCN.CCCCCCCCCCCCS(=O)(=O)O,13,175360669
S0088,F,C=CCN.CCCCCCCCCCCCS(=O)(=O)O,14,173645905
S0088,F,C=CCN.CCCCCCCCCCCCS(=O)(=O)O,15,173645666
S0089,F,C=CCN.CCCCCCCCCCCS(=O)(=O)O,1,173645540
S0089,F,C=CCN.CCCCCCCCCCCS(=O)(=O)O,2,175163990
S0089,F,C=CCN.CCCCCCCCCCCS(=O)(=O)O,3,175164568
S0089,F,C=CCN.CCCCCCCCCCCS(=O)(=O)O,4,175360681
S0089,F,C=CCN.CCCCCCCCCCCS(=O)(=O)O,5,175165518
S0089,F,C=CCN.CCCCCCCCCCCS(=O)(=O)O,6,173645850
S0089,F,C=CCN.CCCCCCCCCCCS(=O)(=O)O,7,175164050
S0089,F,C=CCN.CCCCCCCCCCCS(=O)(=O)O,8,173645879
S0089,F,C=CCN.CCCCCCCCCCCS(=O)(=O)O,9,175157374
S0089,F,C=CCN.CCCCCCCCCCCS(=O)(=O)O,10,175157679
S0089,F,C=CCN.CCCCCCCCCCCS(=O)(=O)O,11,173645741
S0089,F,C=CCN.CCCCCCCCCCCS(=O)(=O)O,12,175160264
S0089,F,C=CCN.CCCCCCCCCCCS(=O)(=O)O,13,175157687
S0089,F,C=CCN.CCCCCCCCCCCS(=O)(=O)O,14,175169900
S0089,F,C=CCN.CCCCCCCCCCCS(=O)(=O)O,15,175165468
S0089,F,C=CCN.CCCCCCCCCCCS(=O)(=O)O,16,173645931
S0089,F,C=CCN.CCCCCCCCCCCS(=O)(=O)O,17,173645369
S0089,F,C=CCN.CCCCCCCCCCCS(=O)(=O)O,18,175164062
S0089,F,C=CCN.CCCCCCCCCCCS(=O)(=O)O,19,173645556
S0089,F,C=CCN.CCCCCCCCCCCS(=O)(=O)O,20,173645354
S0090,F,C=CCN.CCCCCCCCCCS(=O)(=O)O,1,173645662
S0090,F,C=CCN.CCCCCCCCCCS(=O)(=O)O,2,173645865
S0090,F,C=CCN.CCCCCCCCCCS(=O)(=O)O,3,173645570
S0090,F,C=CCN.CCCCCCCCCCS(=O)(=O)O,4,175529259
S0090,F,C=CCN.CCCCCCCCCCS(=O)(=O)O,5,175360885
S0090,F,C=CCN.CCCCCCCCCCS(=O)(=O)O,6,175360909
S0090,F,C=CCN.CCCCCCCCCCS(=O)(=O)O,7,175163199
S0090,F,C=CCN.CCCCCCCCCCS(=O)(=O)O,8,175166833
S0090,F,C=CCN.CCCCCCCCCCS(=O)(=O)O,9,173645873
S0090,F,C=CCN.CCCCCCCCCCS(=O)(=O)O,10,173645433
S0090,F,C=CCN.CCCCCCCCCCS(=O)(=O)O,11,175165642
S0090,F,C=CCN.CCCCCCCCCCS(=O)(=O)O,12,175157582
S0090,F,C=CCN.CCCCCCCCCCS(=O)(=O)O,13,175166584
S0090,F,C=CCN.CCCCCCCCCCS(=O)(=O)O,14,173645436
S0091,F,C=CCN.CCCCCCCCCS(=O)(=O)O,1,173645441
S0091,F,C=CCN.CCCCCCCCCS(=O)(=O)O,2,175169892
S0091,F,C=CCN.CCCCCCCCCS(=O)(=O)O,3,175360694
S0091,F,C=CCN.CCCCCCCCCS(=O)(=O)O,4,175528870
S0091,F,C=CCN.CCCCCCCCCS(=O)(=O)O,5,173645650
S0091,F,C=CCN.CCCCCCCCCS(=O)(=O)O,6,175528957
S0091,F,C=CCN.CCCCCCCCCS(=O)(=O)O,7,173645332
S0091,F,C=CCN.CCCCCCCCCS(=O)(=O)O,8,175528912
S0091,F,C=CCN.CCCCCCCCCS(=O)(=O)O,9,175528931
S0091,F,C=CCN.CCCCCCCCCS(=O)(=O)O,10,175529074
S0091,F,C=CCN.CCCCCCCCCS(=O)(=O)O,11,173645828
S0091,F,C=CCN.CCCCCCCCCS(=O)(=O)O,12,175529053
S0091,F,C=CCN.CCCCCCCCCS(=O)(=O)O,13,173645624
S0092,F,C=CCN.CCCCCCCCS(=O)(=O)O,1,175160097
S0092,F,C=CCN.CCCCCCCCS(=O)(=O)O,2,173645871
S0092,F,C=CCN.CCCCCCCCS(=O)(=O)O,3,173645367
S0092,F,C=CCN.CCCCCCCCS(=O)(=O)O,4,175157417
S0092,F,C=CCN.CCCCCCCCS(=O)(=O)O,5,175157389
S0092,F,C=CCN.CCCCCCCCS(=O)(=O)O,6,175170046
S0092,F,C=CCN.CCCCCCCCS(=O)(=O)O,7,175164521
S0092,F,C=CCN.CCCCCCCCS(=O)(=O)O,8,175157210
S0092,F,C=CCN.CCCCCCCCS(=O)(=O)O,9,175162548
S0092,F,C=CCN.CCCCCCCCS(=O)(=O)O,10,175158688
S0092,F,C=CCN.CCCCCCCCS(=O)(=O)O,11,175360733
S0092,F,C=CCN.CCCCCCCCS(=O)(=O)O,12,175157225
S0092,F,C=CCN.CCCCCCCCS(=O)(=O)O,13,173645846
S0092,F,C=CCN.CCCCCCCCS(=O)(=O)O,14,175360908
S0092,F,C=CCN.CCCCCCCCS(=O)(=O)O,15,175160138
S0092,F,C=CCN.CCCCCCCCS(=O)(=O)O,16,173645803
S0093,F,C=CCN.CCCCCCCS(=O)(=O)O,1,175529345
S0093,F,C=CCN.CCCCCCCS(=O)(=O)O,2,173645352
S0093,F,C=CCN.CCCCCCCS(=O)(=O)O,3,175529524
S0093,F,C=CCN.CCCCCCCS(=O)(=O)O,4,175529603
S0093,F,C=CCN.CCCCCCCS(=O)(=O)O,5,175529230
S0093,F,C=CCN.CCCCCCCS(=O)(=O)O,6,173645459
S0093,F,C=CCN.CCCCCCCS(=O)(=O)O,7,175528671
S0093,F,C=CCN.CCCCCCCS(=O)(=O)O,8,173645692
S0093,F,C=CCN.CCCCCCCS(=O)(=O)O,9,173645336
S0093,F,C=CCN.CCCCCCCS(=O)(=O)O,10,175529026
S0093,F,C=CCN.CCCCCCCS(=O)(=O)O,11,173645710
S0093,F,C=CCN.CCCCCCCS(=O)(=O)O,12,175529267
S0093,F,C=CCN.CCCCCCCS(=O)(=O)O,13,173645589
S0093,F,C=CCN.CCCCCCCS(=O)(=O)O,14,175170109
S0093,F,C=CCN.CCCCCCCS(=O)(=O)O,15,173645582
S0094,F,C=CCN.CCCCCCS(=O)(=O)O,1,175529418
S0094,F,C=CCN.CCCCCCS(=O)(=O)O,2,173645717
S0094,F,C=CCN.CCCCCCS(=O)(=O)O,3,175528864
S0094,F,C=CCN.CCCCCCS(=O)(=O)O,4,175529064
S0094,F,C=CCN.CCCCCCS(=O)(=O)O,5,175529328
S0094,F,C=CCN.CCCCCCS(=O)(=O)O,6,175529434
S0094,F,C=CCN.CCCCCCS(=O)(=O)O,7,173645558
S0094,F,C=CCN.CCCCCCS(=O)(=O)O,8,173645387
S0094,F,C=CCN.CCCCCCS(=O)(=O)O,9,175529371
S0094,F,C=CCN.CCCCCCS(=O)(=O)O,10,175529334
S0094,F,C=CCN.CCCCCCS(=O)(=O)O,11,173645829
S0094,F,C=CCN.CCCCCCS(=O)(=O)O,12,175529067
S0094,F,C=CCN.CCCCCCS(=O)(=O)O,13,173645851
S0095,F,C=CCN.CCCCCS(=O)(=O)O,1,173645933
S0095,F,C=CCN.CCCCCS(=O)(=O)O,2,173645936
S0095,F,C=CCN.CCCCCS(=O)(=O)O,3,173645768
S0095,F,C=CCN.CCCCCS(=O)(=O)O,4,173645901
S0095,F,C=CCN.CCCCCS(=O)(=O)O,5,173645790
S0095,F,C=CCN.CCCCCS(=O)(=O)O,6,173645580
S0095,F,C=CCN.CCCCCS(=O)(=O)O,7,173645858
S0095,F,C=CCN.CCCCCS(=O)(=O)O,8,175528896
S0095,F,C=CCN.CCCCCS(=O)(=O)O,9,175529316
S0095,F,C=CCN.CCCCCS(=O)(=O)O,10,175529208
S0095,F,C=CCN.CCCCCS(=O)(=O)O,11,173645926
S0096,F,C=CCNCC=C.CCCCCCCCS(=O)(=O)O,1,173645704
S0096,F,C=CCNCC=C.CCCCCCCCS(=O)(=O)O,2,173645621
S0096,F,C=CCNCC=C.CCCCCCCCS(=O)(=O)O,3,173645880
S0096,F,C=CCNCC=C.CCCCCCCCS(=O)(=O)O,4,173645714
S0096,F,C=CCNCC=C.CCCCCCCCS(=O)(=O)O,5,173645443
S0096,F,C=CCNCC=C.CCCCCCCCS(=O)(=O)O,6,173645802
S0096,F,C=CCNCC=C.CCCCCCCCS(=O)(=O)O,7,173645554
S0096,F,C=CCNCC=C.CCCCCCCCS(=O)(=O)O,8,173645754
S0096,F,C=CCNCC=C.CCCCCCCCS(=O)(=O)O,9,173645673
S0096,F,C=CCNCC=C.CCCCCCCCS(=O)(=O)O,10,173645415
S0096,F,C=CCNCC=C.CCCCCCCCS(=O)(=O)O,11,173645496
S0096,F,C=CCNCC=C.CCCCCCCCS(=O)(=O)O,12,173645612
S0096,F,C=CCNCC=C.CCCCCCCCS(=O)(=O)O,13,173645917
S0096,F,C=CCNCC=C.CCCCCCCCS(=O)(=O)O,14,173645408
S0097,F,C=CCNCC=C.CCCCCCCS(=O)(=O)O,1,173645824
S0097,F,C=CCNCC=C.CCCCCCCS(=O)(=O)O,2,173645707
S0097,F,C=CCNCC=C.CCCCCCCS(=O)(=O)O,3,173645577
S0097,F,C=CCNCC=C.CCCCCCCS(=O)(=O)O,4,173645760
S0097,F,C=CCNCC=C.CCCCCCCS(=O)(=O)O,5,173645775
S0097,F,C=CCNCC=C.CCCCCCCS(=O)(=O)O,6,173645429
S0097,F,C=CCNCC=C.CCCCCCCS(=O)(=O)O,7,173645853
S0097,F,C=CCNCC=C.CCCCCCCS(=O)(=O)O,8,173645473
S0097,F,C=CCNCC=C.CCCCCCCS(=O)(=O)O,9,173645366
S0097,F,C=CCNCC=C.CCCCCCCS(=O)(=O)O,10,173645919
S0097,F,C=CCNCC=C.CCCCCCCS(=O)(=O)O,11,173645684
S0098,F,C=CCNCC=C.CCCCCCS(=O)(=O)O,1,173645664
S0098,F,C=CCNCC=C.CCCCCCS(=O)(=O)O,2,173645353
S0098,F,C=CCNCC=C.CCCCCCS(=O)(=O)O,3,173645536
S0098,F,C=CCNCC=C.CCCCCCS(=O)(=O)O,4,173645444
S0098,F,C=CCNCC=C.CCCCCCS(=O)(=O)O,5,173645471
S0098,F,C=CCNCC=C.CCCCCCS(=O)(=O)O,6,173645792
S0098,F,C=CCNCC=C.CCCCCCS(=O)(=O)O,7,173645340
S0098,F,C=CCNCC=C.CCCCCCS(=O)(=O)O,8,173645626
S0098,F,C=CCNCC=C.CCCCCCS(=O)(=O)O,9,173645930
S0098,F,C=CCNCC=C.CCCCCCS(=O)(=O)O,10,173645525
S0098,F,C=CCNCC=C.CCCCCCS(=O)(=O)O,11,173645817
S0098,F,C=CCNCC=C.CCCCCCS(=O)(=O)O,12,173645935
S0098,F,C=CCNCC=C.CCCCCCS(=O)(=O)O,13,173645385
S0099,F,C=CCNCC=C.CCCCCS(=O)(=O)O,1,173645914
S0099,F,C=CCNCC=C.CCCCCS(=O)(=O)O,2,173645526
S0099,F,C=CCNCC=C.CCCCCS(=O)(=O)O,3,173645583
S0099,F,C=CCNCC=C.CCCCCS(=O)(=O)O,4,173645482
S0099,F,C=CCNCC=C.CCCCCS(=O)(=O)O,5,173645761
S0099,F,C=CCNCC=C.CCCCCS(=O)(=O)O,6,173645727
S0099,F,C=CCNCC=C.CCCCCS(=O)(=O)O,7,173645564
S0099,F,C=CCNCC=C.CCCCCS(=O)(=O)O,8,173645677
S0099,F,C=CCNCC=C.CCCCCS(=O)(=O)O,9,173645685
S0099,F,C=CCNCC=C.CCCCCS(=O)(=O)O,10,173645887
S0099,F,C=CCNCC=C.CCCCCS(=O)(=O)O,11,173645416
S0100,F,C=CCOCC,1,58219574
S0100,F,C=CCOCC,2,57884849
S0100,F,C=CCOCC,3,58939192
S0100,F,C=CCOCC,4,74026
S0100,F,C=CCOCC,5,20082176
S0100,F,C=CCOCC,6,58864047
S0100,F,C=CCOCC,7,176274920
S0100,F,C=CCOCC,8,87701660
S0100,F,C=CCOCC,9,173022167
S0100,F,C=CCOCC,10,118878563
S0101,F,C=CCOCCC,1,174800777
S0101,F,C=CCOCCC,2,57150074
S0101,F,C=CCOCCC,3,132203484
S0101,F,C=CCOCCC,4,20751922
S0101,F,C=CCOCCC,5,57679707
S0101,F,C=CCOCCC,6,23236925
S0101,F,C=CCOCCC,7,14766790
S0101,F,C=CCOCCC,8,162695020
S0101,F,C=CCOCCC,9,57603600
S0101,F,C=CCOCCC,10,162695019
S0101,F,C=CCOCCC,11,140510537
S0101,F,C=CCOCCC,12,86252912
S0102,F,C=CC[N+](CC=C)(CC=C)CC=C.CCCCCCCCS(=O)(=O)[O-],2,175166585
S0102,F,C=CC[N+](CC=C)(CC=C)CC=C.CCCCCCCCS(=O)(=O)[O-],3,175158709
S0102,F,C=CC[N+](CC=C)(CC=C)CC=C.CCCCCCCCS(=O)(=O)[O-],4,175163941
S0102,F,C=CC[N+](CC=C)(CC=C)CC=C.CCCCCCCCS(=O)(=O)[O-],5,175164513
S0102,F,C=CC[N+](CC=C)(CC=C)CC=C.CCCCCCCCS(=O)(=O)[O-],6,175159899
S0102,F,C=CC[N+](CC=C)(CC=C)CC=C.CCCCCCCCS(=O)(=O)[O-],7,175164605
S0102,F,C=CC[N+](CC=C)(CC=C)CC=C.CCCCCCCCS(=O)(=O)[O-],8,175160370
S0102,F,C=CC[N+](CC=C)(CC=C)CC=C.CCCCCCCCS(=O)(=O)[O-],9,175157269
S0102,F,C=CC[N+](CC=C)(CC=C)CC=C.CCCCCCCCS(=O)(=O)[O-],10,175159915
S0102,F,C=CC[N+](CC=C)(CC=C)CC=C.CCCCCCCCS(=O)(=O)[O-],11,175158650
S0102,F,C=CC[N+](CC=C)(CC=C)CC=C.CCCCCCCCS(=O)(=O)[O-],12,175162419
S0102,F,C=CC[N+](CC=C)(CC=C)CC=C.CCCCCCCCS(=O)(=O)[O-],13,175360676
S0102,F,C=CC[N+](CC=C)(CC=C)CC=C.CCCCCCCCS(=O)(=O)[O-],14,175360889
S0102,F,C=CC[N+](CC=C)(CC=C)CC=C.CCCCCCCCS(=O)(=O)[O-],15,175157282
S0102,F,C=CC[N+](CC=C)(CC=C)CC=C.CCCCCCCCS(=O)(=O)[O-],16,175360631
S0103,F,C=COC(CC)CC,2,53796717
S0103,F,C=COC(CC)CC,3,54429715
S0103,F,C=COC(CC)CC,4,57024262
S0103,F,C=COC(CC)CC,5,57027424
S0103,F,C=COC(CC)CC,6,54178011
S0103,F,C=COC(CC)CC,7,54011520
S0103,F,C=COC(CC)CC,8,57312644
S0103,F,C=COC(CC)CC,9,53668434
S0103,F,C=COC(CC)CC,10,53986537
S0103,F,C=COC(CC)CC,11,20802058
S0104,F,C=COCCC,1,53718355
S0104,F,C=COCCC,2,123785134
S0104,F,C=COCCC,3,58113396
S0104,F,C=COCCC,4,122489
S0104,F,C=COCCC,5,87600808
S0104,F,C=COCCC,6,59335561
S0104,F,C=COCCC,7,175020086
S0104,F,C=COCCC,8,58122666
S0104,F,C=COCCC,9,22662498
S0104,F,C=COCCC,10,15388
S0105,F,C=COCCCC,1,154407819
S0105,F,C=COCCCC,2,101004430
S0105,F,C=COCCCC,3,11019071
S0105,F,C=COCCCC,4,23236926
S0105,F,C=COCCCC,5,20793119
S0105,F,C=COCCCC,6,57443665
S0105,F,C=COCCCC,7,22572507
S0105,F,C=COCCCC,8,57536623
S0105,F,C=COCCCC,9,21915932
S0105,F,C=COCCCC,10,175736416
S0105,F,C=COCCCC,11,86593616
S0105,F,C=COCCCC,12,15129204
S0106,F,C=Cc1ccc(C=C)cc1,1,21449235
S0106,F,C=Cc1ccc(C=C)cc1,2,68196615
S0106,F,C=Cc1ccc(C=C)cc1,3,52952220
S0106,F,C=Cc1ccc(C=C)cc1,4,21191602
S0106,F,C=Cc1ccc(C=C)cc1,5,175410192
S0106,F,C=Cc1ccc(C=C)cc1,6,175600931
S0106,F,C=Cc1ccc(C=C)cc1,7,156184705
S0106,F,C=Cc1ccc(C=C)cc1,8,174954586
S0106,F,C=Cc1ccc(C=C)cc1,9,139366697
S0106,F,C=Cc1ccc(C=C)cc1,10,139366688
S0107,F,C=Cc1ccc(Oc2ccc(C3(c4ccccc4)c4ccccc4-c4ccc(N(c5ccc(-c6cccc(-c7ccccc7)c6)cc5)c5ccc6c(c5)C(c5ccccc5)(c5ccc(Oc7ccc(C=C)cc7)cc5)c5ccccc5-6)cc43)cc2)cc1,1,170541535
S0107,F,C=Cc1ccc(Oc2ccc(C3(c4ccccc4)c4ccccc4-c4ccc(N(c5ccc(-c6cccc(-c7ccccc7)c6)cc5)c5ccc6c(c5)C(c5ccccc5)(c5ccc(Oc7ccc(C=C)cc7)cc5)c5ccccc5-6)cc43)cc2)cc1,2,167160894
S0107,F,C=Cc1ccc(Oc2ccc(C3(c4ccccc4)c4ccccc4-c4ccc(N(c5ccc(-c6cccc(-c7ccccc7)c6)cc5)c5ccc6c(c5)C(c5ccccc5)(c5ccc(Oc7ccc(C=C)cc7)cc5)c5ccccc5-6)cc43)cc2)cc1,3,170541568
S0107,F,C=Cc1ccc(Oc2ccc(C3(c4ccccc4)c4ccccc4-c4ccc(N(c5ccc(-c6cccc(-c7ccccc7)c6)cc5)c5ccc6c(c5)C(c5ccccc5)(c5ccc(Oc7ccc(C=C)cc7)cc5)c5ccccc5-6)cc43)cc2)cc1,4,170541591
S0107,F,C=Cc1ccc(Oc2ccc(C3(c4ccccc4)c4ccccc4-c4ccc(N(c5ccc(-c6cccc(-c7ccccc7)c6)cc5)c5ccc6c(c5)C(c5ccccc5)(c5ccc(Oc7ccc(C=C)cc7)cc5)c5ccccc5-6)cc43)cc2)cc1,5,170541530
S0107,F,C=Cc1ccc(Oc2ccc(C3(c4ccccc4)c4ccccc4-c4ccc(N(c5ccc(-c6cccc(-c7ccccc7)c6)cc5)c5ccc6c(c5)C(c5ccccc5)(c5ccc(Oc7ccc(C=C)cc7)cc5)c5ccccc5-6)cc43)cc2)cc1,6,170541523
S0107,F,C=Cc1ccc(Oc2ccc(C3(c4ccccc4)c4ccccc4-c4ccc(N(c5ccc(-c6cccc(-c7ccccc7)c6)cc5)c5ccc6c(c5)C(c5ccccc5)(c5ccc(Oc7ccc(C=C)cc7)cc5)c5ccccc5-6)cc43)cc2)cc1,7,170541553
S0107,F,C=Cc1ccc(Oc2ccc(C3(c4ccccc4)c4ccccc4-c4ccc(N(c5ccc(-c6cccc(-c7ccccc7)c6)cc5)c5ccc6c(c5)C(c5ccccc5)(c5ccc(Oc7ccc(C=C)cc7)cc5)c5ccccc5-6)cc43)cc2)cc1,8,167160900
S0107,F,C=Cc1ccc(Oc2ccc(C3(c4ccccc4)c4ccccc4-c4ccc(N(c5ccc(-c6cccc(-c7ccccc7)c6)cc5)c5ccc6c(c5)C(c5ccccc5)(c5ccc(Oc7ccc(C=C)cc7)cc5)c5ccccc5-6)cc43)cc2)cc1,9,170541552
S0107,F,C=Cc1ccc(Oc2ccc(C3(c4ccccc4)c4ccccc4-c4ccc(N(c5ccc(-c6cccc(-c7ccccc7)c6)cc5)c5ccc6c(c5)C(c5ccccc5)(c5ccc(Oc7ccc(C=C)cc7)cc5)c5ccccc5-6)cc43)cc2)cc1,10,167160908
S0107,F,C=Cc1ccc(Oc2ccc(C3(c4ccccc4)c4ccccc4-c4ccc(N(c5ccc(-c6cccc(-c7ccccc7)c6)cc5)c5ccc6c(c5)C(c5ccccc5)(c5ccc(Oc7ccc(C=C)cc7)cc5)c5ccccc5-6)cc43)cc2)cc1,11,170541586
S0108,F,C=Cc1ccc(Oc2ccc(C3(c4ccccc4)c4ccccc4-c4ccc(N(c5ccc(-c6ccccc6)cc5)c5ccc6c(c5)C(c5ccccc5)(c5ccc(Oc7ccc(C=C)cc7)cc5)c5ccccc5-6)cc43)cc2)cc1,2,167160915
S0108,F,C=Cc1ccc(Oc2ccc(C3(c4ccccc4)c4ccccc4-c4ccc(N(c5ccc(-c6ccccc6)cc5)c5ccc6c(c5)C(c5ccccc5)(c5ccc(Oc7ccc(C=C)cc7)cc5)c5ccccc5-6)cc43)cc2)cc1,3,167160977
S0108,F,C=Cc1ccc(Oc2ccc(C3(c4ccccc4)c4ccccc4-c4ccc(N(c5ccc(-c6ccccc6)cc5)c5ccc6c(c5)C(c5ccccc5)(c5ccc(Oc7ccc(C=C)cc7)cc5)c5ccccc5-6)cc43)cc2)cc1,4,167160910
S0108,F,C=Cc1ccc(Oc2ccc(C3(c4ccccc4)c4ccccc4-c4ccc(N(c5ccc(-c6ccccc6)cc5)c5ccc6c(c5)C(c5ccccc5)(c5ccc(Oc7ccc(C=C)cc7)cc5)c5ccccc5-6)cc43)cc2)cc1,5,167160935
S0108,F,C=Cc1ccc(Oc2ccc(C3(c4ccccc4)c4ccccc4-c4ccc(N(c5ccc(-c6ccccc6)cc5)c5ccc6c(c5)C(c5ccccc5)(c5ccc(Oc7ccc(C=C)cc7)cc5)c5ccccc5-6)cc43)cc2)cc1,6,167160925
S0108,F,C=Cc1ccc(Oc2ccc(C3(c4ccccc4)c4ccccc4-c4ccc(N(c5ccc(-c6ccccc6)cc5)c5ccc6c(c5)C(c5ccccc5)(c5ccc(Oc7ccc(C=C)cc7)cc5)c5ccccc5-6)cc43)cc2)cc1,7,167160941
S0108,F,C=Cc1ccc(Oc2ccc(C3(c4ccccc4)c4ccccc4-c4ccc(N(c5ccc(-c6ccccc6)cc5)c5ccc6c(c5)C(c5ccccc5)(c5ccc(Oc7ccc(C=C)cc7)cc5)c5ccccc5-6)cc43)cc2)cc1,8,170541536
S0108,F,C=Cc1ccc(Oc2ccc(C3(c4ccccc4)c4ccccc4-c4ccc(N(c5ccc(-c6ccccc6)cc5)c5ccc6c(c5)C(c5ccccc5)(c5ccc(Oc7ccc(C=C)cc7)cc5)c5ccccc5-6)cc43)cc2)cc1,9,167160949
S0108,F,C=Cc1ccc(Oc2ccc(C3(c4ccccc4)c4ccccc4-c4ccc(N(c5ccc(-c6ccccc6)cc5)c5ccc6c(c5)C(c5ccccc5)(c5ccc(Oc7ccc(C=C)cc7)cc5)c5ccccc5-6)cc43)cc2)cc1,10,170541611
S0108,F,C=Cc1ccc(Oc2ccc(C3(c4ccccc4)c4ccccc4-c4ccc(N(c5ccc(-c6ccccc6)cc5)c5ccc6c(c5)C(c5ccccc5)(c5ccc(Oc7ccc(C=C)cc7)cc5)c5ccccc5-6)cc43)cc2)cc1,11,167160997
S0109,F,C=Cc1ccc(Oc2ccc(C3(c4ccccc4)c4ccccc4-c4ccc(N(c5ccccc5)c5ccc6c(c5)C(c5ccccc5)(c5ccc(Oc7ccc(C=C)cc7)cc5)c5ccccc5-6)cc43)cc2)cc1,2,167161089
S0109,F,C=Cc1ccc(Oc2ccc(C3(c4ccccc4)c4ccccc4-c4ccc(N(c5ccccc5)c5ccc6c(c5)C(c5ccccc5)(c5ccc(Oc7ccc(C=C)cc7)cc5)c5ccccc5-6)cc43)cc2)cc1,3,167160962
S0109,F,C=Cc1ccc(Oc2ccc(C3(c4ccccc4)c4ccccc4-c4ccc(N(c5ccccc5)c5ccc6c(c5)C(c5ccccc5)(c5ccc(Oc7ccc(C=C)cc7)cc5)c5ccccc5-6)cc43)cc2)cc1,4,167161103
S0109,F,C=Cc1ccc(Oc2ccc(C3(c4ccccc4)c4ccccc4-c4ccc(N(c5ccccc5)c5ccc6c(c5)C(c5ccccc5)(c5ccc(Oc7ccc(C=C)cc7)cc5)c5ccccc5-6)cc43)cc2)cc1,5,167160956
S0109,F,C=Cc1ccc(Oc2ccc(C3(c4ccccc4)c4ccccc4-c4ccc(N(c5ccccc5)c5ccc6c(c5)C(c5ccccc5)(c5ccc(Oc7ccc(C=C)cc7)cc5)c5ccccc5-6)cc43)cc2)cc1,6,167161095
S0109,F,C=Cc1ccc(Oc2ccc(C3(c4ccccc4)c4ccccc4-c4ccc(N(c5ccccc5)c5ccc6c(c5)C(c5ccccc5)(c5ccc(Oc7ccc(C=C)cc7)cc5)c5ccccc5-6)cc43)cc2)cc1,7,167160968
S0109,F,C=Cc1ccc(Oc2ccc(C3(c4ccccc4)c4ccccc4-c4ccc(N(c5ccccc5)c5ccc6c(c5)C(c5ccccc5)(c5ccc(Oc7ccc(C=C)cc7)cc5)c5ccccc5-6)cc43)cc2)cc1,8,167161099
S0109,F,C=Cc1ccc(Oc2ccc(C3(c4ccccc4)c4ccccc4-c4ccc(N(c5ccccc5)c5ccc6c(c5)C(c5ccccc5)(c5ccc(Oc7ccc(C=C)cc7)cc5)c5ccccc5-6)cc43)cc2)cc1,9,167160976
S0109,F,C=Cc1ccc(Oc2ccc(C3(c4ccccc4)c4ccccc4-c4ccc(N(c5ccccc5)c5ccc6c(c5)C(c5ccccc5)(c5ccc(Oc7ccc(C=C)cc7)cc5)c5ccccc5-6)cc43)cc2)cc1,10,167161107
S0109,F,C=Cc1ccc(Oc2ccc(C3(c4ccccc4)c4ccccc4-c4ccc(N(c5ccccc5)c5ccc6c(c5)C(c5ccccc5)(c5ccc(Oc7ccc(C=C)cc7)cc5)c5ccccc5-6)cc43)cc2)cc1,11,167161020
S0110,F,CC(=O)C(C)C,1,147925788
S0110,F,CC(=O)C(C)C,2,117272904
S0110,F,CC(=O)C(C)C,3,45085581
S0110,F,CC(=O)C(C)C,4,87707993
S0110,F,CC(=O)C(C)C,5,59927274
S0110,F,CC(=O)C(C)C,6,23233503
S0110,F,CC(=O)C(C)C,7,18924229
S0110,F,CC(=O)C(C)C,8,23235137
S0110,F,CC(=O)C(C)C,9,20447241
S0110,F,CC(=O)C(C)C,10,14175377
S0111,F,CC(=O)OC(C)C,1,9839
S0111,F,CC(=O)OC(C)C,2,54399369
S0111,F,CC(=O)OC(C)C,3,3860633
S0111,F,CC(=O)OC(C)C,4,58660858
S0111,F,CC(=O)OC(C)C,5,88869926
S0111,F,CC(=O)OC(C)C,6,15805097
S0111,F,CC(=O)OC(C)C,7,162541728
S0111,F,CC(=O)OC(C)C,8,98454992
S0111,F,CC(=O)OC(C)C,9,566473
S0111,F,CC(=O)OC(C)C,10,21799531
S0112,F,CC(C)(C)C,1,10154002
S0112,F,CC(C)(C)C,2,15376712
S0112,F,CC(C)(C)C,3,137368070
S0112,F,CC(C)(C)C,4,136169
S0112,F,CC(C)(C)C,5,57645375
S0112,F,CC(C)(C)C,6,57129022
S0112,F,CC(C)(C)C,7,20665308
S0112,F,CC(C)(C)C,8,57623883
S0112,F,CC(C)(C)C,9,20081248
S0112,F,CC(C)(C)C,10,57724453
S0112,F,CC(C)(C)C,11,12525336
S0112,F,CC(C)(C)C,12,9925956
S0113,F,CC(C)(C)C(=O)Nc1ccccc1,1,532833
S0113,F,CC(C)(C)C(=O)Nc1ccccc1,2,14690690
S0113,F,CC(C)(C)C(=O)Nc1ccccc1,3,64590726
S0113,F,CC(C)(C)C(=O)Nc1ccccc1,4,113218142
S0113,F,CC(C)(C)C(=O)Nc1ccccc1,5,3790331
S0113,F,CC(C)(C)C(=O)Nc1ccccc1,6,4327508
S0113,F,CC(C)(C)C(=O)Nc1ccccc1,7,71672699
S0113,F,CC(C)(C)C(=O)Nc1ccccc1,8,71672702
S0113,F,CC(C)(C)C(=O)Nc1ccccc1,9,71672597
S0113,F,CC(C)(C)C(=O)Nc1ccccc1,10,71672859
S0113,F,CC(C)(C)C(=O)Nc1ccccc1,11,3089511
S0113,F,CC(C)(C)C(=O)Nc1ccccc1,12,71672874
S0114,F,CC(C)(C)C[C@H](N)C(=O)O,1,129061039
S0114,F,CC(C)(C)C[C@H](N)C(=O)O,2,129050791
S0114,F,CC(C)(C)C[C@H](N)C(=O)O,3,129050707
S0114,F,CC(C)(C)C[C@H](N)C(=O)O,4,129061031
S0114,F,CC(C)(C)C[C@H](N)C(=O)O,5,129061043
S0114,F,CC(C)(C)C[C@H](N)C(=O)O,6,129061032
S0114,F,CC(C)(C)C[C@H](N)C(=O)O,7,129061035
S0114,F,CC(C)(C)C[C@H](N)C(=O)O,8,129061033
S0114,F,CC(C)(C)C[C@H](N)C(=O)O,9,90349492
S0114,F,CC(C)(C)C[C@H](N)C(=O)O,10,129061042
S0114,F,CC(C)(C)C[C@H](N)C(=O)O,11,129061044
S0115,F,CC(C)(C)Cc1ccccc1,1,20579804
S0115,F,CC(C)(C)Cc1ccccc1,2,20626542
S0115,F,CC(C)(C)Cc1ccccc1,3,59305634
S0115,F,CC(C)(C)Cc1ccccc1,4,139245434
S0115,F,CC(C)(C)Cc1ccccc1,5,58904360
S0115,F,CC(C)(C)Cc1ccccc1,6,89411050
S0115,F,CC(C)(C)Cc1ccccc1,7,139245817
S0115,F,CC(C)(C)Cc1ccccc1,8,139245519
S0115,F,CC(C)(C)Cc1ccccc1,9,10171866
S0115,F,CC(C)(C)Cc1ccccc1,10,139245803
S0115,F,CC(C)(C)Cc1ccccc1,11,173714766
S0116,F,CC(C)(C)NC(=O)Nc1ccccc1,1,6467524
S0116,F,CC(C)(C)NC(=O)Nc1ccccc1,2,78824773
S0116,F,CC(C)(C)NC(=O)Nc1ccccc1,3,45369363
S0116,F,CC(C)(C)NC(=O)Nc1ccccc1,4,113218552
S0116,F,CC(C)(C)NC(=O)Nc1ccccc1,5,140635179
S0116,F,CC(C)(C)NC(=O)Nc1ccccc1,6,11652342
S0116,F,CC(C)(C)NC(=O)Nc1ccccc1,7,11659711
S0116,F,CC(C)(C)NC(=O)Nc1ccccc1,8,1748559
S0116,F,CC(C)(C)NC(=O)Nc1ccccc1,9,12736425
S0116,F,CC(C)(C)NC(=O)Nc1ccccc1,10,71672991
S0116,F,CC(C)(C)NC(=O)Nc1ccccc1,11,71672999
S0116,F,CC(C)(C)NC(=O)Nc1ccccc1,12,71672888
S0117,F,CC(C)(C)O,1,10964414
S0117,F,CC(C)(C)O,2,53421693
S0117,F,CC(C)(C)O,3,68182
S0117,F,CC(C)(C)O,4,19788871
S0117,F,CC(C)(C)O,5,19788849
S0117,F,CC(C)(C)O,6,73936
S0117,F,CC(C)(C)O,7,58881479
S0117,F,CC(C)(C)O,8,15162467
S0117,F,CC(C)(C)O,9,16924
S0117,F,CC(C)(C)O,10,23233496
S0118,F,CC(C)(O)c1ccccc1,1,637733
S0118,F,CC(C)(O)c1ccccc1,2,10844911
S0118,F,CC(C)(O)c1ccccc1,3,123580
S0118,F,CC(C)(O)c1ccccc1,4,93978956
S0118,F,CC(C)(O)c1ccccc1,5,61644790
S0118,F,CC(C)(O)c1ccccc1,6,88367565
S0118,F,CC(C)(O)c1ccccc1,7,520085
S0118,F,CC(C)(O)c1ccccc1,8,19426939
S0118,F,CC(C)(O)c1ccccc1,9,167333747
S0118,F,CC(C)(O)c1ccccc1,10,338486
S0118,F,CC(C)(O)c1ccccc1,11,15106379
S0119,F,CC(C)C,1,9626
S0119,F,CC(C)C,2,12756878
S0119,F,CC(C)C,3,19708468
S0119,F,CC(C)C,4,15044629
S0119,F,CC(C)C,5,15044628
S0119,F,CC(C)C,6,15044576
S0119,F,CC(C)C,7,23236258
S0119,F,CC(C)C,8,11275686
S0119,F,CC(C)C,9,13978928
S0119,F,CC(C)C,10,67724
S0120,F,CC(C)C(=O)Nc1ccccc1,1,532134
S0120,F,CC(C)C(=O)Nc1ccccc1,2,4278657
S0120,F,CC(C)C(=O)Nc1ccccc1,3,63372951
S0120,F,CC(C)C(=O)Nc1ccccc1,4,103600295
S0120,F,CC(C)C(=O)Nc1ccccc1,5,4688182
S0120,F,CC(C)C(=O)Nc1ccccc1,6,1967139
S0120,F,CC(C)C(=O)Nc1ccccc1,7,534082
S0120,F,CC(C)C(=O)Nc1ccccc1,8,71672927
S0120,F,CC(C)C(=O)Nc1ccccc1,9,71672935
S0120,F,CC(C)C(=O)Nc1ccccc1,10,71672941
S0120,F,CC(C)C(=O)Nc1ccccc1,11,13584618
S0120,F,CC(C)C(=O)Nc1ccccc1,12,14577496
S0121,F,CC(C)C(C)O,1,23234138
S0121,F,CC(C)C(C)O,2,80611065
S0121,F,CC(C)C(C)O,3,162568454
S0121,F,CC(C)C(C)O,4,57637272
S0121,F,CC(C)C(C)O,5,89276425
S0121,F,CC(C)C(C)O,6,162551745
S0121,F,CC(C)C(C)O,7,153709384
S0121,F,CC(C)C(C)O,8,165972651
S0121,F,CC(C)C(C)O,9,162540828
S0121,F,CC(C)C(C)O,10,18769259
S0121,F,CC(C)C(C)O,11,173658334
S0122,F,CC(C)C1(C)CC1,1,124180704
S0122,F,CC(C)C1(C)CC1,2,118410172
S0122,F,CC(C)C1(C)CC1,3,57674917
S0122,F,CC(C)C1(C)CC1,4,121273963
S0122,F,CC(C)C1(C)CC1,5,121273990
S0122,F,CC(C)C1(C)CC1,6,121273987
S0122,F,CC(C)C1(C)CC1,7,121274069
S0122,F,CC(C)C1(C)CC1,8,121274088
S0122,F,CC(C)C1(C)CC1,9,121274105
S0122,F,CC(C)C1(C)CC1,10,121274109
S0123,F,CC(C)CC(C)(C)C,1,21712650
S0123,F,CC(C)CC(C)(C)C,2,169322182
S0123,F,CC(C)CC(C)(C)C,3,58952981
S0123,F,CC(C)CC(C)(C)C,4,21134679
S0123,F,CC(C)CC(C)(C)C,5,88857799
S0123,F,CC(C)CC(C)(C)C,6,165169305
S0123,F,CC(C)CC(C)(C)C,7,57682172
S0123,F,CC(C)CC(C)(C)C,8,57682233
S0123,F,CC(C)CC(C)(C)C,9,20981446
S0123,F,CC(C)CC(C)(C)C,10,57682262
S0123,F,CC(C)CC(C)(C)C,11,57682182
S0124,F,CC(C)CCO,1,53853759
S0124,F,CC(C)CCO,2,57675516
S0124,F,CC(C)CCO,3,90143378
S0124,F,CC(C)CCO,4,162608043
S0124,F,CC(C)CCO,5,175021378
S0124,F,CC(C)CCO,6,2777997
S0124,F,CC(C)CCO,7,2782615
S0124,F,CC(C)CCO,8,170942598
S0124,F,CC(C)CCO,9,44717703
S0124,F,CC(C)CCO,10,173784154
S0124,F,CC(C)CCO,11,21536978
S0125,F,CC(C)CO,1,54424036
S0125,F,CC(C)CO,2,57156124
S0125,F,CC(C)CO,3,16057336
S0125,F,CC(C)CO,4,173234280
S0125,F,CC(C)CO,5,87705615
S0125,F,CC(C)CO,6,88155177
S0125,F,CC(C)CO,7,13238222
S0125,F,CC(C)CO,8,88838077
S0125,F,CC(C)CO,9,20225800
S0125,F,CC(C)CO,10,54311868
S0126,F,CC(C)COc1ccccc1,1,13528745
S0126,F,CC(C)COc1ccccc1,2,57886954
S0126,F,CC(C)COc1ccccc1,3,134192350
S0126,F,CC(C)COc1ccccc1,4,58298374
S0126,F,CC(C)COc1ccccc1,5,71105943
S0126,F,CC(C)COc1ccccc1,6,89280689
S0126,F,CC(C)COc1ccccc1,7,89286090
S0126,F,CC(C)COc1ccccc1,8,89285931
S0126,F,CC(C)COc1ccccc1,9,89285993
S0126,F,CC(C)COc1ccccc1,10,89286092
S0126,F,CC(C)COc1ccccc1,11,89285941
S0127,F,CC(C)OC(C)C,1,58366789
S0127,F,CC(C)OC(C)C,2,22713264
S0127,F,CC(C)OC(C)C,3,20612573
S0127,F,CC(C)OC(C)C,4,13623183
S0127,F,CC(C)OC(C)C,5,163996487
S0127,F,CC(C)OC(C)C,6,13741837
S0127,F,CC(C)OC(C)C,7,154318548
S0127,F,CC(C)OC(C)C,8,54429622
S0127,F,CC(C)OC(C)C,9,171749805
S0127,F,CC(C)OC(C)C,10,98111855
S0127,F,CC(C)OC(C)C,11,89965322
S0127,F,CC(C)OC(C)C,12,124567163
S0127,F,CC(C)OC(C)C,13,87600586
S0127,F,CC(C)OC(C)C,14,13541488
S0128,F,CC(C)c1ccc(N)cc1,1,67653770
S0128,F,CC(C)c1ccc(N)cc1,2,107615795
S0128,F,CC(C)c1ccc(N)cc1,3,22727634
S0128,F,CC(C)c1ccc(N)cc1,4,115024982
S0128,F,CC(C)c1ccc(N)cc1,5,155085121
S0128,F,CC(C)c1ccc(N)cc1,6,12994026
S0128,F,CC(C)c1ccc(N)cc1,7,12994027
S0128,F,CC(C)c1ccc(N)cc1,8,9903779
S0128,F,CC(C)c1ccc(N)cc1,9,154828520
S0128,F,CC(C)c1ccc(N)cc1,10,88244607
S0129,F,CC(CS(=O)(=O)O)OC(=O)c1ccccc1,1,174592037
S0129,F,CC(CS(=O)(=O)O)OC(=O)c1ccccc1,2,58226316
S0129,F,CC(CS(=O)(=O)O)OC(=O)c1ccccc1,3,87412901
S0129,F,CC(CS(=O)(=O)O)OC(=O)c1ccccc1,4,129061821
S0129,F,CC(CS(=O)(=O)O)OC(=O)c1ccccc1,5,129061773
S0129,F,CC(CS(=O)(=O)O)OC(=O)c1ccccc1,6,129070728
S0129,F,CC(CS(=O)(=O)O)OC(=O)c1ccccc1,7,129061867
S0129,F,CC(CS(=O)(=O)O)OC(=O)c1ccccc1,8,129070717
S0129,F,CC(CS(=O)(=O)O)OC(=O)c1ccccc1,9,129070539
S0129,F,CC(CS(=O)(=O)O)OC(=O)c1ccccc1,10,129070741
S0130,F,CC.CC,1,144966756
S0130,F,CC.CC,2,20066307
S0130,F,CC.CC,3,21400821
S0130,F,CC.CC,4,126649163
S0130,F,CC.CC,5,162248416
S0130,F,CC.CC,6,87666022
S0130,F,CC.CC,7,23189782
S0130,F,CC.CC,8,23168737
S0130,F,CC.CC,9,126568361
S0130,F,CC.CC,10,141318517
S0130,F,CC.CC,11,174806254
S0130,F,CC.CC,12,140980045
S0131,F,CC/C=C/CC,1,90058392
S0131,F,CC/C=C/CC,2,87160062
S0131,F,CC/C=C/CC,3,23236312
S0131,F,CC/C=C/CC,4,135128621
S0131,F,CC/C=C/CC,5,98041493
S0131,F,CC/C=C/CC,6,135128616
S0131,F,CC/C=C/CC,7,57455083
S0131,F,CC/C=C/CC,8,5364320
S0131,F,CC/C=C/CC,9,87371570
S0131,F,CC/C=C/CC,10,141630105
S0131,F,CC/C=C/CC,11,12951079
S0131,F,CC/C=C/CC,12,12730188
S0132,F,CC1(C)CCO1,1,22407631
S0132,F,CC1(C)CCO1,2,162535828
S0132,F,CC1(C)CCO1,3,13526672
S0132,F,CC1(C)CCO1,4,157638774
S0132,F,CC1(C)CCO1,5,59310355
S0132,F,CC1(C)CCO1,6,14144886
S0132,F,CC1(C)CCO1,7,14144890
S0132,F,CC1(C)CCO1,8,12576726
S0132,F,CC1(C)CCO1,9,101028502
S0132,F,CC1(C)CCO1,10,11086687
S0133,F,CC1(C)OCCO1,1,59465021
S0133,F,CC1(C)OCCO1,2,58122674
S0133,F,CC1(C)OCCO1,3,59465022
S0133,F,CC1(C)OCCO1,4,21731045
S0133,F,CC1(C)OCCO1,5,172150533
S0133,F,CC1(C)OCCO1,6,154302200
S0133,F,CC1(C)OCCO1,7,23237418
S0133,F,CC1(C)OCCO1,8,21441861
S0133,F,CC1(C)OCCO1,9,15584747
S0133,F,CC1(C)OCCO1,10,182427
S0134,F,CC1=CCC=CC1,1,69015334
S0134,F,CC1=CCC=CC1,2,91414879
S0134,F,CC1=CCC=CC1,3,45090430
S0134,F,CC1=CCC=CC1,4,85747678
S0134,F,CC1=CCC=CC1,5,85747676
S0134,F,CC1=CCC=CC1,6,23264383
S0134,F,CC1=CCC=CC1,7,12720777
S0134,F,CC1=CCC=CC1,8,23233544
S0134,F,CC1=CCC=CC1,9,23233545
S0134,F,CC1=CCC=CC1,10,12697774
S0135,F,CC1=CCCC1,1,21583825
S0135,F,CC1=CCCC1,2,137382484
S0135,F,CC1=CCCC1,3,13196956
S0135,F,CC1=CCCC1,4,90076802
S0135,F,CC1=CCCC1,5,87084299
S0135,F,CC1=CCCC1,6,21731926
S0135,F,CC1=CCCC1,7,21731928
S0135,F,CC1=CCCC1,8,87084216
S0135,F,CC1=CCCC1,9,15474242
S0135,F,CC1=CCCC1,10,2774954
S0136,F,CC1C=CC=CC1,1,21570892
S0136,F,CC1C=CC=CC1,2,77796573
S0136,F,CC1C=CC=CC1,3,13523074
S0136,F,CC1C=CC=CC1,4,153233878
S0136,F,CC1C=CC=CC1,5,89113205
S0136,F,CC1C=CC=CC1,6,152364510
S0136,F,CC1C=CC=CC1,7,88624979
S0136,F,CC1C=CC=CC1,8,53400489
S0136,F,CC1C=CC=CC1,9,141532751
S0136,F,CC1C=CC=CC1,10,172848570
S0137,F,CC1CCC1,1,11240427
S0137,F,CC1CCC1,2,118258793
S0137,F,CC1CCC1,3,23281978
S0137,F,CC1CCC1,4,174816316
S0137,F,CC1CCC1,5,67218132
S0137,F,CC1CCC1,6,12829398
S0137,F,CC1CCC1,7,145746813
S0137,F,CC1CCC1,8,154967055
S0137,F,CC1CCC1,9,162568048
S0137,F,CC1CCC1,10,9859770
S0138,F,CC1CCCC1,1,15261627
S0138,F,CC1CCCC1,2,20579840
S0138,F,CC1CCCC1,3,10796802
S0138,F,CC1CCCC1,4,146409883
S0138,F,CC1CCCC1,5,58091934
S0138,F,CC1CCCC1,6,10583892
S0138,F,CC1CCCC1,7,89931544
S0138,F,CC1CCCC1,8,21053459
S0138,F,CC1CCCC1,9,21053457
S0138,F,CC1CCCC1,10,89816918
S0138,F,CC1CCCC1,11,13597583
S0138,F,CC1CCCC1,12,74546
S0139,F,CC1CCCCC1,1,54367386
S0139,F,CC1CCCCC1,2,20600111
S0139,F,CC1CCCCC1,3,89138784
S0139,F,CC1CCCCC1,4,22619225
S0139,F,CC1CCCCC1,5,66570571
S0139,F,CC1CCCCC1,6,58173764
S0139,F,CC1CCCCC1,7,175030570
S0139,F,CC1CCCCC1,8,170945091
S0139,F,CC1CCCCC1,9,59360428
S0139,F,CC1CCCCC1,10,58854942
S0139,F,CC1CCCCC1,11,13760691
S0139,F,CC1CCCCC1,12,100917343
S0139,F,CC1CCCCC1,13,12844120
S0139,F,CC1CCCCC1,14,9637
S0140,F,CC1CCCO1,1,54073626
S0140,F,CC1CCCO1,2,137702433
S0140,F,CC1CCCO1,3,129292192
S0140,F,CC1CCCO1,4,88305309
S0140,F,CC1CCCO1,5,21731046
S0140,F,CC1CCCO1,6,91549210
S0140,F,CC1CCCO1,7,20653728
S0140,F,CC1CCCO1,8,89333718
S0140,F,CC1CCCO1,9,89919898
S0140,F,CC1CCCO1,10,15091571
S0141,F,CC1CCOC1,1,53866038
S0141,F,CC1CCOC1,2,151114273
S0141,F,CC1CCOC1,3,58471838
S0141,F,CC1CCOC1,4,45090667
S0141,F,CC1CCOC1,5,54435477
S0141,F,CC1CCOC1,6,150874139
S0141,F,CC1CCOC1,7,89201243
S0141,F,CC1CCOC1,8,117607224
S0141,F,CC1CCOC1,9,71396793
S0141,F,CC1CCOC1,10,22131895
S0142,F,CC1CCS(=O)(=O)C1,1,66729893
S0142,F,CC1CCS(=O)(=O)C1,2,67424951
S0142,F,CC1CCS(=O)(=O)C1,3,87128402
S0142,F,CC1CCS(=O)(=O)C1,4,66729990
S0142,F,CC1CCS(=O)(=O)C1,5,87394703
S0142,F,CC1CCS(=O)(=O)C1,6,87128709
S0142,F,CC1CCS(=O)(=O)C1,7,87128779
S0142,F,CC1CCS(=O)(=O)C1,8,87128486
S0142,F,CC1CCS(=O)(=O)C1,9,87128818
S0142,F,CC1CCS(=O)(=O)C1,10,87128618
S0143,F,CC1CCSC1,1,66729892
S0143,F,CC1CCSC1,2,67424949
S0143,F,CC1CCSC1,3,54429721
S0143,F,CC1CCSC1,4,87128379
S0143,F,CC1CCSC1,5,87394651
S0143,F,CC1CCSC1,6,87128622
S0143,F,CC1CCSC1,7,90764365
S0143,F,CC1CCSC1,8,87128615
S0143,F,CC1CCSC1,9,87128674
S0143,F,CC1CCSC1,10,91340781
S0144,F,CC1COC(C)O1,1,151022265
S0144,F,CC1COC(C)O1,2,58927007
S0144,F,CC1COC(C)O1,3,53647621
S0144,F,CC1COC(C)O1,4,19745406
S0144,F,CC1COC(C)O1,5,89114462
S0144,F,CC1COC(C)O1,6,59092754
S0144,F,CC1COC(C)O1,7,12846019
S0144,F,CC1COC(C)O1,8,59086771
S0144,F,CC1COC(C)O1,9,156692721
S0144,F,CC1COC(C)O1,10,19745408
S0145,F,CC=C(C)C,1,142371263
S0145,F,CC=C(C)C,2,58115402
S0145,F,CC=C(C)C,3,12769989
S0145,F,CC=C(C)C,4,53872370
S0145,F,CC=C(C)C,5,118894801
S0145,F,CC=C(C)C,6,54388029
S0145,F,CC=C(C)C,7,23234724
S0145,F,CC=C(C)C,8,87322121
S0145,F,CC=C(C)C,9,11053485
S0145,F,CC=C(C)C,10,12576086
S0146,F,CC=CC(C)C,1,54241925
S0146,F,CC=CC(C)C,2,54423140
S0146,F,CC=CC(C)C,3,54078667
S0146,F,CC=CC(C)C,4,141179738
S0146,F,CC=CC(C)C,5,53745491
S0146,F,CC=CC(C)C,6,159889451
S0146,F,CC=CC(C)C,7,87388543
S0146,F,CC=CC(C)C,8,175751231
S0146,F,CC=CC(C)C,9,90983724
S0146,F,CC=CC(C)C,10,155213666
S0146,F,CC=CC(C)C,11,71429446
S0146,F,CC=CC(C)C,12,3484542
S0147,F,CC=CCC,1,54121321
S0147,F,CC=CCC,2,53872495
S0147,F,CC=CCC,3,173193367
S0147,F,CC=CCC,4,72492955
S0147,F,CC=CCC,5,88111782
S0147,F,CC=CCC,6,91364426
S0147,F,CC=CCC,7,72649114
S0147,F,CC=CCC,8,154084417
S0147,F,CC=CCC,9,53713786
S0147,F,CC=CCC,10,155748
S0148,F,CC=CCCC,1,54321192
S0148,F,CC=CCCC,2,72459386
S0148,F,CC=CCCC,3,53823596
S0148,F,CC=CCCC,4,173405103
S0148,F,CC=CCCC,5,173193357
S0148,F,CC=CCCC,6,76218895
S0148,F,CC=CCCC,7,173104539
S0148,F,CC=CCCC,8,173683592
S0148,F,CC=CCCC,9,87221756
S0148,F,CC=CCCC,10,173692534
S0148,F,CC=CCCC,11,85556513
S0148,F,CC=CCCC,12,4339537
S0149,F,CCC(=O)CC,1,83814951
S0149,F,CCC(=O)CC,2,88152746
S0149,F,CCC(=O)CC,3,12759147
S0149,F,CCC(=O)CC,4,45119087
S0149,F,CCC(=O)CC,5,154422539
S0149,F,CCC(=O)CC,6,87965919
S0149,F,CCC(=O)CC,7,85793647
S0149,F,CCC(=O)CC,8,21483511
S0149,F,CCC(=O)CC,9,85793649
S0149,F,CCC(=O)CC,10,13115943
S0150,F,CCC(=O)Nc1ccccc1,1,924462
S0150,F,CCC(=O)Nc1ccccc1,2,17019606
S0150,F,CCC(=O)Nc1ccccc1,3,64592398
S0150,F,CCC(=O)Nc1ccccc1,4,103600299
S0150,F,CCC(=O)Nc1ccccc1,5,4556823
S0150,F,CCC(=O)Nc1ccccc1,6,4142134
S0150,F,CCC(=O)Nc1ccccc1,7,114038120
S0150,F,CCC(=O)Nc1ccccc1,8,156646272
S0150,F,CCC(=O)Nc1ccccc1,9,108059438
S0150,F,CCC(=O)Nc1ccccc1,10,15531218
S0151,F,CCC(=O)OC(=O)CC,1,87154306
S0151,F,CCC(=O)OC(=O)CC,2,75274
S0151,F,CCC(=O)OC(=O)CC,3,87154341
S0151,F,CCC(=O)OC(=O)CC,4,169718069
S0151,F,CCC(=O)OC(=O)CC,5,169719209
S0151,F,CCC(=O)OC(=O)CC,6,169720228
S0151,F,CCC(=O)OC(=O)CC,7,169734530
S0151,F,CCC(=O)OC(=O)CC,8,54201531
S0151,F,CCC(=O)OC(=O)CC,9,169733162
S0151,F,CCC(=O)OC(=O)CC,10,67742
S0152,F,CCC(=O)OCc1ccccc1,1,15014458
S0152,F,CCC(=O)OCc1ccccc1,2,12084135
S0152,F,CCC(=O)OCc1ccccc1,3,164852824
S0152,F,CCC(=O)OCc1ccccc1,4,11345375
S0152,F,CCC(=O)OCc1ccccc1,5,561773
S0152,F,CCC(=O)OCc1ccccc1,6,91704387
S0152,F,CCC(=O)OCc1ccccc1,7,91713002
S0152,F,CCC(=O)OCc1ccccc1,8,91719109
S0152,F,CCC(=O)OCc1ccccc1,9,91723999
S0152,F,CCC(=O)OCc1ccccc1,10,91727606
S0153,F,CCC(=O)Oc1ccccc1,1,641323
S0153,F,CCC(=O)Oc1ccccc1,2,52916940
S0153,F,CCC(=O)Oc1ccccc1,3,54030014
S0153,F,CCC(=O)Oc1ccccc1,4,174996256
S0153,F,CCC(=O)Oc1ccccc1,5,15527781
S0153,F,CCC(=O)Oc1ccccc1,6,88574817
S0153,F,CCC(=O)Oc1ccccc1,7,88574663
S0153,F,CCC(=O)Oc1ccccc1,8,86762715
S0153,F,CCC(=O)Oc1ccccc1,9,88574527
S0153,F,CCC(=O)Oc1ccccc1,10,23067831
S0154,F,CCC(C)(C)C,1,23234144
S0154,F,CCC(C)(C)C,2,23405334
S0154,F,CCC(C)(C)C,3,21020795
S0154,F,CCC(C)(C)C,4,21656974
S0154,F,CCC(C)(C)C,5,23262889
S0154,F,CCC(C)(C)C,6,19105655
S0154,F,CCC(C)(C)C,7,159211066
S0154,F,CCC(C)(C)C,8,59157007
S0154,F,CCC(C)(C)C,9,54277282
S0154,F,CCC(C)(C)C,10,71330977
S0154,F,CCC(C)(C)C,11,173614692
S0155,F,CCC(C)(C)C(=O)OC(C)CC(C)(C)O,2,122537444
S0155,F,CCC(C)(C)C(=O)OC(C)CC(C)(C)O,3,57718725
S0155,F,CCC(C)(C)C(=O)OC(C)CC(C)(C)O,4,126549875
S0155,F,CCC(C)(C)C(=O)OC(C)CC(C)(C)O,5,58091857
S0155,F,CCC(C)(C)C(=O)OC(C)CC(C)(C)O,6,58133264
S0155,F,CCC(C)(C)C(=O)OC(C)CC(C)(C)O,7,58881395
S0155,F,CCC(C)(C)C(=O)OC(C)CC(C)(C)O,8,58881430
S0155,F,CCC(C)(C)C(=O)OC(C)CC(C)(C)O,9,89772315
S0155,F,CCC(C)(C)C(=O)OC(C)CC(C)(C)O,10,88981379
S0155,F,CCC(C)(C)C(=O)OC(C)CC(C)(C)O,11,58881405
S0156,F,CCC(C)(C)CC,1,123417547
S0156,F,CCC(C)(C)CC,2,58937711
S0156,F,CCC(C)(C)CC,3,21014884
S0156,F,CCC(C)(C)CC,4,88932066
S0156,F,CCC(C)(C)CC,5,162616271
S0156,F,CCC(C)(C)CC,6,59806861
S0156,F,CCC(C)(C)CC,7,140554066
S0156,F,CCC(C)(C)CC,8,59157009
S0156,F,CCC(C)(C)CC,9,87605704
S0156,F,CCC(C)(C)CC,10,19091147
S0157,F,CCC(C)(C)O,1,20540624
S0157,F,CCC(C)(C)O,2,80610709
S0157,F,CCC(C)(C)O,3,143372173
S0157,F,CCC(C)(C)O,4,34628
S0157,F,CCC(C)(C)O,5,19788877
S0157,F,CCC(C)(C)O,6,21049769
S0157,F,CCC(C)(C)O,7,88974882
S0157,F,CCC(C)(C)O,8,53441280
S0157,F,CCC(C)(C)O,9,85662933
S0157,F,CCC(C)(C)O,10,19788875
S0157,F,CCC(C)(C)O,11,160813
S0157,F,CCC(C)(C)O,12,20349325
S0158,F,CCC(C)C,1,22865594
S0158,F,CCC(C)C,2,129405175
S0158,F,CCC(C)C,3,136255
S0158,F,CCC(C)C,4,19091134
S0158,F,CCC(C)C,5,19091130
S0158,F,CCC(C)C,6,54411205
S0158,F,CCC(C)C,7,19078824
S0158,F,CCC(C)C,8,22967413
S0158,F,CCC(C)C,9,19788862
S0158,F,CCC(C)C,10,18944839
S0158,F,CCC(C)C,11,18944840
S0158,F,CCC(C)C,12,11679
S0159,F,CCC(C)C(C)C,1,59475889
S0159,F,CCC(C)C(C)C,2,132092324
S0159,F,CCC(C)C(C)C,3,123377380
S0159,F,CCC(C)C(C)C,4,167089877
S0159,F,CCC(C)C(C)C,5,88529807
S0159,F,CCC(C)C(C)C,6,89245722
S0159,F,CCC(C)C(C)C,7,146787981
S0159,F,CCC(C)C(C)C,8,91056041
S0159,F,CCC(C)C(C)C,9,19105646
S0159,F,CCC(C)C(C)C,10,88476959
S0159,F,CCC(C)C(C)C,11,22967414
S0159,F,CCC(C)C(C)C,12,14225156
S0160,F,CCC(C)C=O,1,54400283
S0160,F,CCC(C)C=O,2,134384138
S0160,F,CCC(C)C=O,3,83826233
S0160,F,CCC(C)C=O,4,105430869
S0160,F,CCC(C)C=O,5,84767037
S0160,F,CCC(C)C=O,6,84773038
S0160,F,CCC(C)C=O,7,162575564
S0160,F,CCC(C)C=O,8,58856305
S0160,F,CCC(C)C=O,9,123503220
S0160,F,CCC(C)C=O,10,23233251
S0161,F,CCC(C)CC,1,23236199
S0161,F,CCC(C)CC,2,57667466
S0161,F,CCC(C)CC,3,23235102
S0161,F,CCC(C)CC,4,59742437
S0161,F,CCC(C)CC,5,87693379
S0161,F,CCC(C)CC,6,88220504
S0161,F,CCC(C)CC,7,117681920
S0161,F,CCC(C)CC,8,58991615
S0161,F,CCC(C)CC,9,19105652
S0161,F,CCC(C)CC,10,19105649
S0161,F,CCC(C)CC,11,57724298
S0161,F,CCC(C)CC,12,59085131
S0161,F,CCC(C)CC,13,87220951
S0161,F,CCC(C)CC,14,70081
S0162,F,CCC(C)CC(C)C,1,139474646
S0162,F,CCC(C)CC(C)C,2,20576356
S0162,F,CCC(C)CC(C)C,3,58914162
S0162,F,CCC(C)CC(C)C,4,90842740
S0162,F,CCC(C)CC(C)C,5,89380606
S0162,F,CCC(C)CC(C)C,6,162565441
S0162,F,CCC(C)CC(C)C,7,158342354
S0162,F,CCC(C)CC(C)C,8,89889320
S0162,F,CCC(C)CC(C)C,9,89181068
S0162,F,CCC(C)CC(C)C,10,143403539
S0163,F,CCC(C)OC,1,21749122
S0163,F,CCC(C)OC,2,57055547
S0163,F,CCC(C)OC,3,20625795
S0163,F,CCC(C)OC,4,54394012
S0163,F,CCC(C)OC,5,53848812
S0163,F,CCC(C)OC,6,53819386
S0163,F,CCC(C)OC,7,57200862
S0163,F,CCC(C)OC,8,59047713
S0163,F,CCC(C)OC,9,101162530
S0163,F,CCC(C)OC,10,85787960
S0164,F,CCC(C)c1ccccc1,1,21531740
S0164,F,CCC(C)c1ccccc1,2,22161969
S0164,F,CCC(C)c1ccccc1,3,77494080
S0164,F,CCC(C)c1ccccc1,4,145653045
S0164,F,CCC(C)c1ccccc1,5,90929968
S0164,F,CCC(C)c1ccccc1,6,21731099
S0164,F,CCC(C)c1ccccc1,7,90307434
S0164,F,CCC(C)c1ccccc1,8,122527181
S0164,F,CCC(C)c1ccccc1,9,91104951
S0164,F,CCC(C)c1ccccc1,10,166169646
S0165,F,CCC(CC)OC,1,88871699
S0165,F,CCC(CC)OC,2,54166532
S0165,F,CCC(CC)OC,3,57070526
S0165,F,CCC(CC)OC,4,53828430
S0165,F,CCC(CC)OC,5,57097116
S0165,F,CCC(CC)OC,6,54082970
S0165,F,CCC(CC)OC,7,54429605
S0165,F,CCC(CC)OC,8,54155981
S0165,F,CCC(CC)OC,9,57179540
S0165,F,CCC(CC)OC,10,54317758
S0165,F,CCC(CC)OC,11,89987559
S0166,F,CCC.CCC,1,144495907
S0166,F,CCC.CCC,2,159497586
S0166,F,CCC.CCC,3,161701752
S0166,F,CCC.CCC,4,88547306
S0166,F,CCC.CCC,5,157669065
S0166,F,CCC.CCC,6,160797406
S0166,F,CCC.CCC,7,88145842
S0166,F,CCC.CCC,8,161854383
S0166,F,CCC.CCC,9,158644261
S0166,F,CCC.CCC,10,90956247
S0166,F,CCC.CCC,11,174914110
S0166,F,CCC.CCC,12,87253056
S0166,F,CCC.CCC,13,161997572
S0166,F,CCC.CCC,14,158158240
S0166,F,CCC.CCC,15,23170182
S0166,F,CCC.CCC,16,87244472
S0167,F,CCC1CC1,1,147756671
S0167,F,CCC1CC1,2,57102354
S0167,F,CCC1CC1,3,67426024
S0167,F,CCC1CC1,4,23109691
S0167,F,CCC1CC1,5,53786360
S0167,F,CCC1CC1,6,89409729
S0167,F,CCC1CC1,7,18520878
S0167,F,CCC1CC1,8,175353747
S0167,F,CCC1CC1,9,54179802
S0167,F,CCC1CC1,10,14617223
S0168,F,CCC=C(C)C,1,54413073
S0168,F,CCC=C(C)C,2,54432902
S0168,F,CCC=C(C)C,3,58901116
S0168,F,CCC=C(C)C,4,153946336
S0168,F,CCC=C(C)C,5,159339408
S0168,F,CCC=C(C)C,6,162597319
S0168,F,CCC=C(C)C,7,176178347
S0168,F,CCC=C(C)C,8,15489697
S0168,F,CCC=C(C)C,9,21954154
S0168,F,CCC=C(C)C,10,23233522
S0168,F,CCC=C(C)C,11,12730203
S0168,F,CCC=C(C)C,12,74105
S0169,F,CCC=CCC,1,145218213
S0169,F,CCC=CCC,2,154236841
S0169,F,CCC=CCC,3,54260253
S0169,F,CCC=CCC,4,175884032
S0169,F,CCC=CCC,5,86109311
S0169,F,CCC=CCC,6,153528509
S0169,F,CCC=CCC,7,76545614
S0169,F,CCC=CCC,8,171589115
S0169,F,CCC=CCC,9,175463691
S0169,F,CCC=CCC,10,89511916
S0169,F,CCC=CCC,11,73177907
S0169,F,CCC=CCC,12,54264704
S0170,F,CCCC,1,3013860
S0170,F,CCCC,2,23236146
S0170,F,CCCC,3,13640740
S0170,F,CCCC,4,15215968
S0170,F,CCCC,5,20059033
S0170,F,CCCC,6,13597428
S0170,F,CCCC,7,92174067
S0170,F,CCCC,8,97291055
S0170,F,CCCC,9,97291050
S0170,F,CCCC,10,9638
S0171,F,CCCC(=O)CC(=O)c1ccccc1,1,140259223
S0171,F,CCCC(=O)CC(=O)c1ccccc1,2,61393241
S0171,F,CCCC(=O)CC(=O)c1ccccc1,3,140259341
S0171,F,CCCC(=O)CC(=O)c1ccccc1,4,140258689
S0171,F,CCCC(=O)CC(=O)c1ccccc1,5,140259500
S0171,F,CCCC(=O)CC(=O)c1ccccc1,6,140259157
S0171,F,CCCC(=O)CC(=O)c1ccccc1,7,2782584
S0171,F,CCCC(=O)CC(=O)c1ccccc1,8,12588957
S0171,F,CCCC(=O)CC(=O)c1ccccc1,9,19961385
S0171,F,CCCC(=O)CC(=O)c1ccccc1,10,12715208
S0172,F,CCCC(=O)Nc1ccccc1,1,531793
S0172,F,CCCC(=O)Nc1ccccc1,2,924923
S0172,F,CCCC(=O)Nc1ccccc1,3,21397754
S0172,F,CCCC(=O)Nc1ccccc1,4,103600298
S0172,F,CCCC(=O)Nc1ccccc1,5,155941267
S0172,F,CCCC(=O)Nc1ccccc1,6,169302922
S0172,F,CCCC(=O)Nc1ccccc1,7,9556
S0172,F,CCCC(=O)Nc1ccccc1,8,532974
S0172,F,CCCC(=O)Nc1ccccc1,9,4150369
S0172,F,CCCC(=O)Nc1ccccc1,10,156117904
S0172,F,CCCC(=O)Nc1ccccc1,11,156646236
S0172,F,CCCC(=O)Nc1ccccc1,12,3694016
S0173,F,CCCC(=O)c1ccc(OC)cc1,1,22554952
S0173,F,CCCC(=O)c1ccc(OC)cc1,2,60964471
S0173,F,CCCC(=O)c1ccc(OC)cc1,3,54759094
S0173,F,CCCC(=O)c1ccc(OC)cc1,4,65709907
S0173,F,CCCC(=O)c1ccc(OC)cc1,5,114976514
S0173,F,CCCC(=O)c1ccc(OC)cc1,6,114976551
S0173,F,CCCC(=O)c1ccc(OC)cc1,7,311999
S0173,F,CCCC(=O)c1ccc(OC)cc1,8,146006733
S0173,F,CCCC(=O)c1ccc(OC)cc1,9,146008780
S0173,F,CCCC(=O)c1ccc(OC)cc1,10,146008217
S0173,F,CCCC(=O)c1ccc(OC)cc1,11,146009348
S0174,F,CCCC(=O)c1cccc(OC)c1,1,82807761
S0174,F,CCCC(=O)c1cccc(OC)c1,2,114962243
S0174,F,CCCC(=O)c1cccc(OC)c1,3,64567971
S0174,F,CCCC(=O)c1cccc(OC)c1,4,82807888
S0174,F,CCCC(=O)c1cccc(OC)c1,5,114976552
S0174,F,CCCC(=O)c1cccc(OC)c1,6,79952985
S0174,F,CCCC(=O)c1cccc(OC)c1,7,146007366
S0174,F,CCCC(=O)c1cccc(OC)c1,8,146006749
S0174,F,CCCC(=O)c1cccc(OC)c1,9,146008917
S0174,F,CCCC(=O)c1cccc(OC)c1,10,146008193
S0175,F,CCCC(=O)c1ccccc1,1,68498
S0175,F,CCCC(=O)c1ccccc1,2,523154
S0175,F,CCCC(=O)c1ccccc1,3,130597976
S0175,F,CCCC(=O)c1ccccc1,4,164660564
S0175,F,CCCC(=O)c1ccccc1,5,64567568
S0175,F,CCCC(=O)c1ccccc1,6,103301236
S0175,F,CCCC(=O)c1ccccc1,7,238424
S0175,F,CCCC(=O)c1ccccc1,8,114976599
S0175,F,CCCC(=O)c1ccccc1,9,146006230
S0175,F,CCCC(=O)c1ccccc1,10,146008055
S0176,F,CCCC(=O)c1ccccc1OC,1,66969417
S0176,F,CCCC(=O)c1ccccc1OC,2,146006092
S0176,F,CCCC(=O)c1ccccc1OC,3,64567769
S0176,F,CCCC(=O)c1ccccc1OC,4,80459813
S0176,F,CCCC(=O)c1ccccc1OC,5,114976607
S0176,F,CCCC(=O)c1ccccc1OC,6,79954752
S0176,F,CCCC(=O)c1ccccc1OC,7,100922694
S0176,F,CCCC(=O)c1ccccc1OC,8,146006787
S0176,F,CCCC(=O)c1ccccc1OC,9,146006095
S0176,F,CCCC(=O)c1ccccc1OC,10,146008171
S0177,F,CCCC(C)(C)C,1,20755641
S0177,F,CCCC(C)(C)C,2,116841211
S0177,F,CCCC(C)(C)C,3,139360092
S0177,F,CCCC(C)(C)C,4,58463117
S0177,F,CCCC(C)(C)C,5,20755636
S0177,F,CCCC(C)(C)C,6,118473946
S0177,F,CCCC(C)(C)C,7,123731039
S0177,F,CCCC(C)(C)C,8,57682221
S0177,F,CCCC(C)(C)C,9,54245524
S0177,F,CCCC(C)(C)C,10,57724307
S0177,F,CCCC(C)(C)C,11,58781684
S0178,F,CCCC(C)(C)O,1,19083207
S0178,F,CCCC(C)(C)O,2,23184966
S0178,F,CCCC(C)(C)O,3,23272150
S0178,F,CCCC(C)(C)O,4,151698789
S0178,F,CCCC(C)(C)O,5,59302177
S0178,F,CCCC(C)(C)O,6,19788866
S0178,F,CCCC(C)(C)O,7,89018949
S0178,F,CCCC(C)(C)O,8,19788848
S0178,F,CCCC(C)(C)O,9,19788893
S0178,F,CCCC(C)(C)O,10,19761931
S0178,F,CCCC(C)(C)O,11,85662913
S0178,F,CCCC(C)(C)O,12,19788873
S0178,F,CCCC(C)(C)O,13,12525134
S0179,F,CCCC(C)=O,1,53900857
S0179,F,CCCC(C)=O,2,23235135
S0179,F,CCCC(C)=O,3,164012480
S0179,F,CCCC(C)=O,4,21483510
S0179,F,CCCC(C)=O,5,87161083
S0179,F,CCCC(C)=O,6,7158883
S0179,F,CCCC(C)=O,7,165662012
S0179,F,CCCC(C)=O,8,164667552
S0179,F,CCCC(C)=O,9,12578758
S0179,F,CCCC(C)=O,10,11780424
S0180,F,CCCC(C)C,1,23234143
S0180,F,CCCC(C)C,2,21068516
S0180,F,CCCC(C)C,3,53873144
S0180,F,CCCC(C)C,4,57645373
S0180,F,CCCC(C)C,5,121440969
S0180,F,CCCC(C)C,6,173254411
S0180,F,CCCC(C)C,7,15044621
S0180,F,CCCC(C)C,8,89358367
S0180,F,CCCC(C)C,9,18520945
S0180,F,CCCC(C)C,10,15044591
S0180,F,CCCC(C)C,11,15044631
S0180,F,CCCC(C)C,12,53733900
S0180,F,CCCC(C)C,13,10914179
S0180,F,CCCC(C)C,14,67726
S0181,F,CCCC(C)CC,1,54374182
S0181,F,CCCC(C)CC,2,88212452
S0181,F,CCCC(C)CC,3,23168875
S0181,F,CCCC(C)CC,4,162578154
S0181,F,CCCC(C)CC,5,57667465
S0181,F,CCCC(C)CC,6,10798392
S0181,F,CCCC(C)CC,7,88864469
S0181,F,CCCC(C)CC,8,19105647
S0181,F,CCCC(C)CC,9,19105644
S0181,F,CCCC(C)CC,10,19105641
S0181,F,CCCC(C)CC,11,89440790
S0181,F,CCCC(C)CC,12,174481422
S0181,F,CCCC(C)CC,13,88477711
S0181,F,CCCC(C)CC,14,87489259
S0181,F,CCCC(C)CC,15,87635639
S0181,F,CCCC(C)CC,16,13451022
S0182,F,CCCC(C)N,1,76223851
S0182,F,CCCC(C)N,2,89153971
S0182,F,CCCC(C)N,3,13620750
S0182,F,CCCC(C)N,4,165642327
S0182,F,CCCC(C)N,5,175347641
S0182,F,CCCC(C)N,6,82400693
S0182,F,CCCC(C)N,7,165691751
S0182,F,CCCC(C)N,8,165884037
S0182,F,CCCC(C)N,9,165754927
S0182,F,CCCC(C)N,10,14569601
S0183,F,CCCC(C)O,1,105426970
S0183,F,CCCC(C)O,2,87688066
S0183,F,CCCC(C)O,3,13620753
S0183,F,CCCC(C)O,4,131061196
S0183,F,CCCC(C)O,5,59302196
S0183,F,CCCC(C)O,6,131175594
S0183,F,CCCC(C)O,7,165633098
S0183,F,CCCC(C)O,8,165650068
S0183,F,CCCC(C)O,9,165635383
S0183,F,CCCC(C)O,10,174618264
S0183,F,CCCC(C)O,11,22446654
S0184,F,CCCC.CCCC,1,156801922
S0184,F,CCCC.CCCC,2,143100456
S0184,F,CCCC.CCCC,3,159317675
S0184,F,CCCC.CCCC,4,91458449
S0184,F,CCCC.CCCC,5,160619944
S0184,F,CCCC.CCCC,6,160603573
S0184,F,CCCC.CCCC,7,159258757
S0184,F,CCCC.CCCC,8,161443476
S0184,F,CCCC.CCCC,9,160069893
S0184,F,CCCC.CCCC,10,159980094
S0185,F,CCCC1CO1,1,20224821
S0185,F,CCCC1CO1,2,123158395
S0185,F,CCCC1CO1,3,20651951
S0185,F,CCCC1CO1,4,54359592
S0185,F,CCCC1CO1,5,22660331
S0185,F,CCCC1CO1,6,160030360
S0185,F,CCCC1CO1,7,4117033
S0185,F,CCCC1CO1,8,175175510
S0185,F,CCCC1CO1,9,175154550
S0185,F,CCCC1CO1,10,56587789
S0186,F,CCCCC,1,95757011
S0186,F,CCCCC,2,520839
S0186,F,CCCCC,3,13394821
S0186,F,CCCCC,4,54441708
S0186,F,CCCCC,5,13459587
S0186,F,CCCCC,6,22145515
S0186,F,CCCCC,7,54428458
S0186,F,CCCCC,8,12829393
S0186,F,CCCCC,9,12711287
S0186,F,CCCCC,10,15825707
S0186,F,CCCCC,11,9816874
S0186,F,CCCCC,12,12675
S0187,F,CCCCC(=O)CC,1,18683952
S0187,F,CCCCC(=O)CC,2,90058379
S0187,F,CCCCC(=O)CC,3,79428233
S0187,F,CCCCC(=O)CC,4,108052137
S0187,F,CCCCC(=O)CC,5,238409
S0187,F,CCCCC(=O)CC,6,115515789
S0187,F,CCCCC(=O)CC,7,108053157
S0187,F,CCCCC(=O)CC,8,108095985
S0187,F,CCCCC(=O)CC,9,87885015
S0187,F,CCCCC(=O)CC,10,152163165
S0188,F,CCCCC(=O)CC(=O)c1ccccc1,1,140259959
S0188,F,CCCCC(=O)CC(=O)c1ccccc1,2,140258582
S0188,F,CCCCC(=O)CC(=O)c1ccccc1,3,140259123
S0188,F,CCCCC(=O)CC(=O)c1ccccc1,4,140258998
S0188,F,CCCCC(=O)CC(=O)c1ccccc1,5,140258992
S0188,F,CCCCC(=O)CC(=O)c1ccccc1,6,140259632
S0188,F,CCCCC(=O)CC(=O)c1ccccc1,7,175191032
S0188,F,CCCCC(=O)CC(=O)c1ccccc1,8,6917123
S0188,F,CCCCC(=O)CC(=O)c1ccccc1,9,2782583
S0188,F,CCCCC(=O)CC(=O)c1ccccc1,10,88683397
S0188,F,CCCCC(=O)CC(=O)c1ccccc1,11,19961379
S0189,F,CCCCC(=O)OC,1,3029716
S0189,F,CCCCC(=O)OC,2,59706978
S0189,F,CCCCC(=O)OC,3,23236315
S0189,F,CCCCC(=O)OC,4,170023974
S0189,F,CCCCC(=O)OC,5,170096906
S0189,F,CCCCC(=O)OC,6,13500158
S0189,F,CCCCC(=O)OC,7,162541795
S0189,F,CCCCC(=O)OC,8,2775462
S0189,F,CCCCC(=O)OC,9,526458
S0189,F,CCCCC(=O)OC,10,170097481
S0190,F,CCCCC(=O)c1ccccc1,1,81113753
S0190,F,CCCCC(=O)c1ccccc1,2,62620087
S0190,F,CCCCC(=O)c1ccccc1,3,62621736
S0190,F,CCCCC(=O)c1ccccc1,4,102134718
S0190,F,CCCCC(=O)c1ccccc1,5,101885211
S0190,F,CCCCC(=O)c1ccccc1,6,115792229
S0190,F,CCCCC(=O)c1ccccc1,7,20769612
S0190,F,CCCCC(=O)c1ccccc1,8,115792347
S0190,F,CCCCC(=O)c1ccccc1,9,12608366
S0190,F,CCCCC(=O)c1ccccc1,10,146010204
S0190,F,CCCCC(=O)c1ccccc1,11,146006237
S0190,F,CCCCC(=O)c1ccccc1,12,146008053
S0191,F,CCCCC(C)(C)C,1,21054027
S0191,F,CCCCC(C)(C)C,2,58974920
S0191,F,CCCCC(C)(C)C,3,21731077
S0191,F,CCCCC(C)(C)C,4,88592335
S0191,F,CCCCC(C)(C)C,5,118215303
S0191,F,CCCCC(C)(C)C,6,58352395
S0191,F,CCCCC(C)(C)C,7,155261843
S0191,F,CCCCC(C)(C)C,8,59126181
S0191,F,CCCCC(C)(C)C,9,129191399
S0191,F,CCCCC(C)(C)C,10,86215891
S0192,F,CCCCC(C)C,1,54154933
S0192,F,CCCCC(C)C,2,142054931
S0192,F,CCCCC(C)C,3,21020573
S0192,F,CCCCC(C)C,4,58901115
S0192,F,CCCCC(C)C,5,58100014
S0192,F,CCCCC(C)C,6,88623942
S0192,F,CCCCC(C)C,7,134169581
S0192,F,CCCCC(C)C,8,142184167
S0192,F,CCCCC(C)C,9,88552260
S0192,F,CCCCC(C)C,10,86215885
S0192,F,CCCCC(C)C,11,18477230
S0192,F,CCCCC(C)C,12,153713378
S0192,F,CCCCC(C)C,13,88477188
S0192,F,CCCCC(C)C,14,23236420
S0192,F,CCCCC(C)C,15,19083379
S0192,F,CCCCC(C)C,16,11440611
S0193,F,CCCCC(C)CC,1,123377313
S0193,F,CCCCC(C)CC,2,23237105
S0193,F,CCCCC(C)CC,3,21733046
S0193,F,CCCCC(C)CC,4,144243429
S0193,F,CCCCC(C)CC,5,91423914
S0193,F,CCCCC(C)CC,6,23236454
S0193,F,CCCCC(C)CC,7,156626282
S0193,F,CCCCC(C)CC,8,118636589
S0193,F,CCCCC(C)CC,9,118912272
S0193,F,CCCCC(C)CC,10,87330524
S0194,F,CCCCC(O)O,1,123757289
S0194,F,CCCCC(O)O,2,151278273
S0194,F,CCCCC(O)O,3,87114983
S0194,F,CCCCC(O)O,4,156773071
S0194,F,CCCCC(O)O,5,166745185
S0194,F,CCCCC(O)O,6,21315833
S0194,F,CCCCC(O)O,7,152304688
S0194,F,CCCCC(O)O,8,4737263
S0194,F,CCCCC(O)O,9,14924414
S0194,F,CCCCC(O)O,10,88332925
S0195,F,CCCCC(O)c1ccccc1,1,81113917
S0195,F,CCCCC(O)c1ccccc1,2,23028641
S0195,F,CCCCC(O)c1ccccc1,3,143215247
S0195,F,CCCCC(O)c1ccccc1,4,115515409
S0195,F,CCCCC(O)c1ccccc1,5,113659118
S0195,F,CCCCC(O)c1ccccc1,6,115828364
S0195,F,CCCCC(O)c1ccccc1,7,13431581
S0195,F,CCCCC(O)c1ccccc1,8,156765299
S0195,F,CCCCC(O)c1ccccc1,9,3089130
S0195,F,CCCCC(O)c1ccccc1,10,140202637
S0196,F,CCCCC1CO1,3,58107264
S0196,F,CCCCC1CO1,4,53698014
S0196,F,CCCCC1CO1,5,57890862
S0196,F,CCCCC1CO1,6,135191741
S0196,F,CCCCC1CO1,7,87746284
S0196,F,CCCCC1CO1,8,156789124
S0196,F,CCCCC1CO1,9,2775804
S0196,F,CCCCC1CO1,10,87690918
S0196,F,CCCCC1CO1,11,88541622
S0196,F,CCCCC1CO1,12,12534877
S0197,F,CCCCC=O,1,57077674
S0197,F,CCCCC=O,2,84762141
S0197,F,CCCCC=O,3,13459588
S0197,F,CCCCC=O,4,88358560
S0197,F,CCCCC=O,5,143769147
S0197,F,CCCCC=O,6,90124626
S0197,F,CCCCC=O,7,2782533
S0197,F,CCCCC=O,8,98117959
S0197,F,CCCCC=O,9,2769667
S0197,F,CCCCC=O,10,67812
S0198,F,CCCCCC,1,54396108
S0198,F,CCCCCC,2,88180804
S0198,F,CCCCCC,3,13394811
S0198,F,CCCCCC,4,556226
S0198,F,CCCCCC,5,125096
S0198,F,CCCCCC,6,21555997
S0198,F,CCCCCC,7,57667460
S0198,F,CCCCCC,8,22598612
S0198,F,CCCCCC,9,53869152
S0198,F,CCCCCC,10,23021965
S0198,F,CCCCCC,11,22743926
S0198,F,CCCCCC,12,85719505
S0198,F,CCCCCC,13,550442
S0198,F,CCCCCC,14,9639
S0199,F,CCCCCC(=O)O,1,9736
S0199,F,CCCCCC(=O)O,2,87737975
S0199,F,CCCCCC(=O)O,3,53401778
S0199,F,CCCCCC(=O)O,4,91326737
S0199,F,CCCCCC(=O)O,5,165066166
S0199,F,CCCCCC(=O)O,6,172561052
S0199,F,CCCCCC(=O)O,7,2774909
S0199,F,CCCCCC(=O)O,8,21982948
S0199,F,CCCCCC(=O)O,9,15544178
S0199,F,CCCCCC(=O)O,10,139594650
S0199,F,CCCCCC(=O)O,11,67542
S0200,F,CCCCCC(C)C,1,89075913
S0200,F,CCCCCC(C)C,2,91345469
S0200,F,CCCCCC(C)C,3,88191225
S0200,F,CCCCCC(C)C,4,162606627
S0200,F,CCCCCC(C)C,5,20579538
S0200,F,CCCCCC(C)C,6,54189268
S0200,F,CCCCCC(C)C,7,59024471
S0200,F,CCCCCC(C)C,8,88853632
S0200,F,CCCCCC(C)C,9,57709767
S0200,F,CCCCCC(C)C,10,87921859
S0200,F,CCCCCC(C)C,11,173850149
S0200,F,CCCCCC(C)C,12,88421001
S0200,F,CCCCCC(C)C,13,173786596
S0201,F,CCCCCC(O)O,1,21702694
S0201,F,CCCCCC(O)O,2,166745217
S0201,F,CCCCCC(O)O,3,166745144
S0201,F,CCCCCC(O)O,4,156773070
S0201,F,CCCCCC(O)O,5,166745136
S0201,F,CCCCCC(O)O,6,121374339
S0201,F,CCCCCC(O)O,7,151603107
S0201,F,CCCCCC(O)O,8,21894187
S0201,F,CCCCCC(O)O,9,20062355
S0201,F,CCCCCC(O)O,10,153520462
S0201,F,CCCCCC(O)O,11,153520448
S0201,F,CCCCCC(O)O,12,19373928
S0202,F,CCCCCCC,1,15062439
S0202,F,CCCCCCC,2,15062438
S0202,F,CCCCCCC,3,58915803
S0202,F,CCCCCCC,4,58961451
S0202,F,CCCCCCC,5,44255638
S0202,F,CCCCCCC,6,173525526
S0202,F,CCCCCCC,7,173525753
S0202,F,CCCCCCC,8,173525422
S0202,F,CCCCCCC,9,163290387
S0202,F,CCCCCCC,10,91202782
S0202,F,CCCCCCC,11,11102375
S0202,F,CCCCCCC,12,53862665
S0202,F,CCCCCCC,13,20761243
S0202,F,CCCCCCC,14,85696796
S0202,F,CCCCCCC,15,87277048
S0202,F,CCCCCCC,16,9553
S0203,F,CCCCCCC(O)O,1,140145876
S0203,F,CCCCCCC(O)O,2,151949145
S0203,F,CCCCCCC(O)O,3,152084175
S0203,F,CCCCCCC(O)O,4,166745271
S0203,F,CCCCCCC(O)O,5,166745254
S0203,F,CCCCCCC(O)O,6,141036292
S0203,F,CCCCCCC(O)O,7,166745172
S0203,F,CCCCCCC(O)O,8,166745138
S0203,F,CCCCCCC(O)O,9,153520435
S0203,F,CCCCCCC(O)O,10,18541650
S0203,F,CCCCCCC(O)O,11,153520451
S0203,F,CCCCCCC(O)O,12,2776121
S0203,F,CCCCCCC(O)O,13,17981109
S0203,F,CCCCCCC(O)O,14,87880922
S0204,F,CCCCCCCC,1,23234174
S0204,F,CCCCCCCC,2,13637656
S0204,F,CCCCCCCC,3,526491
S0204,F,CCCCCCCC,4,537252
S0204,F,CCCCCCCC,5,117804568
S0204,F,CCCCCCCC,6,19861666
S0204,F,CCCCCCCC,7,90362004
S0204,F,CCCCCCCC,8,87111305
S0204,F,CCCCCCCC,9,91540016
S0204,F,CCCCCCCC,10,89151568
S0204,F,CCCCCCCC,11,163290370
S0204,F,CCCCCCCC,12,173633399
S0204,F,CCCCCCCC,13,57866998
S0204,F,CCCCCCCC,14,98452467
S0204,F,CCCCCCCC,15,23082000
S0204,F,CCCCCCCC,16,85697115
S0204,F,CCCCCCCC,17,101652
S0204,F,CCCCCCCC,18,9387
S0205,F,CCCCCCCC(=O)O,1,9616
S0205,F,CCCCCCCC(=O)O,2,20527951
S0205,F,CCCCCCCC(=O)O,3,21084667
S0205,F,CCCCCCCC(=O)O,4,172215992
S0205,F,CCCCCCCC(=O)O,5,87170614
S0205,F,CCCCCCCC(=O)O,6,89705970
S0205,F,CCCCCCCC(=O)O,7,22345036
S0205,F,CCCCCCCC(=O)O,8,139595757
S0205,F,CCCCCCCC(=O)O,9,15545302
S0205,F,CCCCCCCC(=O)O,10,88368253
S0205,F,CCCCCCCC(=O)O,11,14632790
S0205,F,CCCCCCCC(=O)O,12,101509342
S0205,F,CCCCCCCC(=O)O,13,17769506
S0205,F,CCCCCCCC(=O)O,14,85651307
S0205,F,CCCCCCCC(=O)O,15,9554
S0205,F,CCCCCCCC(=O)O,16,13528044
S0206,F,CCCCCCCC(O)O,1,141346506
S0206,F,CCCCCCCC(O)O,2,151342897
S0206,F,CCCCCCCC(O)O,3,151753102
S0206,F,CCCCCCCC(O)O,4,166745203
S0206,F,CCCCCCCC(O)O,5,166745179
S0206,F,CCCCCCCC(O)O,6,166745170
S0206,F,CCCCCCCC(O)O,7,166745218
S0206,F,CCCCCCCC(O)O,8,18801160
S0206,F,CCCCCCCC(O)O,9,153520455
S0206,F,CCCCCCCC(O)O,10,153520437
S0206,F,CCCCCCCC(O)O,11,166745135
S0206,F,CCCCCCCC(O)O,12,18380877
S0206,F,CCCCCCCC(O)O,13,153520453
S0206,F,CCCCCCCC(O)O,14,153520464
S0206,F,CCCCCCCC(O)O,15,150546515
S0206,F,CCCCCCCC(O)O,16,88332408
S0207,F,CCCCCCCCC,1,15062450
S0207,F,CCCCCCCCC,2,22085473
S0207,F,CCCCCCCCC,3,12172533
S0207,F,CCCCCCCCC,4,129802431
S0207,F,CCCCCCCCC,5,20579539
S0207,F,CCCCCCCCC,6,87708108
S0207,F,CCCCCCCCC,7,88590931
S0207,F,CCCCCCCCC,8,129813563
S0207,F,CCCCCCCCC,9,22002932
S0207,F,CCCCCCCCC,10,59628159
S0207,F,CCCCCCCCC,11,168951777
S0207,F,CCCCCCCCC,12,163290414
S0207,F,CCCCCCCCC,13,17782339
S0207,F,CCCCCCCCC,14,163290411
S0207,F,CCCCCCCCC,15,168937549
S0207,F,CCCCCCCCC,16,141182037
S0207,F,CCCCCCCCC,17,14869827
S0207,F,CCCCCCCCC,18,54230994
S0207,F,CCCCCCCCC,19,174694510
S0207,F,CCCCCCCCC,20,520856
S0208,F,CCCCCCCCC(=O)O,1,120255
S0208,F,CCCCCCCCC(=O)O,2,156799864
S0208,F,CCCCCCCCC(=O)O,3,88612342
S0208,F,CCCCCCCCC(=O)O,4,23533167
S0208,F,CCCCCCCCC(=O)O,5,169087665
S0208,F,CCCCCCCCC(=O)O,6,161437587
S0208,F,CCCCCCCCC(=O)O,7,71362441
S0208,F,CCCCCCCCC(=O)O,8,157263183
S0208,F,CCCCCCCCC(=O)O,9,53905829
S0208,F,CCCCCCCCC(=O)O,10,54259877
S0208,F,CCCCCCCCC(=O)O,11,18469837
S0208,F,CCCCCCCCC(=O)O,12,165164032
S0208,F,CCCCCCCCC(=O)O,13,89514337
S0208,F,CCCCCCCCC(=O)O,14,23284188
S0208,F,CCCCCCCCC(=O)O,15,162620922
S0208,F,CCCCCCCCC(=O)O,16,87077394
S0208,F,CCCCCCCCC(=O)O,17,67821
S0209,F,CCCCCCCCC(O)(O)O,1,140145879
S0209,F,CCCCCCCCC(O)(O)O,2,150966615
S0209,F,CCCCCCCCC(O)(O)O,3,166745283
S0209,F,CCCCCCCCC(O)(O)O,4,153587487
S0209,F,CCCCCCCCC(O)(O)O,5,166745200
S0209,F,CCCCCCCCC(O)(O)O,6,152147818
S0209,F,CCCCCCCCC(O)(O)O,7,166745196
S0209,F,CCCCCCCCC(O)(O)O,8,166745276
S0209,F,CCCCCCCCC(O)(O)O,9,166745293
S0209,F,CCCCCCCCC(O)(O)O,10,153587508
S0210,F,CCCCCCCCC(O)O,1,140145862
S0210,F,CCCCCCCCC(O)O,2,152208476
S0210,F,CCCCCCCCC(O)O,3,166745234
S0210,F,CCCCCCCCC(O)O,4,153520440
S0210,F,CCCCCCCCC(O)O,5,151780732
S0210,F,CCCCCCCCC(O)O,6,166745264
S0210,F,CCCCCCCCC(O)O,7,166745145
S0210,F,CCCCCCCCC(O)O,8,153520449
S0210,F,CCCCCCCCC(O)O,9,166745194
S0210,F,CCCCCCCCC(O)O,10,166745224
S0210,F,CCCCCCCCC(O)O,11,153520443
S0210,F,CCCCCCCCC(O)O,12,166745286
S0210,F,CCCCCCCCC(O)O,13,88465925
S0210,F,CCCCCCCCC(O)O,14,166745222
S0210,F,CCCCCCCCC(O)O,15,152716452
S0210,F,CCCCCCCCC(O)O,16,152626449
S0210,F,CCCCCCCCC(O)O,17,152246583
S0210,F,CCCCCCCCC(O)O,18,20082945
S0211,F,CCCCCCCCCC,1,9541
S0211,F,CCCCCCCCCC,2,54329732
S0211,F,CCCCCCCCCC,3,526407
S0211,F,CCCCCCCCCC,4,162575994
S0211,F,CCCCCCCCCC,5,87060875
S0211,F,CCCCCCCCCC,6,174433497
S0211,F,CCCCCCCCCC,7,22002806
S0211,F,CCCCCCCCCC,8,117878725
S0211,F,CCCCCCCCCC,9,22002821
S0211,F,CCCCCCCCCC,10,58091858
S0211,F,CCCCCCCCCC,11,22002933
S0211,F,CCCCCCCCCC,12,168937555
S0211,F,CCCCCCCCCC,13,123644288
S0211,F,CCCCCCCCCC,14,59554776
S0211,F,CCCCCCCCCC,15,169209460
S0211,F,CCCCCCCCCC,16,123516329
S0211,F,CCCCCCCCCC,17,173528940
S0211,F,CCCCCCCCCC,18,9934226
S0211,F,CCCCCCCCCC,19,23302143
S0211,F,CCCCCCCCCC,20,175548007
S0211,F,CCCCCCCCCC,21,174698695
S0211,F,CCCCCCCCCC,22,120203
S0212,F,CCCCCCCCCC(=O)O,1,87728347
S0212,F,CCCCCCCCCC(=O)O,2,117746009
S0212,F,CCCCCCCCCC(=O)O,3,88481948
S0212,F,CCCCCCCCCC(=O)O,4,87166505
S0212,F,CCCCCCCCCC(=O)O,5,87166563
S0212,F,CCCCCCCCCC(=O)O,6,150374058
S0212,F,CCCCCCCCCC(=O)O,7,152171321
S0212,F,CCCCCCCCCC(=O)O,8,118546502
S0212,F,CCCCCCCCCC(=O)O,9,153950206
S0212,F,CCCCCCCCCC(=O)O,10,139595709
S0212,F,CCCCCCCCCC(=O)O,11,87161743
S0213,F,CCCCCCCCCC(O)(O)O,1,140145933
S0213,F,CCCCCCCCCC(O)(O)O,2,166745175
S0213,F,CCCCCCCCCC(O)(O)O,3,166745210
S0213,F,CCCCCCCCCC(O)(O)O,4,166745140
S0213,F,CCCCCCCCCC(O)(O)O,5,151067861
S0213,F,CCCCCCCCCC(O)(O)O,6,166745137
S0213,F,CCCCCCCCCC(O)(O)O,7,150595783
S0213,F,CCCCCCCCCC(O)(O)O,8,153587483
S0213,F,CCCCCCCCCC(O)(O)O,9,153587495
S0213,F,CCCCCCCCCC(O)(O)O,10,153587482
S0213,F,CCCCCCCCCC(O)(O)O,11,166745142
S0213,F,CCCCCCCCCC(O)(O)O,12,166745152
S0214,F,CCCCCCCCCC(O)O,1,140145938
S0214,F,CCCCCCCCCC(O)O,2,166745266
S0214,F,CCCCCCCCCC(O)O,3,166745209
S0214,F,CCCCCCCCCC(O)O,4,153520446
S0214,F,CCCCCCCCCC(O)O,5,150930733
S0214,F,CCCCCCCCCC(O)O,6,22642340
S0214,F,CCCCCCCCCC(O)O,7,151615719
S0214,F,CCCCCCCCCC(O)O,8,150247898
S0214,F,CCCCCCCCCC(O)O,9,153520436
S0214,F,CCCCCCCCCC(O)O,10,166745253
S0214,F,CCCCCCCCCC(O)O,11,166745149
S0214,F,CCCCCCCCCC(O)O,12,153520434
S0214,F,CCCCCCCCCC(O)O,13,153520466
S0214,F,CCCCCCCCCC(O)O,14,166745174
S0214,F,CCCCCCCCCC(O)O,15,19097708
S0214,F,CCCCCCCCCC(O)O,16,18380876
S0214,F,CCCCCCCCCC(O)O,17,150366444
S0214,F,CCCCCCCCCC(O)O,18,153520459
S0214,F,CCCCCCCCCC(O)O,19,17763146
S0214,F,CCCCCCCCCC(O)O,20,88333332
S0215,F,CCCCCCCCCCC,1,10464
S0215,F,CCCCCCCCCCC,2,53904163
S0215,F,CCCCCCCCCCC,3,11321779
S0215,F,CCCCCCCCCCC,4,174871060
S0215,F,CCCCCCCCCCC,5,175528949
S0215,F,CCCCCCCCCCC,6,99769069
S0215,F,CCCCCCCCCCC,7,156191619
S0215,F,CCCCCCCCCCC,8,23107002
S0215,F,CCCCCCCCCCC,9,58173772
S0215,F,CCCCCCCCCCC,10,117878736
S0215,F,CCCCCCCCCCC,11,98452289
S0215,F,CCCCCCCCCCC,12,173530567
S0215,F,CCCCCCCCCCC,13,59008634
S0215,F,CCCCCCCCCCC,14,163290388
S0215,F,CCCCCCCCCCC,15,163290375
S0215,F,CCCCCCCCCCC,16,163290410
S0215,F,CCCCCCCCCCC,17,53830160
S0215,F,CCCCCCCCCCC,18,102123481
S0215,F,CCCCCCCCCCC,19,54420310
S0215,F,CCCCCCCCCCC,20,86005543
S0215,F,CCCCCCCCCCC,21,18508467
S0215,F,CCCCCCCCCCC,22,54409800
S0215,F,CCCCCCCCCCC,23,19741781
S0215,F,CCCCCCCCCCC,24,527539
S0216,F,CCCCCCCCCCCC,1,23209023
S0216,F,CCCCCCCCCCCC,2,9618
S0216,F,CCCCCCCCCCCC,3,87962902
S0216,F,CCCCCCCCCCCC,4,140353967
S0216,F,CCCCCCCCCCCC,5,46178760
S0216,F,CCCCCCCCCCCC,6,149836612
S0216,F,CCCCCCCCCCCC,7,142494965
S0216,F,CCCCCCCCCCCC,8,130303928
S0216,F,CCCCCCCCCCCC,9,10830385
S0216,F,CCCCCCCCCCCC,10,151826716
S0216,F,CCCCCCCCCCCC,11,22002967
S0216,F,CCCCCCCCCCCC,12,139878021
S0216,F,CCCCCCCCCCCC,13,173574249
S0216,F,CCCCCCCCCCCC,14,99769049
S0216,F,CCCCCCCCCCCC,15,123425795
S0216,F,CCCCCCCCCCCC,16,23556505
S0216,F,CCCCCCCCCCCC,17,87394624
S0216,F,CCCCCCCCCCCC,18,162541729
S0216,F,CCCCCCCCCCCC,19,54361958
S0216,F,CCCCCCCCCCCC,20,58937655
S0216,F,CCCCCCCCCCCC,21,54188754
S0216,F,CCCCCCCCCCCC,22,21281704
S0216,F,CCCCCCCCCCCC,23,173658415
S0216,F,CCCCCCCCCCCC,24,91532041
S0216,F,CCCCCCCCCCCC,25,174441165
S0216,F,CCCCCCCCCCCC,26,78973
S0217,F,CCCCCCCCCCCCC,1,23237907
S0217,F,CCCCCCCCCCCCC,2,89281845
S0217,F,CCCCCCCCCCCCC,3,158197948
S0217,F,CCCCCCCCCCCCC,4,129881648
S0217,F,CCCCCCCCCCCCC,5,53802079
S0217,F,CCCCCCCCCCCCC,6,121404872
S0217,F,CCCCCCCCCCCCC,7,98452337
S0217,F,CCCCCCCCCCCCC,8,121404861
S0217,F,CCCCCCCCCCCCC,9,10807503
S0217,F,CCCCCCCCCCCCC,10,142521238
S0217,F,CCCCCCCCCCCCC,11,98452305
S0217,F,CCCCCCCCCCCCC,12,87668950
S0217,F,CCCCCCCCCCCCC,13,20027940
S0218,F,CCCCCCCCCCCCCC,21,20029373
S0218,F,CCCCCCCCCCCCCC,22,165364239
S0218,F,CCCCCCCCCCCCCC,23,99647695
S0218,F,CCCCCCCCCCCCCC,24,59317501
S0218,F,CCCCCCCCCCCCCC,25,12663970
S0218,F,CCCCCCCCCCCCCC,26,87421579
S0218,F,CCCCCCCCCCCCCC,27,54199733
S0218,F,CCCCCCCCCCCCCC,28,18410524
S0218,F,CCCCCCCCCCCCCC,29,175173915
S0218,F,CCCCCCCCCCCCCC,30,2776371
S0219,F,CCCCCCCCCCCCN,1,23355980
S0219,F,CCCCCCCCCCCCN,2,152201280
S0219,F,CCCCCCCCCCCCN,3,176009381
S0219,F,CCCCCCCCCCCCN,4,157154928
S0219,F,CCCCCCCCCCCCN,5,175528958
S0219,F,CCCCCCCCCCCCN,6,176009328
S0219,F,CCCCCCCCCCCCN,7,176009335
S0219,F,CCCCCCCCCCCCN,8,175157301
S0219,F,CCCCCCCCCCCCN,9,175158669
S0219,F,CCCCCCCCCCCCN,10,87328035
S0219,F,CCCCCCCCCCCCN,11,175528684
S0219,F,CCCCCCCCCCCCN,12,175528967
S0219,F,CCCCCCCCCCCCN,13,142741902
S0219,F,CCCCCCCCCCCCN,14,175528819
S0219,F,CCCCCCCCCCCCN,15,162396465
S0219,F,CCCCCCCCCCCCN,16,175529266
S0219,F,CCCCCCCCCCCCN,17,10838806
S0220,F,CCCCCCCCCCCCS(=O)(=O)O,1,140428169
S0220,F,CCCCCCCCCCCCS(=O)(=O)O,2,134206753
S0220,F,CCCCCCCCCCCCS(=O)(=O)O,3,134206489
S0220,F,CCCCCCCCCCCCS(=O)(=O)O,4,122480853
S0220,F,CCCCCCCCCCCCS(=O)(=O)O,5,141491772
S0220,F,CCCCCCCCCCCCS(=O)(=O)O,6,134206439
S0220,F,CCCCCCCCCCCCS(=O)(=O)O,7,134206516
S0220,F,CCCCCCCCCCCCS(=O)(=O)O,8,122480851
S0220,F,CCCCCCCCCCCCS(=O)(=O)O,9,141491978
S0220,F,CCCCCCCCCCCCS(=O)(=O)O,10,141491774
S0220,F,CCCCCCCCCCCCS(=O)(=O)O,11,122480856
S0220,F,CCCCCCCCCCCCS(=O)(=O)O,12,141491787
S0220,F,CCCCCCCCCCCCS(=O)(=O)O,13,122480871
S0220,F,CCCCCCCCCCCCS(=O)(=O)O,14,141491826
S0220,F,CCCCCCCCCCCCS(=O)(=O)O,15,141492141
S0220,F,CCCCCCCCCCCCS(=O)(=O)O,16,122481052
S0220,F,CCCCCCCCCCCCS(=O)(=O)O,17,122480925
S0220,F,CCCCCCCCCCCCS(=O)(=O)O,18,122481212
S0220,F,CCCCCCCCCCCCS(=O)(=O)O,19,163324210
S0220,F,CCCCCCCCCCCCS(=O)(=O)O,20,134206726
S0220,F,CCCCCCCCCCCCS(=O)(=O)O,21,134206323
S0220,F,CCCCCCCCCCCCS(=O)(=O)O,22,122481033
S0220,F,CCCCCCCCCCCCS(=O)(=O)O,23,18945730
S0220,F,CCCCCCCCCCCCS(=O)(=O)O,24,23136188
S0220,F,CCCCCCCCCCCCS(=O)(=O)O,25,3018866
S0221,F,CCCCCCCCCCCCS(=O)(=O)O.CNC,1,173645854
S0221,F,CCCCCCCCCCCCS(=O)(=O)O.CNC,2,173645691
S0221,F,CCCCCCCCCCCCS(=O)(=O)O.CNC,3,171928998
S0221,F,CCCCCCCCCCCCS(=O)(=O)O.CNC,4,173645842
S0221,F,CCCCCCCCCCCCS(=O)(=O)O.CNC,5,171929245
S0221,F,CCCCCCCCCCCCS(=O)(=O)O.CNC,6,171923401
S0221,F,CCCCCCCCCCCCS(=O)(=O)O.CNC,7,171922843
S0221,F,CCCCCCCCCCCCS(=O)(=O)O.CNC,8,173740820
S0221,F,CCCCCCCCCCCCS(=O)(=O)O.CNC,9,173645722
S0221,F,CCCCCCCCCCCCS(=O)(=O)O.CNC,10,171922551
S0221,F,CCCCCCCCCCCCS(=O)(=O)O.CNC,11,173645891
S0221,F,CCCCCCCCCCCCS(=O)(=O)O.CNC,12,171922618
S0221,F,CCCCCCCCCCCCS(=O)(=O)O.CNC,13,173740488
S0221,F,CCCCCCCCCCCCS(=O)(=O)O.CNC,14,171932052
S0221,F,CCCCCCCCCCCCS(=O)(=O)O.CNC,15,173740676
S0221,F,CCCCCCCCCCCCS(=O)(=O)O.CNC,16,173740824
S0221,F,CCCCCCCCCCCCS(=O)(=O)O.CNC,17,173740688
S0221,F,CCCCCCCCCCCCS(=O)(=O)O.CNC,18,173740529
S0221,F,CCCCCCCCCCCCS(=O)(=O)O.CNC,19,173645766
S0221,F,CCCCCCCCCCCCS(=O)(=O)O.CNC,20,173645434
S0221,F,CCCCCCCCCCCCS(=O)(=O)O.CNC,21,173740791
S0221,F,CCCCCCCCCCCCS(=O)(=O)O.CNC,22,171928153
S0221,F,CCCCCCCCCCCCS(=O)(=O)O.CNC,23,171926180
S0221,F,CCCCCCCCCCCCS(=O)(=O)O.CNC,24,171922597
S0221,F,CCCCCCCCCCCCS(=O)(=O)O.CNC,25,171922662
S0222,F,CCCCCCCCCCCCS(=O)(=O)O.N,1,173740426
S0222,F,CCCCCCCCCCCCS(=O)(=O)O.N,2,171929052
S0222,F,CCCCCCCCCCCCS(=O)(=O)O.N,3,173740437
S0222,F,CCCCCCCCCCCCS(=O)(=O)O.N,4,175165542
S0222,F,CCCCCCCCCCCCS(=O)(=O)O.N,5,175157444
S0222,F,CCCCCCCCCCCCS(=O)(=O)O.N,6,175158558
S0222,F,CCCCCCCCCCCCS(=O)(=O)O.N,7,173740805
S0222,F,CCCCCCCCCCCCS(=O)(=O)O.N,8,173740423
S0222,F,CCCCCCCCCCCCS(=O)(=O)O.N,9,175164150
S0222,F,CCCCCCCCCCCCS(=O)(=O)O.N,10,175159722
S0222,F,CCCCCCCCCCCCS(=O)(=O)O.N,11,173740591
S0222,F,CCCCCCCCCCCCS(=O)(=O)O.N,12,173645597
S0222,F,CCCCCCCCCCCCS(=O)(=O)O.N,13,173740543
S0222,F,CCCCCCCCCCCCS(=O)(=O)O.N,14,173740823
S0222,F,CCCCCCCCCCCCS(=O)(=O)O.N,15,173740411
S0222,F,CCCCCCCCCCCCS(=O)(=O)O.N,16,173645542
S0222,F,CCCCCCCCCCCCS(=O)(=O)O.N,17,175161760
S0222,F,CCCCCCCCCCCCS(=O)(=O)O.N,18,173645875
S0222,F,CCCCCCCCCCCCS(=O)(=O)O.N,19,173740572
S0222,F,CCCCCCCCCCCCS(=O)(=O)O.N,20,173740627
S0222,F,CCCCCCCCCCCCS(=O)(=O)O.N,21,173740770
S0222,F,CCCCCCCCCCCCS(=O)(=O)O.N,22,173645581
S0222,F,CCCCCCCCCCCCS(=O)(=O)O.N,23,173740397
S0222,F,CCCCCCCCCCCCS(=O)(=O)O.N,24,173645587
S0222,F,CCCCCCCCCCCCS(=O)(=O)O.N,25,171922621
S0223,F,CCCCCCCCCCCCS(=O)(=O)O.c1ccncc1,1,173740409
S0223,F,CCCCCCCCCCCCS(=O)(=O)O.c1ccncc1,2,171928989
S0223,F,CCCCCCCCCCCCS(=O)(=O)O.c1ccncc1,3,171929040
S0223,F,CCCCCCCCCCCCS(=O)(=O)O.c1ccncc1,4,173645509
S0223,F,CCCCCCCCCCCCS(=O)(=O)O.c1ccncc1,5,171929907
S0223,F,CCCCCCCCCCCCS(=O)(=O)O.c1ccncc1,6,173645808
S0223,F,CCCCCCCCCCCCS(=O)(=O)O.c1ccncc1,7,171922798
S0223,F,CCCCCCCCCCCCS(=O)(=O)O.c1ccncc1,8,173645379
S0223,F,CCCCCCCCCCCCS(=O)(=O)O.c1ccncc1,9,171922857
S0223,F,CCCCCCCCCCCCS(=O)(=O)O.c1ccncc1,10,173645607
S0223,F,CCCCCCCCCCCCS(=O)(=O)O.c1ccncc1,11,171929496
S0223,F,CCCCCCCCCCCCS(=O)(=O)O.c1ccncc1,12,171922795
S0223,F,CCCCCCCCCCCCS(=O)(=O)O.c1ccncc1,13,171922925
S0223,F,CCCCCCCCCCCCS(=O)(=O)O.c1ccncc1,14,173645512
S0223,F,CCCCCCCCCCCCS(=O)(=O)O.c1ccncc1,15,171925497
S0223,F,CCCCCCCCCCCCS(=O)(=O)O.c1ccncc1,16,173645882
S0223,F,CCCCCCCCCCCCS(=O)(=O)O.c1ccncc1,17,171927797
S0223,F,CCCCCCCCCCCCS(=O)(=O)O.c1ccncc1,18,173645479
S0223,F,CCCCCCCCCCCCS(=O)(=O)O.c1ccncc1,19,171931725
S0223,F,CCCCCCCCCCCCS(=O)(=O)O.c1ccncc1,20,171922663
S0223,F,CCCCCCCCCCCCS(=O)(=O)O.c1ccncc1,21,171922781
S0223,F,CCCCCCCCCCCCS(=O)(=O)O.c1ccncc1,22,173645785
S0223,F,CCCCCCCCCCCCS(=O)(=O)O.c1ccncc1,23,171932595
S0223,F,CCCCCCCCCCCCS(=O)(=O)O.c1ccncc1,24,171930348
S0223,F,CCCCCCCCCCCCS(=O)(=O)O.c1ccncc1,25,171922891
S0224,F,CCCCCCCCCCCCS(=O)(=O)[O-].CC[N+](CC)(CC)CC,1,122481273
S0224,F,CCCCCCCCCCCCS(=O)(=O)[O-].CC[N+](CC)(CC)CC,2,122481175
S0224,F,CCCCCCCCCCCCS(=O)(=O)[O-].CC[N+](CC)(CC)CC,3,134207029
S0224,F,CCCCCCCCCCCCS(=O)(=O)[O-].CC[N+](CC)(CC)CC,4,122480964
S0224,F,CCCCCCCCCCCCS(=O)(=O)[O-].CC[N+](CC)(CC)CC,5,122481687
S0224,F,CCCCCCCCCCCCS(=O)(=O)[O-].CC[N+](CC)(CC)CC,6,122481396
S0224,F,CCCCCCCCCCCCS(=O)(=O)[O-].CC[N+](CC)(CC)CC,7,141491912
S0224,F,CCCCCCCCCCCCS(=O)(=O)[O-].CC[N+](CC)(CC)CC,8,141491986
S0224,F,CCCCCCCCCCCCS(=O)(=O)[O-].CC[N+](CC)(CC)CC,9,141492091
S0224,F,CCCCCCCCCCCCS(=O)(=O)[O-].CC[N+](CC)(CC)CC,10,122481179
S0224,F,CCCCCCCCCCCCS(=O)(=O)[O-].CC[N+](CC)(CC)CC,11,134206895
S0224,F,CCCCCCCCCCCCS(=O)(=O)[O-].CC[N+](CC)(CC)CC,12,122481372
S0224,F,CCCCCCCCCCCCS(=O)(=O)[O-].CC[N+](CC)(CC)CC,13,134206728
S0224,F,CCCCCCCCCCCCS(=O)(=O)[O-].CC[N+](CC)(CC)CC,14,122481218
S0224,F,CCCCCCCCCCCCS(=O)(=O)[O-].CC[N+](CC)(CC)CC,15,141492515
S0224,F,CCCCCCCCCCCCS(=O)(=O)[O-].CC[N+](CC)(CC)CC,16,134206698
S0224,F,CCCCCCCCCCCCS(=O)(=O)[O-].CC[N+](CC)(CC)CC,17,141492026
S0224,F,CCCCCCCCCCCCS(=O)(=O)[O-].CC[N+](CC)(CC)CC,18,134207098
S0224,F,CCCCCCCCCCCCS(=O)(=O)[O-].CC[N+](CC)(CC)CC,19,134207396
S0224,F,CCCCCCCCCCCCS(=O)(=O)[O-].CC[N+](CC)(CC)CC,20,134207130
S0224,F,CCCCCCCCCCCCS(=O)(=O)[O-].CC[N+](CC)(CC)CC,21,122481187
S0224,F,CCCCCCCCCCCCS(=O)(=O)[O-].CC[N+](CC)(CC)CC,22,141492472
S0224,F,CCCCCCCCCCCCS(=O)(=O)[O-].CC[N+](CC)(CC)CC,23,134207583
S0224,F,CCCCCCCCCCCCS(=O)(=O)[O-].CC[N+](CC)(CC)CC,24,122481877
S0224,F,CCCCCCCCCCCCS(=O)(=O)[O-].CC[N+](CC)(CC)CC,25,122481126
S0225,F,CCCCCCCCCCCCS(=O)(=O)[O-].C[NH2+]C,1,122481990
S0225,F,CCCCCCCCCCCCS(=O)(=O)[O-].C[NH2+]C,2,134207602
S0225,F,CCCCCCCCCCCCS(=O)(=O)[O-].C[NH2+]C,3,134207419
S0225,F,CCCCCCCCCCCCS(=O)(=O)[O-].C[NH2+]C,4,141492630
S0225,F,CCCCCCCCCCCCS(=O)(=O)[O-].C[NH2+]C,5,141492132
S0225,F,CCCCCCCCCCCCS(=O)(=O)[O-].C[NH2+]C,6,141492589
S0225,F,CCCCCCCCCCCCS(=O)(=O)[O-].C[NH2+]C,7,141492179
S0225,F,CCCCCCCCCCCCS(=O)(=O)[O-].C[NH2+]C,8,141492554
S0225,F,CCCCCCCCCCCCS(=O)(=O)[O-].C[NH2+]C,9,141492447
S0225,F,CCCCCCCCCCCCS(=O)(=O)[O-].C[NH2+]C,10,141492152
S0225,F,CCCCCCCCCCCCS(=O)(=O)[O-].C[NH2+]C,11,141492258
S0225,F,CCCCCCCCCCCCS(=O)(=O)[O-].C[NH2+]C,12,141492395
S0225,F,CCCCCCCCCCCCS(=O)(=O)[O-].C[NH2+]C,13,141492074
S0225,F,CCCCCCCCCCCCS(=O)(=O)[O-].C[NH2+]C,14,141492550
S0225,F,CCCCCCCCCCCCS(=O)(=O)[O-].C[NH2+]C,15,141492140
S0225,F,CCCCCCCCCCCCS(=O)(=O)[O-].C[NH2+]C,16,141492153
S0225,F,CCCCCCCCCCCCS(=O)(=O)[O-].C[NH2+]C,17,141492271
S0225,F,CCCCCCCCCCCCS(=O)(=O)[O-].C[NH2+]C,18,141492384
S0225,F,CCCCCCCCCCCCS(=O)(=O)[O-].C[NH2+]C,19,141492075
S0225,F,CCCCCCCCCCCCS(=O)(=O)[O-].C[NH2+]C,20,141492314
S0225,F,CCCCCCCCCCCCS(=O)(=O)[O-].C[NH2+]C,21,141491778
S0225,F,CCCCCCCCCCCCS(=O)(=O)[O-].C[NH2+]C,22,141492403
S0225,F,CCCCCCCCCCCCS(=O)(=O)[O-].C[NH2+]C,23,141492392
S0225,F,CCCCCCCCCCCCS(=O)(=O)[O-].C[NH2+]C,24,141492530
S0225,F,CCCCCCCCCCCCS(=O)(=O)[O-].C[NH2+]C,25,122480950
S0226,F,CCCCCCCCCCCCS(=O)(=O)[O-].[K+],1,134206760
S0226,F,CCCCCCCCCCCCS(=O)(=O)[O-].[K+],2,134207357
S0226,F,CCCCCCCCCCCCS(=O)(=O)[O-].[K+],3,134207354
S0226,F,CCCCCCCCCCCCS(=O)(=O)[O-].[K+],4,134206918
S0226,F,CCCCCCCCCCCCS(=O)(=O)[O-].[K+],5,122481682
S0226,F,CCCCCCCCCCCCS(=O)(=O)[O-].[K+],6,134206687
S0226,F,CCCCCCCCCCCCS(=O)(=O)[O-].[K+],7,122481935
S0226,F,CCCCCCCCCCCCS(=O)(=O)[O-].[K+],8,134206875
S0226,F,CCCCCCCCCCCCS(=O)(=O)[O-].[K+],9,134207304
S0226,F,CCCCCCCCCCCCS(=O)(=O)[O-].[K+],10,122480922
S0226,F,CCCCCCCCCCCCS(=O)(=O)[O-].[K+],11,141492096
S0226,F,CCCCCCCCCCCCS(=O)(=O)[O-].[K+],12,134207415
S0226,F,CCCCCCCCCCCCS(=O)(=O)[O-].[K+],13,141492010
S0226,F,CCCCCCCCCCCCS(=O)(=O)[O-].[K+],14,134206700
S0226,F,CCCCCCCCCCCCS(=O)(=O)[O-].[K+],15,141492324
S0226,F,CCCCCCCCCCCCS(=O)(=O)[O-].[K+],16,122481986
S0226,F,CCCCCCCCCCCCS(=O)(=O)[O-].[K+],17,122481254
S0226,F,CCCCCCCCCCCCS(=O)(=O)[O-].[K+],18,141492654
S0226,F,CCCCCCCCCCCCS(=O)(=O)[O-].[K+],19,134207555
S0226,F,CCCCCCCCCCCCS(=O)(=O)[O-].[K+],20,134206769
S0226,F,CCCCCCCCCCCCS(=O)(=O)[O-].[K+],21,141492388
S0226,F,CCCCCCCCCCCCS(=O)(=O)[O-].[K+],22,122481032
S0226,F,CCCCCCCCCCCCS(=O)(=O)[O-].[K+],23,122481259
S0226,F,CCCCCCCCCCCCS(=O)(=O)[O-].[K+],24,141492191
S0226,F,CCCCCCCCCCCCS(=O)(=O)[O-].[K+],25,23662528
S0227,F,CCCCCCCCCCCCS(=O)(=O)[O-].[Li+],1,134206850
S0227,F,CCCCCCCCCCCCS(=O)(=O)[O-].[Li+],2,134207363
S0227,F,CCCCCCCCCCCCS(=O)(=O)[O-].[Li+],3,134206488
S0227,F,CCCCCCCCCCCCS(=O)(=O)[O-].[Li+],4,141492357
S0227,F,CCCCCCCCCCCCS(=O)(=O)[O-].[Li+],5,141492131
S0227,F,CCCCCCCCCCCCS(=O)(=O)[O-].[Li+],6,134207613
S0227,F,CCCCCCCCCCCCS(=O)(=O)[O-].[Li+],7,122480782
S0227,F,CCCCCCCCCCCCS(=O)(=O)[O-].[Li+],8,141492300
S0227,F,CCCCCCCCCCCCS(=O)(=O)[O-].[Li+],9,141492104
S0227,F,CCCCCCCCCCCCS(=O)(=O)[O-].[Li+],10,141492147
S0227,F,CCCCCCCCCCCCS(=O)(=O)[O-].[Li+],11,134207603
S0227,F,CCCCCCCCCCCCS(=O)(=O)[O-].[Li+],12,141491965
S0227,F,CCCCCCCCCCCCS(=O)(=O)[O-].[Li+],13,122481588
S0227,F,CCCCCCCCCCCCS(=O)(=O)[O-].[Li+],14,134206294
S0227,F,CCCCCCCCCCCCS(=O)(=O)[O-].[Li+],15,141492235
S0227,F,CCCCCCCCCCCCS(=O)(=O)[O-].[Li+],16,141492330
S0227,F,CCCCCCCCCCCCS(=O)(=O)[O-].[Li+],17,122480985
S0227,F,CCCCCCCCCCCCS(=O)(=O)[O-].[Li+],18,134206837
S0227,F,CCCCCCCCCCCCS(=O)(=O)[O-].[Li+],19,122481397
S0227,F,CCCCCCCCCCCCS(=O)(=O)[O-].[Li+],20,134207622
S0227,F,CCCCCCCCCCCCS(=O)(=O)[O-].[Li+],21,134206856
S0227,F,CCCCCCCCCCCCS(=O)(=O)[O-].[Li+],22,134206770
S0227,F,CCCCCCCCCCCCS(=O)(=O)[O-].[Li+],23,122481470
S0227,F,CCCCCCCCCCCCS(=O)(=O)[O-].[Li+],24,141491852
S0227,F,CCCCCCCCCCCCS(=O)(=O)[O-].[Li+],25,101646892
S0228,F,CCCCCCCCCCCCS(=O)(=O)[O-].[NH4+],1,134206466
S0228,F,CCCCCCCCCCCCS(=O)(=O)[O-].[NH4+],2,134206752
S0228,F,CCCCCCCCCCCCS(=O)(=O)[O-].[NH4+],3,134206524
S0228,F,CCCCCCCCCCCCS(=O)(=O)[O-].[NH4+],4,141492600
S0228,F,CCCCCCCCCCCCS(=O)(=O)[O-].[NH4+],5,141492239
S0228,F,CCCCCCCCCCCCS(=O)(=O)[O-].[NH4+],6,141492209
S0228,F,CCCCCCCCCCCCS(=O)(=O)[O-].[NH4+],7,141492207
S0228,F,CCCCCCCCCCCCS(=O)(=O)[O-].[NH4+],8,141492174
S0228,F,CCCCCCCCCCCCS(=O)(=O)[O-].[NH4+],9,141492070
S0228,F,CCCCCCCCCCCCS(=O)(=O)[O-].[NH4+],10,141492133
S0228,F,CCCCCCCCCCCCS(=O)(=O)[O-].[NH4+],11,141492405
S0228,F,CCCCCCCCCCCCS(=O)(=O)[O-].[NH4+],12,141492336
S0228,F,CCCCCCCCCCCCS(=O)(=O)[O-].[NH4+],13,141491996
S0228,F,CCCCCCCCCCCCS(=O)(=O)[O-].[NH4+],14,141492495
S0228,F,CCCCCCCCCCCCS(=O)(=O)[O-].[NH4+],15,141492624
S0228,F,CCCCCCCCCCCCS(=O)(=O)[O-].[NH4+],16,141492444
S0228,F,CCCCCCCCCCCCS(=O)(=O)[O-].[NH4+],17,141492578
S0228,F,CCCCCCCCCCCCS(=O)(=O)[O-].[NH4+],18,141491819
S0228,F,CCCCCCCCCCCCS(=O)(=O)[O-].[NH4+],19,141492637
S0228,F,CCCCCCCCCCCCS(=O)(=O)[O-].[NH4+],20,141492349
S0228,F,CCCCCCCCCCCCS(=O)(=O)[O-].[NH4+],21,141492299
S0228,F,CCCCCCCCCCCCS(=O)(=O)[O-].[NH4+],22,141492186
S0228,F,CCCCCCCCCCCCS(=O)(=O)[O-].[NH4+],23,141492304
S0228,F,CCCCCCCCCCCCS(=O)(=O)[O-].[NH4+],24,141492450
S0228,F,CCCCCCCCCCCCS(=O)(=O)[O-].[NH4+],25,87239534
S0229,F,CCCCCCCCCCCCS(=O)(=O)[O-].[Na+],1,122482012
S0229,F,CCCCCCCCCCCCS(=O)(=O)[O-].[Na+],2,134207215
S0229,F,CCCCCCCCCCCCS(=O)(=O)[O-].[Na+],3,134207438
S0229,F,CCCCCCCCCCCCS(=O)(=O)[O-].[Na+],4,134206738
S0229,F,CCCCCCCCCCCCS(=O)(=O)[O-].[Na+],5,141491771
S0229,F,CCCCCCCCCCCCS(=O)(=O)[O-].[Na+],6,134207374
S0229,F,CCCCCCCCCCCCS(=O)(=O)[O-].[Na+],7,134207422
S0229,F,CCCCCCCCCCCCS(=O)(=O)[O-].[Na+],8,134206645
S0229,F,CCCCCCCCCCCCS(=O)(=O)[O-].[Na+],9,134206971
S0229,F,CCCCCCCCCCCCS(=O)(=O)[O-].[Na+],10,134207643
S0229,F,CCCCCCCCCCCCS(=O)(=O)[O-].[Na+],11,141492519
S0229,F,CCCCCCCCCCCCS(=O)(=O)[O-].[Na+],12,134207292
S0229,F,CCCCCCCCCCCCS(=O)(=O)[O-].[Na+],13,134206627
S0229,F,CCCCCCCCCCCCS(=O)(=O)[O-].[Na+],14,141491981
S0229,F,CCCCCCCCCCCCS(=O)(=O)[O-].[Na+],15,141492507
S0229,F,CCCCCCCCCCCCS(=O)(=O)[O-].[Na+],16,122481098
S0229,F,CCCCCCCCCCCCS(=O)(=O)[O-].[Na+],17,141492254
S0229,F,CCCCCCCCCCCCS(=O)(=O)[O-].[Na+],18,134207206
S0229,F,CCCCCCCCCCCCS(=O)(=O)[O-].[Na+],19,141491796
S0229,F,CCCCCCCCCCCCS(=O)(=O)[O-].[Na+],20,134206763
S0229,F,CCCCCCCCCCCCS(=O)(=O)[O-].[Na+],21,141492031
S0229,F,CCCCCCCCCCCCS(=O)(=O)[O-].[Na+],22,134206911
S0229,F,CCCCCCCCCCCCS(=O)(=O)[O-].[Na+],23,134206509
S0229,F,CCCCCCCCCCCCS(=O)(=O)[O-].[Na+],24,134206973
S0229,F,CCCCCCCCCCCCS(=O)(=O)[O-].[Na+],25,23687994
S0230,F,CCCCCCCCCCCCS(=O)(=O)[O-].c1cc[nH+]cc1,1,134206415
S0230,F,CCCCCCCCCCCCS(=O)(=O)[O-].c1cc[nH+]cc1,2,134207275
S0230,F,CCCCCCCCCCCCS(=O)(=O)[O-].c1cc[nH+]cc1,3,134206551
S0230,F,CCCCCCCCCCCCS(=O)(=O)[O-].c1cc[nH+]cc1,4,141492289
S0230,F,CCCCCCCCCCCCS(=O)(=O)[O-].c1cc[nH+]cc1,5,141492475
S0230,F,CCCCCCCCCCCCS(=O)(=O)[O-].c1cc[nH+]cc1,6,141491879
S0230,F,CCCCCCCCCCCCS(=O)(=O)[O-].c1cc[nH+]cc1,7,141492522
S0230,F,CCCCCCCCCCCCS(=O)(=O)[O-].c1cc[nH+]cc1,8,141492352
S0230,F,CCCCCCCCCCCCS(=O)(=O)[O-].c1cc[nH+]cc1,9,141492236
S0230,F,CCCCCCCCCCCCS(=O)(=O)[O-].c1cc[nH+]cc1,10,141492282
S0230,F,CCCCCCCCCCCCS(=O)(=O)[O-].c1cc[nH+]cc1,11,141492312
S0230,F,CCCCCCCCCCCCS(=O)(=O)[O-].c1cc[nH+]cc1,12,141491786
S0230,F,CCCCCCCCCCCCS(=O)(=O)[O-].c1cc[nH+]cc1,13,141492344
S0230,F,CCCCCCCCCCCCS(=O)(=O)[O-].c1cc[nH+]cc1,14,141491825
S0230,F,CCCCCCCCCCCCS(=O)(=O)[O-].c1cc[nH+]cc1,15,141492664
S0230,F,CCCCCCCCCCCCS(=O)(=O)[O-].c1cc[nH+]cc1,16,141492617
S0230,F,CCCCCCCCCCCCS(=O)(=O)[O-].c1cc[nH+]cc1,17,141492293
S0230,F,CCCCCCCCCCCCS(=O)(=O)[O-].c1cc[nH+]cc1,18,141492326
S0230,F,CCCCCCCCCCCCS(=O)(=O)[O-].c1cc[nH+]cc1,19,141492369
S0230,F,CCCCCCCCCCCCS(=O)(=O)[O-].c1cc[nH+]cc1,20,141492626
S0230,F,CCCCCCCCCCCCS(=O)(=O)[O-].c1cc[nH+]cc1,21,141492268
S0230,F,CCCCCCCCCCCCS(=O)(=O)[O-].c1cc[nH+]cc1,22,141492565
S0230,F,CCCCCCCCCCCCS(=O)(=O)[O-].c1cc[nH+]cc1,23,141492643
S0230,F,CCCCCCCCCCCCS(=O)(=O)[O-].c1cc[nH+]cc1,24,141492184
S0230,F,CCCCCCCCCCCCS(=O)(=O)[O-].c1cc[nH+]cc1,25,134206507
S0231,F,CCCCCCCCCCCS(=O)(=O)O,1,122481381
S0231,F,CCCCCCCCCCCS(=O)(=O)O,2,134206544
S0231,F,CCCCCCCCCCCS(=O)(=O)O,3,87483870
S0231,F,CCCCCCCCCCCS(=O)(=O)O,4,134206396
S0231,F,CCCCCCCCCCCS(=O)(=O)O,5,141491948
S0231,F,CCCCCCCCCCCS(=O)(=O)O,6,174870959
S0231,F,CCCCCCCCCCCS(=O)(=O)O,7,134206286
S0231,F,CCCCCCCCCCCS(=O)(=O)O,8,174870997
S0231,F,CCCCCCCCCCCS(=O)(=O)O,9,122481129
S0231,F,CCCCCCCCCCCS(=O)(=O)O,10,134206408
S0231,F,CCCCCCCCCCCS(=O)(=O)O,11,122481055
S0231,F,CCCCCCCCCCCS(=O)(=O)O,12,141491848
S0231,F,CCCCCCCCCCCS(=O)(=O)O,13,122480809
S0231,F,CCCCCCCCCCCS(=O)(=O)O,14,141491884
S0231,F,CCCCCCCCCCCS(=O)(=O)O,15,141491764
S0231,F,CCCCCCCCCCCS(=O)(=O)O,16,141492029
S0231,F,CCCCCCCCCCCS(=O)(=O)O,17,163324209
S0231,F,CCCCCCCCCCCS(=O)(=O)O,18,175164015
S0231,F,CCCCCCCCCCCS(=O)(=O)O,19,122480892
S0231,F,CCCCCCCCCCCS(=O)(=O)O,20,134206301
S0231,F,CCCCCCCCCCCS(=O)(=O)O,21,122480872
S0231,F,CCCCCCCCCCCS(=O)(=O)O,22,23136192
S0231,F,CCCCCCCCCCCS(=O)(=O)O,23,22141518
S0232,F,CCCCCCCCCCCS(=O)(=O)O.CNC,1,173645515
S0232,F,CCCCCCCCCCCS(=O)(=O)O.CNC,2,173740808
S0232,F,CCCCCCCCCCCS(=O)(=O)O.CNC,3,173740546
S0232,F,CCCCCCCCCCCS(=O)(=O)O.CNC,4,171927314
S0232,F,CCCCCCCCCCCS(=O)(=O)O.CNC,5,173645574
S0232,F,CCCCCCCCCCCS(=O)(=O)O.CNC,6,174870990
S0232,F,CCCCCCCCCCCS(=O)(=O)O.CNC,7,171922882
S0232,F,CCCCCCCCCCCS(=O)(=O)O.CNC,8,173740491
S0232,F,CCCCCCCCCCCS(=O)(=O)O.CNC,9,173645834
S0232,F,CCCCCCCCCCCS(=O)(=O)O.CNC,10,171922898
S0232,F,CCCCCCCCCCCS(=O)(=O)O.CNC,11,171922759
S0232,F,CCCCCCCCCCCS(=O)(=O)O.CNC,12,171925249
S0232,F,CCCCCCCCCCCS(=O)(=O)O.CNC,13,171932589
S0232,F,CCCCCCCCCCCS(=O)(=O)O.CNC,14,171922871
S0232,F,CCCCCCCCCCCS(=O)(=O)O.CNC,15,171927807
S0232,F,CCCCCCCCCCCS(=O)(=O)O.CNC,16,173740576
S0232,F,CCCCCCCCCCCS(=O)(=O)O.CNC,17,173740628
S0232,F,CCCCCCCCCCCS(=O)(=O)O.CNC,18,171922805
S0232,F,CCCCCCCCCCCS(=O)(=O)O.CNC,19,171922568
S0232,F,CCCCCCCCCCCS(=O)(=O)O.CNC,20,173645522
S0232,F,CCCCCCCCCCCS(=O)(=O)O.CNC,21,171922658
S0232,F,CCCCCCCCCCCS(=O)(=O)O.CNC,22,173645836
S0232,F,CCCCCCCCCCCS(=O)(=O)O.CNC,23,171930141
S0233,F,CCCCCCCCCCCS(=O)(=O)O.N,1,175158690
S0233,F,CCCCCCCCCCCS(=O)(=O)O.N,2,171929140
S0233,F,CCCCCCCCCCCS(=O)(=O)O.N,3,173645472
S0233,F,CCCCCCCCCCCS(=O)(=O)O.N,4,173740584
S0233,F,CCCCCCCCCCCS(=O)(=O)O.N,5,173645769
S0233,F,CCCCCCCCCCCS(=O)(=O)O.N,6,173740575
S0233,F,CCCCCCCCCCCS(=O)(=O)O.N,7,173740645
S0233,F,CCCCCCCCCCCS(=O)(=O)O.N,8,175164489
S0233,F,CCCCCCCCCCCS(=O)(=O)O.N,9,173645539
S0233,F,CCCCCCCCCCCS(=O)(=O)O.N,10,173740433
S0233,F,CCCCCCCCCCCS(=O)(=O)O.N,11,175159581
S0233,F,CCCCCCCCCCCS(=O)(=O)O.N,12,175163895
S0233,F,CCCCCCCCCCCS(=O)(=O)O.N,13,173740508
S0233,F,CCCCCCCCCCCS(=O)(=O)O.N,14,173740447
S0233,F,CCCCCCCCCCCS(=O)(=O)O.N,15,173740768
S0233,F,CCCCCCCCCCCS(=O)(=O)O.N,16,173740799
S0233,F,CCCCCCCCCCCS(=O)(=O)O.N,17,173645460
S0233,F,CCCCCCCCCCCS(=O)(=O)O.N,18,173740605
S0233,F,CCCCCCCCCCCS(=O)(=O)O.N,19,173645609
S0233,F,CCCCCCCCCCCS(=O)(=O)O.N,20,173740761
S0233,F,CCCCCCCCCCCS(=O)(=O)O.N,21,173645678
S0233,F,CCCCCCCCCCCS(=O)(=O)O.N,22,173740506
S0233,F,CCCCCCCCCCCS(=O)(=O)O.N,23,171930120
S0234,F,CCCCCCCCCCCS(=O)(=O)O.c1ccncc1,1,173645656
S0234,F,CCCCCCCCCCCS(=O)(=O)O.c1ccncc1,2,171929028
S0234,F,CCCCCCCCCCCS(=O)(=O)O.c1ccncc1,3,171928988
S0234,F,CCCCCCCCCCCS(=O)(=O)O.c1ccncc1,4,171923015
S0234,F,CCCCCCCCCCCS(=O)(=O)O.c1ccncc1,5,173645516
S0234,F,CCCCCCCCCCCS(=O)(=O)O.c1ccncc1,6,171929709
S0234,F,CCCCCCCCCCCS(=O)(=O)O.c1ccncc1,7,171923493
S0234,F,CCCCCCCCCCCS(=O)(=O)O.c1ccncc1,8,171924254
S0234,F,CCCCCCCCCCCS(=O)(=O)O.c1ccncc1,9,171922572
S0234,F,CCCCCCCCCCCS(=O)(=O)O.c1ccncc1,10,171927537
S0234,F,CCCCCCCCCCCS(=O)(=O)O.c1ccncc1,11,173645861
S0234,F,CCCCCCCCCCCS(=O)(=O)O.c1ccncc1,12,171931643
S0234,F,CCCCCCCCCCCS(=O)(=O)O.c1ccncc1,13,173645328
S0234,F,CCCCCCCCCCCS(=O)(=O)O.c1ccncc1,14,171922587
S0234,F,CCCCCCCCCCCS(=O)(=O)O.c1ccncc1,15,173645378
S0235,F,CCCCCCCCCCCS(=O)(=O)[O-].CC[N+](CC)(CC)CC,1,134207333
S0235,F,CCCCCCCCCCCS(=O)(=O)[O-].CC[N+](CC)(CC)CC,2,122482019
S0235,F,CCCCCCCCCCCS(=O)(=O)[O-].CC[N+](CC)(CC)CC,3,134206557
S0235,F,CCCCCCCCCCCS(=O)(=O)[O-].CC[N+](CC)(CC)CC,4,134207066
S0235,F,CCCCCCCCCCCS(=O)(=O)[O-].CC[N+](CC)(CC)CC,5,122481473
S0235,F,CCCCCCCCCCCS(=O)(=O)[O-].CC[N+](CC)(CC)CC,6,134207486
S0235,F,CCCCCCCCCCCS(=O)(=O)[O-].CC[N+](CC)(CC)CC,7,141492548
S0235,F,CCCCCCCCCCCS(=O)(=O)[O-].CC[N+](CC)(CC)CC,8,134207004
S0235,F,CCCCCCCCCCCS(=O)(=O)[O-].CC[N+](CC)(CC)CC,9,122481710
S0235,F,CCCCCCCCCCCS(=O)(=O)[O-].CC[N+](CC)(CC)CC,10,134206407
S0235,F,CCCCCCCCCCCS(=O)(=O)[O-].CC[N+](CC)(CC)CC,11,122481054
S0235,F,CCCCCCCCCCCS(=O)(=O)[O-].CC[N+](CC)(CC)CC,12,134207238
S0235,F,CCCCCCCCCCCS(=O)(=O)[O-].CC[N+](CC)(CC)CC,13,122481906
S0235,F,CCCCCCCCCCCS(=O)(=O)[O-].CC[N+](CC)(CC)CC,14,141492397
S0235,F,CCCCCCCCCCCS(=O)(=O)[O-].CC[N+](CC)(CC)CC,15,122481866
S0235,F,CCCCCCCCCCCS(=O)(=O)[O-].CC[N+](CC)(CC)CC,16,134206903
S0235,F,CCCCCCCCCCCS(=O)(=O)[O-].CC[N+](CC)(CC)CC,17,141492061
S0235,F,CCCCCCCCCCCS(=O)(=O)[O-].CC[N+](CC)(CC)CC,18,122480939
S0235,F,CCCCCCCCCCCS(=O)(=O)[O-].CC[N+](CC)(CC)CC,19,141492049
S0235,F,CCCCCCCCCCCS(=O)(=O)[O-].CC[N+](CC)(CC)CC,20,122481657
S0235,F,CCCCCCCCCCCS(=O)(=O)[O-].CC[N+](CC)(CC)CC,21,134207170
S0235,F,CCCCCCCCCCCS(=O)(=O)[O-].CC[N+](CC)(CC)CC,22,134207205
S0235,F,CCCCCCCCCCCS(=O)(=O)[O-].CC[N+](CC)(CC)CC,23,122481385
S0236,F,CCCCCCCCCCCS(=O)(=O)[O-].C[NH2+]C,1,122481281
S0236,F,CCCCCCCCCCCS(=O)(=O)[O-].C[NH2+]C,2,134207578
S0236,F,CCCCCCCCCCCS(=O)(=O)[O-].C[NH2+]C,3,134206880
S0236,F,CCCCCCCCCCCS(=O)(=O)[O-].C[NH2+]C,4,141492604
S0236,F,CCCCCCCCCCCS(=O)(=O)[O-].C[NH2+]C,5,141492348
S0236,F,CCCCCCCCCCCS(=O)(=O)[O-].C[NH2+]C,6,141491944
S0236,F,CCCCCCCCCCCS(=O)(=O)[O-].C[NH2+]C,7,141492007
S0236,F,CCCCCCCCCCCS(=O)(=O)[O-].C[NH2+]C,8,141492218
S0236,F,CCCCCCCCCCCS(=O)(=O)[O-].C[NH2+]C,9,141492661
S0236,F,CCCCCCCCCCCS(=O)(=O)[O-].C[NH2+]C,10,141492045
S0236,F,CCCCCCCCCCCS(=O)(=O)[O-].C[NH2+]C,11,141492150
S0236,F,CCCCCCCCCCCS(=O)(=O)[O-].C[NH2+]C,12,141492380
S0236,F,CCCCCCCCCCCS(=O)(=O)[O-].C[NH2+]C,13,141491954
S0236,F,CCCCCCCCCCCS(=O)(=O)[O-].C[NH2+]C,14,141492442
S0236,F,CCCCCCCCCCCS(=O)(=O)[O-].C[NH2+]C,15,141492488
S0236,F,CCCCCCCCCCCS(=O)(=O)[O-].C[NH2+]C,16,141492159
S0236,F,CCCCCCCCCCCS(=O)(=O)[O-].C[NH2+]C,17,141492244
S0236,F,CCCCCCCCCCCS(=O)(=O)[O-].C[NH2+]C,18,141492647
S0236,F,CCCCCCCCCCCS(=O)(=O)[O-].C[NH2+]C,19,141491864
S0236,F,CCCCCCCCCCCS(=O)(=O)[O-].C[NH2+]C,20,141492003
S0236,F,CCCCCCCCCCCS(=O)(=O)[O-].C[NH2+]C,21,141492639
S0236,F,CCCCCCCCCCCS(=O)(=O)[O-].C[NH2+]C,22,141492620
S0236,F,CCCCCCCCCCCS(=O)(=O)[O-].C[NH2+]C,23,122481752
S0237,F,CCCCCCCCCCCS(=O)(=O)[O-].[K+],1,122481304
S0237,F,CCCCCCCCCCCS(=O)(=O)[O-].[K+],2,122481193
S0237,F,CCCCCCCCCCCS(=O)(=O)[O-].[K+],3,134207135
S0237,F,CCCCCCCCCCCS(=O)(=O)[O-].[K+],4,122482035
S0237,F,CCCCCCCCCCCS(=O)(=O)[O-].[K+],5,134206929
S0237,F,CCCCCCCCCCCS(=O)(=O)[O-].[K+],6,141492658
S0237,F,CCCCCCCCCCCS(=O)(=O)[O-].[K+],7,122481080
S0237,F,CCCCCCCCCCCS(=O)(=O)[O-].[K+],8,122481127
S0237,F,CCCCCCCCCCCS(=O)(=O)[O-].[K+],9,122481895
S0237,F,CCCCCCCCCCCS(=O)(=O)[O-].[K+],10,122481402
S0237,F,CCCCCCCCCCCS(=O)(=O)[O-].[K+],11,122481209
S0237,F,CCCCCCCCCCCS(=O)(=O)[O-].[K+],12,122482113
S0237,F,CCCCCCCCCCCS(=O)(=O)[O-].[K+],13,122481057
S0237,F,CCCCCCCCCCCS(=O)(=O)[O-].[K+],14,141492016
S0237,F,CCCCCCCCCCCS(=O)(=O)[O-].[K+],15,122481565
S0237,F,CCCCCCCCCCCS(=O)(=O)[O-].[K+],16,141492145
S0237,F,CCCCCCCCCCCS(=O)(=O)[O-].[K+],17,134206477
S0237,F,CCCCCCCCCCCS(=O)(=O)[O-].[K+],18,141492287
S0237,F,CCCCCCCCCCCS(=O)(=O)[O-].[K+],19,141492526
S0237,F,CCCCCCCCCCCS(=O)(=O)[O-].[K+],20,141492156
S0237,F,CCCCCCCCCCCS(=O)(=O)[O-].[K+],21,122481643
S0237,F,CCCCCCCCCCCS(=O)(=O)[O-].[K+],22,122481030
S0237,F,CCCCCCCCCCCS(=O)(=O)[O-].[K+],23,101646890
S0238,F,CCCCCCCCCCCS(=O)(=O)[O-].[Li+],1,134206707
S0238,F,CCCCCCCCCCCS(=O)(=O)[O-].[Li+],2,122481966
S0238,F,CCCCCCCCCCCS(=O)(=O)[O-].[Li+],3,122482059
S0238,F,CCCCCCCCCCCS(=O)(=O)[O-].[Li+],4,122481344
S0238,F,CCCCCCCCCCCS(=O)(=O)[O-].[Li+],5,141492466
S0238,F,CCCCCCCCCCCS(=O)(=O)[O-].[Li+],6,134206482
S0238,F,CCCCCCCCCCCS(=O)(=O)[O-].[Li+],7,134206776
S0238,F,CCCCCCCCCCCS(=O)(=O)[O-].[Li+],8,134207300
S0238,F,CCCCCCCCCCCS(=O)(=O)[O-].[Li+],9,134207264
S0238,F,CCCCCCCCCCCS(=O)(=O)[O-].[Li+],10,141492494
S0238,F,CCCCCCCCCCCS(=O)(=O)[O-].[Li+],11,122481186
S0238,F,CCCCCCCCCCCS(=O)(=O)[O-].[Li+],12,141492467
S0238,F,CCCCCCCCCCCS(=O)(=O)[O-].[Li+],13,141491866
S0238,F,CCCCCCCCCCCS(=O)(=O)[O-].[Li+],14,141492389
S0238,F,CCCCCCCCCCCS(=O)(=O)[O-].[Li+],15,141492544
S0238,F,CCCCCCCCCCCS(=O)(=O)[O-].[Li+],16,141492560
S0238,F,CCCCCCCCCCCS(=O)(=O)[O-].[Li+],17,134207439
S0238,F,CCCCCCCCCCCS(=O)(=O)[O-].[Li+],18,141492559
S0238,F,CCCCCCCCCCCS(=O)(=O)[O-].[Li+],19,134207265
S0238,F,CCCCCCCCCCCS(=O)(=O)[O-].[Li+],20,134206300
S0238,F,CCCCCCCCCCCS(=O)(=O)[O-].[Li+],21,141492367
S0238,F,CCCCCCCCCCCS(=O)(=O)[O-].[Li+],22,141492202
S0238,F,CCCCCCCCCCCS(=O)(=O)[O-].[Li+],23,101646891
S0239,F,CCCCCCCCCCCS(=O)(=O)[O-].[NH4+],1,122481056
S0239,F,CCCCCCCCCCCS(=O)(=O)[O-].[NH4+],2,134207590
S0239,F,CCCCCCCCCCCS(=O)(=O)[O-].[NH4+],3,134206906
S0239,F,CCCCCCCCCCCS(=O)(=O)[O-].[NH4+],4,141492533
S0239,F,CCCCCCCCCCCS(=O)(=O)[O-].[NH4+],5,141492117
S0239,F,CCCCCCCCCCCS(=O)(=O)[O-].[NH4+],6,141492347
S0239,F,CCCCCCCCCCCS(=O)(=O)[O-].[NH4+],7,141491982
S0239,F,CCCCCCCCCCCS(=O)(=O)[O-].[NH4+],8,141492285
S0239,F,CCCCCCCCCCCS(=O)(=O)[O-].[NH4+],9,141491973
S0239,F,CCCCCCCCCCCS(=O)(=O)[O-].[NH4+],10,141492595
S0239,F,CCCCCCCCCCCS(=O)(=O)[O-].[NH4+],11,141492214
S0239,F,CCCCCCCCCCCS(=O)(=O)[O-].[NH4+],12,141492338
S0239,F,CCCCCCCCCCCS(=O)(=O)[O-].[NH4+],13,141492317
S0239,F,CCCCCCCCCCCS(=O)(=O)[O-].[NH4+],14,141492591
S0239,F,CCCCCCCCCCCS(=O)(=O)[O-].[NH4+],15,141492463
S0239,F,CCCCCCCCCCCS(=O)(=O)[O-].[NH4+],16,141492581
S0239,F,CCCCCCCCCCCS(=O)(=O)[O-].[NH4+],17,141492192
S0239,F,CCCCCCCCCCCS(=O)(=O)[O-].[NH4+],18,141492478
S0239,F,CCCCCCCCCCCS(=O)(=O)[O-].[NH4+],19,141492433
S0239,F,CCCCCCCCCCCS(=O)(=O)[O-].[NH4+],20,141492123
S0239,F,CCCCCCCCCCCS(=O)(=O)[O-].[NH4+],21,141492100
S0239,F,CCCCCCCCCCCS(=O)(=O)[O-].[NH4+],22,141492529
S0239,F,CCCCCCCCCCCS(=O)(=O)[O-].[NH4+],23,122481404
S0240,F,CCCCCCCCCCCS(=O)(=O)[O-].[Na+],1,134207444
S0240,F,CCCCCCCCCCCS(=O)(=O)[O-].[Na+],2,122480802
S0240,F,CCCCCCCCCCCS(=O)(=O)[O-].[Na+],3,134206746
S0240,F,CCCCCCCCCCCS(=O)(=O)[O-].[Na+],4,134207117
S0240,F,CCCCCCCCCCCS(=O)(=O)[O-].[Na+],5,134207113
S0240,F,CCCCCCCCCCCS(=O)(=O)[O-].[Na+],6,141492088
S0240,F,CCCCCCCCCCCS(=O)(=O)[O-].[Na+],7,134207343
S0240,F,CCCCCCCCCCCS(=O)(=O)[O-].[Na+],8,134206978
S0240,F,CCCCCCCCCCCS(=O)(=O)[O-].[Na+],9,134207164
S0240,F,CCCCCCCCCCCS(=O)(=O)[O-].[Na+],10,141492270
S0240,F,CCCCCCCCCCCS(=O)(=O)[O-].[Na+],11,134207012
S0240,F,CCCCCCCCCCCS(=O)(=O)[O-].[Na+],12,141492441
S0240,F,CCCCCCCCCCCS(=O)(=O)[O-].[Na+],13,141492470
S0240,F,CCCCCCCCCCCS(=O)(=O)[O-].[Na+],14,122482183
S0240,F,CCCCCCCCCCCS(=O)(=O)[O-].[Na+],15,141492610
S0240,F,CCCCCCCCCCCS(=O)(=O)[O-].[Na+],16,122481094
S0240,F,CCCCCCCCCCCS(=O)(=O)[O-].[Na+],17,141492205
S0240,F,CCCCCCCCCCCS(=O)(=O)[O-].[Na+],18,122481562
S0240,F,CCCCCCCCCCCS(=O)(=O)[O-].[Na+],19,134207287
S0240,F,CCCCCCCCCCCS(=O)(=O)[O-].[Na+],20,122481031
S0240,F,CCCCCCCCCCCS(=O)(=O)[O-].[Na+],21,134207193
S0240,F,CCCCCCCCCCCS(=O)(=O)[O-].[Na+],22,122480832
S0240,F,CCCCCCCCCCCS(=O)(=O)[O-].[Na+],23,101646889
S0241,F,CCCCCCCCCCCS(=O)(=O)[O-].c1cc[nH+]cc1,1,122481593
S0241,F,CCCCCCCCCCCS(=O)(=O)[O-].c1cc[nH+]cc1,2,134206989
S0241,F,CCCCCCCCCCCS(=O)(=O)[O-].c1cc[nH+]cc1,3,134207310
S0241,F,CCCCCCCCCCCS(=O)(=O)[O-].c1cc[nH+]cc1,4,141492619
S0241,F,CCCCCCCCCCCS(=O)(=O)[O-].c1cc[nH+]cc1,5,141492111
S0241,F,CCCCCCCCCCCS(=O)(=O)[O-].c1cc[nH+]cc1,6,141492334
S0241,F,CCCCCCCCCCCS(=O)(=O)[O-].c1cc[nH+]cc1,7,141492180
S0241,F,CCCCCCCCCCCS(=O)(=O)[O-].c1cc[nH+]cc1,8,141491908
S0241,F,CCCCCCCCCCCS(=O)(=O)[O-].c1cc[nH+]cc1,9,141492508
S0241,F,CCCCCCCCCCCS(=O)(=O)[O-].c1cc[nH+]cc1,10,141492606
S0241,F,CCCCCCCCCCCS(=O)(=O)[O-].c1cc[nH+]cc1,11,141491895
S0241,F,CCCCCCCCCCCS(=O)(=O)[O-].c1cc[nH+]cc1,12,141491929
S0241,F,CCCCCCCCCCCS(=O)(=O)[O-].c1cc[nH+]cc1,13,141492479
S0241,F,CCCCCCCCCCCS(=O)(=O)[O-].c1cc[nH+]cc1,14,141491883
S0241,F,CCCCCCCCCCCS(=O)(=O)[O-].c1cc[nH+]cc1,15,141492611
S0241,F,CCCCCCCCCCCS(=O)(=O)[O-].c1cc[nH+]cc1,16,141492455
S0241,F,CCCCCCCCCCCS(=O)(=O)[O-].c1cc[nH+]cc1,17,141492616
S0241,F,CCCCCCCCCCCS(=O)(=O)[O-].c1cc[nH+]cc1,18,141491877
S0241,F,CCCCCCCCCCCS(=O)(=O)[O-].c1cc[nH+]cc1,19,141492291
S0241,F,CCCCCCCCCCCS(=O)(=O)[O-].c1cc[nH+]cc1,20,141492417
S0241,F,CCCCCCCCCCCS(=O)(=O)[O-].c1cc[nH+]cc1,21,141492335
S0241,F,CCCCCCCCCCCS(=O)(=O)[O-].c1cc[nH+]cc1,22,141492575
S0241,F,CCCCCCCCCCCS(=O)(=O)[O-].c1cc[nH+]cc1,23,122481610
S0242,F,CCCCCCCCCCO,1,88197842
S0242,F,CCCCCCCCCCO,2,139691168
S0242,F,CCCCCCCCCCO,3,166745242
S0242,F,CCCCCCCCCCO,4,142699850
S0242,F,CCCCCCCCCCO,5,20163815
S0242,F,CCCCCCCCCCO,6,166745270
S0242,F,CCCCCCCCCCO,7,53676465
S0242,F,CCCCCCCCCCO,8,153587510
S0242,F,CCCCCCCCCCO,9,2775809
S0242,F,CCCCCCCCCCO,10,88655509
S0242,F,CCCCCCCCCCO,11,126480359
S0242,F,CCCCCCCCCCO,12,153587509
S0242,F,CCCCCCCCCCO,13,131728043
S0242,F,CCCCCCCCCCO,14,53911442
S0242,F,CCCCCCCCCCO,15,57740578
S0242,F,CCCCCCCCCCO,16,91098675
S0242,F,CCCCCCCCCCO,17,53435536
S0242,F,CCCCCCCCCCO,18,22760859
S0242,F,CCCCCCCCCCO,19,174409007
S0242,F,CCCCCCCCCCO,20,21880847
S0242,F,CCCCCCCCCCO,21,158857
S0243,F,CCCCCCCCCCS(=O)(=O)O,1,88218388
S0243,F,CCCCCCCCCCS(=O)(=O)O,2,122480882
S0243,F,CCCCCCCCCCS(=O)(=O)O,3,134206353
S0243,F,CCCCCCCCCCS(=O)(=O)O,4,141491856
S0243,F,CCCCCCCCCCS(=O)(=O)O,5,122480836
S0243,F,CCCCCCCCCCS(=O)(=O)O,6,134207080
S0243,F,CCCCCCCCCCS(=O)(=O)O,7,141491763
S0243,F,CCCCCCCCCCS(=O)(=O)O,8,174870987
S0243,F,CCCCCCCCCCS(=O)(=O)O,9,134206305
S0243,F,CCCCCCCCCCS(=O)(=O)O,10,141491794
S0243,F,CCCCCCCCCCS(=O)(=O)O,11,141491813
S0243,F,CCCCCCCCCCS(=O)(=O)O,12,12118336
S0243,F,CCCCCCCCCCS(=O)(=O)O,13,102135769
S0243,F,CCCCCCCCCCS(=O)(=O)O,14,122481105
S0243,F,CCCCCCCCCCS(=O)(=O)O,15,163324208
S0243,F,CCCCCCCCCCS(=O)(=O)O,16,175170084
S0243,F,CCCCCCCCCCS(=O)(=O)O,17,141491777
S0243,F,CCCCCCCCCCS(=O)(=O)O,18,141491901
S0243,F,CCCCCCCCCCS(=O)(=O)O,19,141491907
S0243,F,CCCCCCCCCCS(=O)(=O)O,20,139594539
S0243,F,CCCCCCCCCCS(=O)(=O)O,21,67636
S0244,F,CCCCCCCCCCS(=O)(=O)O.CNC,1,173740465
S0244,F,CCCCCCCCCCS(=O)(=O)O.CNC,2,173645847
S0244,F,CCCCCCCCCCS(=O)(=O)O.CNC,3,171929045
S0244,F,CCCCCCCCCCS(=O)(=O)O.CNC,4,173740446
S0244,F,CCCCCCCCCCS(=O)(=O)O.CNC,5,173740763
S0244,F,CCCCCCCCCCS(=O)(=O)O.CNC,6,171924984
S0244,F,CCCCCCCCCCS(=O)(=O)O.CNC,7,171922810
S0244,F,CCCCCCCCCCS(=O)(=O)O.CNC,8,173645672
S0244,F,CCCCCCCCCCS(=O)(=O)O.CNC,9,171922627
S0244,F,CCCCCCCCCCS(=O)(=O)O.CNC,10,171926002
S0244,F,CCCCCCCCCCS(=O)(=O)O.CNC,11,171922626
S0244,F,CCCCCCCCCCS(=O)(=O)O.CNC,12,171922901
S0244,F,CCCCCCCCCCS(=O)(=O)O.CNC,13,171927878
S0244,F,CCCCCCCCCCS(=O)(=O)O.CNC,14,171922704
S0244,F,CCCCCCCCCCS(=O)(=O)O.CNC,15,171922665
S0244,F,CCCCCCCCCCS(=O)(=O)O.CNC,16,173740487
S0244,F,CCCCCCCCCCS(=O)(=O)O.CNC,17,173645724
S0244,F,CCCCCCCCCCS(=O)(=O)O.CNC,18,171930285
S0244,F,CCCCCCCCCCS(=O)(=O)O.CNC,19,175157394
S0244,F,CCCCCCCCCCS(=O)(=O)O.CNC,20,173645921
S0244,F,CCCCCCCCCCS(=O)(=O)O.CNC,21,171930077
S0245,F,CCCCCCCCCCS(=O)(=O)O.N,1,173740762
S0245,F,CCCCCCCCCCS(=O)(=O)O.N,2,173740677
S0245,F,CCCCCCCCCCS(=O)(=O)O.N,3,173740528
S0245,F,CCCCCCCCCCS(=O)(=O)O.N,4,173645811
S0245,F,CCCCCCCCCCS(=O)(=O)O.N,5,175159903
S0245,F,CCCCCCCCCCS(=O)(=O)O.N,6,173645593
S0245,F,CCCCCCCCCCS(=O)(=O)O.N,7,173740714
S0245,F,CCCCCCCCCCS(=O)(=O)O.N,8,173645363
S0245,F,CCCCCCCCCCS(=O)(=O)O.N,9,175157137
S0245,F,CCCCCCCCCCS(=O)(=O)O.N,10,175163968
S0245,F,CCCCCCCCCCS(=O)(=O)O.N,11,173740730
S0245,F,CCCCCCCCCCS(=O)(=O)O.N,12,175166613
S0245,F,CCCCCCCCCCS(=O)(=O)O.N,13,175157331
S0245,F,CCCCCCCCCCS(=O)(=O)O.N,14,173645702
S0245,F,CCCCCCCCCCS(=O)(=O)O.N,15,173740392
S0245,F,CCCCCCCCCCS(=O)(=O)O.N,16,175170083
S0245,F,CCCCCCCCCCS(=O)(=O)O.N,17,14388643
S0245,F,CCCCCCCCCCS(=O)(=O)O.N,18,173645713
S0245,F,CCCCCCCCCCS(=O)(=O)O.N,19,173740581
S0245,F,CCCCCCCCCCS(=O)(=O)O.N,20,173645474
S0245,F,CCCCCCCCCCS(=O)(=O)O.N,21,170839270
S0246,F,CCCCCCCCCCS(=O)(=O)O.c1ccncc1,1,175164505
S0246,F,CCCCCCCCCCS(=O)(=O)O.c1ccncc1,2,171929043
S0246,F,CCCCCCCCCCS(=O)(=O)O.c1ccncc1,3,173645789
S0246,F,CCCCCCCCCCS(=O)(=O)O.c1ccncc1,4,174870998
S0246,F,CCCCCCCCCCS(=O)(=O)O.c1ccncc1,5,173645373
S0246,F,CCCCCCCCCCS(=O)(=O)O.c1ccncc1,6,171926409
S0246,F,CCCCCCCCCCS(=O)(=O)O.c1ccncc1,7,171922585
S0246,F,CCCCCCCCCCS(=O)(=O)O.c1ccncc1,8,171924145
S0246,F,CCCCCCCCCCS(=O)(=O)O.c1ccncc1,9,171930096
S0246,F,CCCCCCCCCCS(=O)(=O)O.c1ccncc1,10,173645774
S0246,F,CCCCCCCCCCS(=O)(=O)O.c1ccncc1,11,171923034
S0246,F,CCCCCCCCCCS(=O)(=O)O.c1ccncc1,12,171930243
S0246,F,CCCCCCCCCCS(=O)(=O)O.c1ccncc1,13,171922635
S0246,F,CCCCCCCCCCS(=O)(=O)O.c1ccncc1,14,173645655
S0246,F,CCCCCCCCCCS(=O)(=O)O.c1ccncc1,15,171922564
S0246,F,CCCCCCCCCCS(=O)(=O)O.c1ccncc1,16,173645699
S0246,F,CCCCCCCCCCS(=O)(=O)O.c1ccncc1,17,171922733
S0246,F,CCCCCCCCCCS(=O)(=O)O.c1ccncc1,18,173645777
S0246,F,CCCCCCCCCCS(=O)(=O)O.c1ccncc1,19,171922880
S0246,F,CCCCCCCCCCS(=O)(=O)O.c1ccncc1,20,173645365
S0246,F,CCCCCCCCCCS(=O)(=O)O.c1ccncc1,21,171930719
S0247,F,CCCCCCCCCCS(=O)(=O)[O-].CC[N+](CC)(CC)CC,1,134206634
S0247,F,CCCCCCCCCCS(=O)(=O)[O-].CC[N+](CC)(CC)CC,2,134206442
S0247,F,CCCCCCCCCCS(=O)(=O)[O-].CC[N+](CC)(CC)CC,3,122481507
S0247,F,CCCCCCCCCCS(=O)(=O)[O-].CC[N+](CC)(CC)CC,4,141491935
S0247,F,CCCCCCCCCCS(=O)(=O)[O-].CC[N+](CC)(CC)CC,5,141492047
S0247,F,CCCCCCCCCCS(=O)(=O)[O-].CC[N+](CC)(CC)CC,6,134207639
S0247,F,CCCCCCCCCCS(=O)(=O)[O-].CC[N+](CC)(CC)CC,7,141491859
S0247,F,CCCCCCCCCCS(=O)(=O)[O-].CC[N+](CC)(CC)CC,8,122481856
S0247,F,CCCCCCCCCCS(=O)(=O)[O-].CC[N+](CC)(CC)CC,9,134206528
S0247,F,CCCCCCCCCCS(=O)(=O)[O-].CC[N+](CC)(CC)CC,10,141492410
S0247,F,CCCCCCCCCCS(=O)(=O)[O-].CC[N+](CC)(CC)CC,11,134206680
S0247,F,CCCCCCCCCCS(=O)(=O)[O-].CC[N+](CC)(CC)CC,12,122481533
S0247,F,CCCCCCCCCCS(=O)(=O)[O-].CC[N+](CC)(CC)CC,13,122481700
S0247,F,CCCCCCCCCCS(=O)(=O)[O-].CC[N+](CC)(CC)CC,14,134207124
S0247,F,CCCCCCCCCCS(=O)(=O)[O-].CC[N+](CC)(CC)CC,15,122482145
S0247,F,CCCCCCCCCCS(=O)(=O)[O-].CC[N+](CC)(CC)CC,16,122481087
S0247,F,CCCCCCCCCCS(=O)(=O)[O-].CC[N+](CC)(CC)CC,17,134207025
S0247,F,CCCCCCCCCCS(=O)(=O)[O-].CC[N+](CC)(CC)CC,18,122481579
S0247,F,CCCCCCCCCCS(=O)(=O)[O-].CC[N+](CC)(CC)CC,19,141491955
S0247,F,CCCCCCCCCCS(=O)(=O)[O-].CC[N+](CC)(CC)CC,20,134207416
S0247,F,CCCCCCCCCCS(=O)(=O)[O-].CC[N+](CC)(CC)CC,21,122480821
S0248,F,CCCCCCCCCCS(=O)(=O)[O-].C[NH2+]C,1,122481959
S0248,F,CCCCCCCCCCS(=O)(=O)[O-].C[NH2+]C,2,134207184
S0248,F,CCCCCCCCCCS(=O)(=O)[O-].C[NH2+]C,3,134206587
S0248,F,CCCCCCCCCCS(=O)(=O)[O-].C[NH2+]C,4,141492373
S0248,F,CCCCCCCCCCS(=O)(=O)[O-].C[NH2+]C,5,141492245
S0248,F,CCCCCCCCCCS(=O)(=O)[O-].C[NH2+]C,6,141492406
S0248,F,CCCCCCCCCCS(=O)(=O)[O-].C[NH2+]C,7,141492368
S0248,F,CCCCCCCCCCS(=O)(=O)[O-].C[NH2+]C,8,141492532
S0248,F,CCCCCCCCCCS(=O)(=O)[O-].C[NH2+]C,9,141492551
S0248,F,CCCCCCCCCCS(=O)(=O)[O-].C[NH2+]C,10,141492498
S0248,F,CCCCCCCCCCS(=O)(=O)[O-].C[NH2+]C,11,141492138
S0248,F,CCCCCCCCCCS(=O)(=O)[O-].C[NH2+]C,12,141492588
S0248,F,CCCCCCCCCCS(=O)(=O)[O-].C[NH2+]C,13,141491998
S0248,F,CCCCCCCCCCS(=O)(=O)[O-].C[NH2+]C,14,141492582
S0248,F,CCCCCCCCCCS(=O)(=O)[O-].C[NH2+]C,15,141492541
S0248,F,CCCCCCCCCCS(=O)(=O)[O-].C[NH2+]C,16,141492396
S0248,F,CCCCCCCCCCS(=O)(=O)[O-].C[NH2+]C,17,141491992
S0248,F,CCCCCCCCCCS(=O)(=O)[O-].C[NH2+]C,18,141491900
S0248,F,CCCCCCCCCCS(=O)(=O)[O-].C[NH2+]C,19,141492346
S0248,F,CCCCCCCCCCS(=O)(=O)[O-].C[NH2+]C,20,141492557
S0248,F,CCCCCCCCCCS(=O)(=O)[O-].C[NH2+]C,21,122480804
S0249,F,CCCCCCCCCCS(=O)(=O)[O-].[K+],1,122480825
S0249,F,CCCCCCCCCCS(=O)(=O)[O-].[K+],2,134207413
S0249,F,CCCCCCCCCCS(=O)(=O)[O-].[K+],3,134207558
S0249,F,CCCCCCCCCCS(=O)(=O)[O-].[K+],4,122481586
S0249,F,CCCCCCCCCCS(=O)(=O)[O-].[K+],5,141492496
S0249,F,CCCCCCCCCCS(=O)(=O)[O-].[K+],6,158243293
S0249,F,CCCCCCCCCCS(=O)(=O)[O-].[K+],7,141491922
S0249,F,CCCCCCCCCCS(=O)(=O)[O-].[K+],8,122481309
S0249,F,CCCCCCCCCCS(=O)(=O)[O-].[K+],9,141492306
S0249,F,CCCCCCCCCCS(=O)(=O)[O-].[K+],10,122481301
S0249,F,CCCCCCCCCCS(=O)(=O)[O-].[K+],11,122481671
S0249,F,CCCCCCCCCCS(=O)(=O)[O-].[K+],12,122480826
S0249,F,CCCCCCCCCCS(=O)(=O)[O-].[K+],13,102135768
S0249,F,CCCCCCCCCCS(=O)(=O)[O-].[K+],14,122481224
S0249,F,CCCCCCCCCCS(=O)(=O)[O-].[K+],15,141492006
S0249,F,CCCCCCCCCCS(=O)(=O)[O-].[K+],16,134206568
S0249,F,CCCCCCCCCCS(=O)(=O)[O-].[K+],17,122481376
S0249,F,CCCCCCCCCCS(=O)(=O)[O-].[K+],18,141492343
S0249,F,CCCCCCCCCCS(=O)(=O)[O-].[K+],19,134207572
S0249,F,CCCCCCCCCCS(=O)(=O)[O-].[K+],20,134206731
S0249,F,CCCCCCCCCCS(=O)(=O)[O-].[K+],21,23688617
S0250,F,CCCCCCCCCCS(=O)(=O)[O-].[Li+],1,122481708
S0250,F,CCCCCCCCCCS(=O)(=O)[O-].[Li+],2,134206610
S0250,F,CCCCCCCCCCS(=O)(=O)[O-].[Li+],3,134207595
S0250,F,CCCCCCCCCCS(=O)(=O)[O-].[Li+],4,141491855
S0250,F,CCCCCCCCCCS(=O)(=O)[O-].[Li+],5,122481915
S0250,F,CCCCCCCCCCS(=O)(=O)[O-].[Li+],6,141492584
S0250,F,CCCCCCCCCCS(=O)(=O)[O-].[Li+],7,141492669
S0250,F,CCCCCCCCCCS(=O)(=O)[O-].[Li+],8,134206537
S0250,F,CCCCCCCCCCS(=O)(=O)[O-].[Li+],9,141492537
S0250,F,CCCCCCCCCCS(=O)(=O)[O-].[Li+],10,122481029
S0250,F,CCCCCCCCCCS(=O)(=O)[O-].[Li+],11,134207494
S0250,F,CCCCCCCCCCS(=O)(=O)[O-].[Li+],12,141492539
S0250,F,CCCCCCCCCCS(=O)(=O)[O-].[Li+],13,122481602
S0250,F,CCCCCCCCCCS(=O)(=O)[O-].[Li+],14,141492248
S0250,F,CCCCCCCCCCS(=O)(=O)[O-].[Li+],15,122481869
S0250,F,CCCCCCCCCCS(=O)(=O)[O-].[Li+],16,141491905
S0250,F,CCCCCCCCCCS(=O)(=O)[O-].[Li+],17,141492301
S0250,F,CCCCCCCCCCS(=O)(=O)[O-].[Li+],18,141492240
S0250,F,CCCCCCCCCCS(=O)(=O)[O-].[Li+],19,122481078
S0250,F,CCCCCCCCCCS(=O)(=O)[O-].[Li+],20,134207037
S0250,F,CCCCCCCCCCS(=O)(=O)[O-].[Li+],21,23696850
S0251,F,CCCCCCCCCCS(=O)(=O)[O-].[NH4+],1,122480812
S0251,F,CCCCCCCCCCS(=O)(=O)[O-].[NH4+],2,134207244
S0251,F,CCCCCCCCCCS(=O)(=O)[O-].[NH4+],3,134206827
S0251,F,CCCCCCCCCCS(=O)(=O)[O-].[NH4+],4,141492370
S0251,F,CCCCCCCCCCS(=O)(=O)[O-].[NH4+],5,141492157
S0251,F,CCCCCCCCCCS(=O)(=O)[O-].[NH4+],6,141492462
S0251,F,CCCCCCCCCCS(=O)(=O)[O-].[NH4+],7,141492083
S0251,F,CCCCCCCCCCS(=O)(=O)[O-].[NH4+],8,141492217
S0251,F,CCCCCCCCCCS(=O)(=O)[O-].[NH4+],9,141491963
S0251,F,CCCCCCCCCCS(=O)(=O)[O-].[NH4+],10,141492057
S0251,F,CCCCCCCCCCS(=O)(=O)[O-].[NH4+],11,141492653
S0251,F,CCCCCCCCCCS(=O)(=O)[O-].[NH4+],12,141491961
S0251,F,CCCCCCCCCCS(=O)(=O)[O-].[NH4+],13,141492618
S0251,F,CCCCCCCCCCS(=O)(=O)[O-].[NH4+],14,141491806
S0251,F,CCCCCCCCCCS(=O)(=O)[O-].[NH4+],15,141492032
S0251,F,CCCCCCCCCCS(=O)(=O)[O-].[NH4+],16,141492514
S0251,F,CCCCCCCCCCS(=O)(=O)[O-].[NH4+],17,141491776
S0251,F,CCCCCCCCCCS(=O)(=O)[O-].[NH4+],18,141492023
S0251,F,CCCCCCCCCCS(=O)(=O)[O-].[NH4+],19,141492050
S0251,F,CCCCCCCCCCS(=O)(=O)[O-].[NH4+],20,141492110
S0251,F,CCCCCCCCCCS(=O)(=O)[O-].[NH4+],21,106088
S0252,F,CCCCCCCCCCS(=O)(=O)[O-].[Na+],1,122481414
S0252,F,CCCCCCCCCCS(=O)(=O)[O-].[Na+],2,134207481
S0252,F,CCCCCCCCCCS(=O)(=O)[O-].[Na+],3,122481779
S0252,F,CCCCCCCCCCS(=O)(=O)[O-].[Na+],4,141492337
S0252,F,CCCCCCCCCCS(=O)(=O)[O-].[Na+],5,141491872
S0252,F,CCCCCCCCCCS(=O)(=O)[O-].[Na+],6,134207556
S0252,F,CCCCCCCCCCS(=O)(=O)[O-].[Na+],7,141491762
S0252,F,CCCCCCCCCCS(=O)(=O)[O-].[Na+],8,122482088
S0252,F,CCCCCCCCCCS(=O)(=O)[O-].[Na+],9,134207410
S0252,F,CCCCCCCCCCS(=O)(=O)[O-].[Na+],10,122482133
S0252,F,CCCCCCCCCCS(=O)(=O)[O-].[Na+],11,122481103
S0252,F,CCCCCCCCCCS(=O)(=O)[O-].[Na+],12,134207203
S0252,F,CCCCCCCCCCS(=O)(=O)[O-].[Na+],13,141491800
S0252,F,CCCCCCCCCCS(=O)(=O)[O-].[Na+],14,134207615
S0252,F,CCCCCCCCCCS(=O)(=O)[O-].[Na+],15,141492590
S0252,F,CCCCCCCCCCS(=O)(=O)[O-].[Na+],16,141491802
S0252,F,CCCCCCCCCCS(=O)(=O)[O-].[Na+],17,141492402
S0252,F,CCCCCCCCCCS(=O)(=O)[O-].[Na+],18,134206910
S0252,F,CCCCCCCCCCS(=O)(=O)[O-].[Na+],19,122481077
S0252,F,CCCCCCCCCCS(=O)(=O)[O-].[Na+],20,141492593
S0252,F,CCCCCCCCCCS(=O)(=O)[O-].[Na+],21,23671439
S0253,F,CCCCCCCCCCS(=O)(=O)[O-].c1cc[nH+]cc1,1,122481367
S0253,F,CCCCCCCCCCS(=O)(=O)[O-].c1cc[nH+]cc1,2,134206689
S0253,F,CCCCCCCCCCS(=O)(=O)[O-].c1cc[nH+]cc1,3,134206352
S0253,F,CCCCCCCCCCS(=O)(=O)[O-].c1cc[nH+]cc1,4,141492234
S0253,F,CCCCCCCCCCS(=O)(=O)[O-].c1cc[nH+]cc1,5,141491985
S0253,F,CCCCCCCCCCS(=O)(=O)[O-].c1cc[nH+]cc1,6,141492000
S0253,F,CCCCCCCCCCS(=O)(=O)[O-].c1cc[nH+]cc1,7,141492058
S0253,F,CCCCCCCCCCS(=O)(=O)[O-].c1cc[nH+]cc1,8,141492318
S0253,F,CCCCCCCCCCS(=O)(=O)[O-].c1cc[nH+]cc1,9,141492073
S0253,F,CCCCCCCCCCS(=O)(=O)[O-].c1cc[nH+]cc1,10,141492084
S0253,F,CCCCCCCCCCS(=O)(=O)[O-].c1cc[nH+]cc1,11,141492414
S0253,F,CCCCCCCCCCS(=O)(=O)[O-].c1cc[nH+]cc1,12,141492674
S0253,F,CCCCCCCCCCS(=O)(=O)[O-].c1cc[nH+]cc1,13,141492051
S0253,F,CCCCCCCCCCS(=O)(=O)[O-].c1cc[nH+]cc1,14,141492090
S0253,F,CCCCCCCCCCS(=O)(=O)[O-].c1cc[nH+]cc1,15,141492350
S0253,F,CCCCCCCCCCS(=O)(=O)[O-].c1cc[nH+]cc1,16,141492376
S0253,F,CCCCCCCCCCS(=O)(=O)[O-].c1cc[nH+]cc1,17,141492666
S0253,F,CCCCCCCCCCS(=O)(=O)[O-].c1cc[nH+]cc1,18,141492193
S0253,F,CCCCCCCCCCS(=O)(=O)[O-].c1cc[nH+]cc1,19,141492307
S0253,F,CCCCCCCCCCS(=O)(=O)[O-].c1cc[nH+]cc1,20,141492512
S0253,F,CCCCCCCCCCS(=O)(=O)[O-].c1cc[nH+]cc1,21,88815430
S0254,F,CCCCCCCCCC[Si](OC)(OC)OC,12,141308104
S0254,F,CCCCCCCCCC[Si](OC)(OC)OC,13,141483170
S0254,F,CCCCCCCCCC[Si](OC)(OC)OC,14,102247374
S0254,F,CCCCCCCCCC[Si](OC)(OC)OC,15,88457263
S0254,F,CCCCCCCCCC[Si](OC)(OC)OC,16,141036331
S0254,F,CCCCCCCCCC[Si](OC)(OC)OC,17,17814190
S0254,F,CCCCCCCCCC[Si](OC)(OC)OC,18,99738357
S0254,F,CCCCCCCCCC[Si](OC)(OC)OC,19,88313957
S0254,F,CCCCCCCCCC[Si](OC)(OC)OC,20,18387046
S0254,F,CCCCCCCCCC[Si](OC)(OC)OC,21,18519545
S0255,F,CCCCCCCCCO,1,53411017
S0255,F,CCCCCCCCCO,2,151411093
S0255,F,CCCCCCCCCO,3,20097962
S0255,F,CCCCCCCCCO,4,142699849
S0255,F,CCCCCCCCCO,5,152140811
S0255,F,CCCCCCCCCO,6,87401085
S0255,F,CCCCCCCCCO,7,87333742
S0255,F,CCCCCCCCCO,8,152929062
S0255,F,CCCCCCCCCO,9,15415175
S0255,F,CCCCCCCCCO,10,88799024
S0255,F,CCCCCCCCCO,11,18676335
S0255,F,CCCCCCCCCO,12,87670866
S0255,F,CCCCCCCCCO,13,155063265
S0255,F,CCCCCCCCCO,14,153587505
S0255,F,CCCCCCCCCO,15,153587499
S0255,F,CCCCCCCCCO,16,88811168
S0255,F,CCCCCCCCCO,17,87744795
S0255,F,CCCCCCCCCO,18,22241766
S0255,F,CCCCCCCCCO,19,22168959
S0256,F,CCCCCCCCCOC(=O)C(C)(C)CC,6,87159495
S0256,F,CCCCCCCCCOC(=O)C(C)(C)CC,7,169981213
S0256,F,CCCCCCCCCOC(=O)C(C)(C)CC,8,121274479
S0256,F,CCCCCCCCCOC(=O)C(C)(C)CC,9,88433980
S0256,F,CCCCCCCCCOC(=O)C(C)(C)CC,10,88981316
S0256,F,CCCCCCCCCOC(=O)C(C)(C)CC,11,88981314
S0256,F,CCCCCCCCCOC(=O)C(C)(C)CC,12,58881495
S0256,F,CCCCCCCCCOC(=O)C(C)(C)CC,13,59693464
S0256,F,CCCCCCCCCOC(=O)C(C)(C)CC,14,58881401
S0256,F,CCCCCCCCCOC(=O)C(C)(C)CC,15,90206250
S0256,F,CCCCCCCCCOC(=O)C(C)(C)CC,16,57793592
S0256,F,CCCCCCCCCOC(=O)C(C)(C)CC,17,59837095
S0256,F,CCCCCCCCCOC(=O)C(C)(C)CC,18,58881394
S0256,F,CCCCCCCCCOC(=O)C(C)(C)CC,19,58937716
S0256,F,CCCCCCCCCOC(=O)C(C)(C)CC,20,57793482
S0257,F,CCCCCCCCCS(=O)(=O)O,1,122480980
S0257,F,CCCCCCCCCS(=O)(=O)O,2,134206410
S0257,F,CCCCCCCCCS(=O)(=O)O,3,134206504
S0257,F,CCCCCCCCCS(=O)(=O)O,4,174871010
S0257,F,CCCCCCCCCS(=O)(=O)O,5,122480959
S0257,F,CCCCCCCCCS(=O)(=O)O,6,122480874
S0257,F,CCCCCCCCCS(=O)(=O)O,7,22290503
S0257,F,CCCCCCCCCS(=O)(=O)O,8,134206402
S0257,F,CCCCCCCCCS(=O)(=O)O,9,122480884
S0257,F,CCCCCCCCCS(=O)(=O)O,10,141491845
S0257,F,CCCCCCCCCS(=O)(=O)O,11,141491890
S0257,F,CCCCCCCCCS(=O)(=O)O,12,141491918
S0257,F,CCCCCCCCCS(=O)(=O)O,13,122481208
S0257,F,CCCCCCCCCS(=O)(=O)O,14,141491799
S0257,F,CCCCCCCCCS(=O)(=O)O,15,122481132
S0257,F,CCCCCCCCCS(=O)(=O)O,16,141491843
S0257,F,CCCCCCCCCS(=O)(=O)O,17,134206384
S0257,F,CCCCCCCCCS(=O)(=O)O,18,134206620
S0257,F,CCCCCCCCCS(=O)(=O)O,19,86998
S0258,F,CCCCCCCCCS(=O)(=O)O.CNC,1,173740517
S0258,F,CCCCCCCCCS(=O)(=O)O.CNC,2,173645697
S0258,F,CCCCCCCCCS(=O)(=O)O.CNC,3,173645927
S0258,F,CCCCCCCCCS(=O)(=O)O.CNC,4,171931490
S0258,F,CCCCCCCCCS(=O)(=O)O.CNC,5,173740489
S0258,F,CCCCCCCCCS(=O)(=O)O.CNC,6,162621847
S0258,F,CCCCCCCCCS(=O)(=O)O.CNC,7,171922575
S0258,F,CCCCCCCCCS(=O)(=O)O.CNC,8,173645890
S0258,F,CCCCCCCCCS(=O)(=O)O.CNC,9,173740650
S0258,F,CCCCCCCCCS(=O)(=O)O.CNC,10,171922584
S0258,F,CCCCCCCCCS(=O)(=O)O.CNC,11,173645355
S0258,F,CCCCCCCCCS(=O)(=O)O.CNC,12,171922758
S0258,F,CCCCCCCCCS(=O)(=O)O.CNC,13,173740425
S0258,F,CCCCCCCCCS(=O)(=O)O.CNC,14,173645377
S0258,F,CCCCCCCCCS(=O)(=O)O.CNC,15,173645897
S0258,F,CCCCCCCCCS(=O)(=O)O.CNC,16,173740699
S0258,F,CCCCCCCCCS(=O)(=O)O.CNC,17,175166556
S0258,F,CCCCCCCCCS(=O)(=O)O.CNC,18,171922656
S0258,F,CCCCCCCCCS(=O)(=O)O.CNC,19,171922722
S0259,F,CCCCCCCCCS(=O)(=O)O.N,1,175166711
S0259,F,CCCCCCCCCS(=O)(=O)O.N,2,173645651
S0259,F,CCCCCCCCCS(=O)(=O)O.N,3,173740598
S0259,F,CCCCCCCCCS(=O)(=O)O.N,4,173645333
S0259,F,CCCCCCCCCS(=O)(=O)O.N,5,173740626
S0259,F,CCCCCCCCCS(=O)(=O)O.N,6,175163931
S0259,F,CCCCCCCCCS(=O)(=O)O.N,7,173740749
S0259,F,CCCCCCCCCS(=O)(=O)O.N,8,173740406
S0259,F,CCCCCCCCCS(=O)(=O)O.N,9,173740573
S0259,F,CCCCCCCCCS(=O)(=O)O.N,10,175157399
S0259,F,CCCCCCCCCS(=O)(=O)O.N,11,173740550
S0259,F,CCCCCCCCCS(=O)(=O)O.N,12,173740393
S0259,F,CCCCCCCCCS(=O)(=O)O.N,13,175161779
S0259,F,CCCCCCCCCS(=O)(=O)O.N,14,173645634
S0259,F,CCCCCCCCCS(=O)(=O)O.N,15,175157265
S0259,F,CCCCCCCCCS(=O)(=O)O.N,16,173645341
S0259,F,CCCCCCCCCS(=O)(=O)O.N,17,175160352
S0259,F,CCCCCCCCCS(=O)(=O)O.N,18,173740466
S0259,F,CCCCCCCCCS(=O)(=O)O.N,19,86997
S0260,F,CCCCCCCCCS(=O)(=O)O.c1ccncc1,1,173645469
S0260,F,CCCCCCCCCS(=O)(=O)O.c1ccncc1,2,171928995
S0260,F,CCCCCCCCCS(=O)(=O)O.c1ccncc1,3,173645396
S0260,F,CCCCCCCCCS(=O)(=O)O.c1ccncc1,4,173645750
S0260,F,CCCCCCCCCS(=O)(=O)O.c1ccncc1,5,171927504
S0260,F,CCCCCCCCCS(=O)(=O)O.c1ccncc1,6,174871011
S0260,F,CCCCCCCCCS(=O)(=O)O.c1ccncc1,7,171922719
S0260,F,CCCCCCCCCS(=O)(=O)O.c1ccncc1,8,174870969
S0260,F,CCCCCCCCCS(=O)(=O)O.c1ccncc1,9,171922673
S0260,F,CCCCCCCCCS(=O)(=O)O.c1ccncc1,10,171931688
S0260,F,CCCCCCCCCS(=O)(=O)O.c1ccncc1,11,171925180
S0260,F,CCCCCCCCCS(=O)(=O)O.c1ccncc1,12,171922764
S0260,F,CCCCCCCCCS(=O)(=O)O.c1ccncc1,13,171922737
S0260,F,CCCCCCCCCS(=O)(=O)O.c1ccncc1,14,171928223
S0260,F,CCCCCCCCCS(=O)(=O)O.c1ccncc1,15,171923309
S0260,F,CCCCCCCCCS(=O)(=O)O.c1ccncc1,16,173645483
S0260,F,CCCCCCCCCS(=O)(=O)O.c1ccncc1,17,171929765
S0260,F,CCCCCCCCCS(=O)(=O)O.c1ccncc1,18,173645524
S0260,F,CCCCCCCCCS(=O)(=O)O.c1ccncc1,19,171929068
S0261,F,CCCCCCCCCS(=O)(=O)[O-].CC[N+](CC)(CC)CC,1,134207142
S0261,F,CCCCCCCCCS(=O)(=O)[O-].CC[N+](CC)(CC)CC,2,134207269
S0261,F,CCCCCCCCCS(=O)(=O)[O-].CC[N+](CC)(CC)CC,3,134207407
S0261,F,CCCCCCCCCS(=O)(=O)[O-].CC[N+](CC)(CC)CC,4,141492598
S0261,F,CCCCCCCCCS(=O)(=O)[O-].CC[N+](CC)(CC)CC,5,122481795
S0261,F,CCCCCCCCCS(=O)(=O)[O-].CC[N+](CC)(CC)CC,6,122481113
S0261,F,CCCCCCCCCS(=O)(=O)[O-].CC[N+](CC)(CC)CC,7,141491949
S0261,F,CCCCCCCCCS(=O)(=O)[O-].CC[N+](CC)(CC)CC,8,141491988
S0261,F,CCCCCCCCCS(=O)(=O)[O-].CC[N+](CC)(CC)CC,9,141491784
S0261,F,CCCCCCCCCS(=O)(=O)[O-].CC[N+](CC)(CC)CC,10,122481195
S0261,F,CCCCCCCCCS(=O)(=O)[O-].CC[N+](CC)(CC)CC,11,134207041
S0261,F,CCCCCCCCCS(=O)(=O)[O-].CC[N+](CC)(CC)CC,12,122481481
S0261,F,CCCCCCCCCS(=O)(=O)[O-].CC[N+](CC)(CC)CC,13,141491759
S0261,F,CCCCCCCCCS(=O)(=O)[O-].CC[N+](CC)(CC)CC,14,134206570
S0261,F,CCCCCCCCCS(=O)(=O)[O-].CC[N+](CC)(CC)CC,15,141491945
S0261,F,CCCCCCCCCS(=O)(=O)[O-].CC[N+](CC)(CC)CC,16,134207077
S0261,F,CCCCCCCCCS(=O)(=O)[O-].CC[N+](CC)(CC)CC,17,141492043
S0261,F,CCCCCCCCCS(=O)(=O)[O-].CC[N+](CC)(CC)CC,18,122481184
S0261,F,CCCCCCCCCS(=O)(=O)[O-].CC[N+](CC)(CC)CC,19,122481462
S0262,F,CCCCCCCCCS(=O)(=O)[O-].C[NH2+]C,1,122481942
S0262,F,CCCCCCCCCS(=O)(=O)[O-].C[NH2+]C,2,134206928
S0262,F,CCCCCCCCCS(=O)(=O)[O-].C[NH2+]C,3,134207637
S0262,F,CCCCCCCCCS(=O)(=O)[O-].C[NH2+]C,4,141492087
S0262,F,CCCCCCCCCS(=O)(=O)[O-].C[NH2+]C,5,141492195
S0262,F,CCCCCCCCCS(=O)(=O)[O-].C[NH2+]C,6,141491811
S0262,F,CCCCCCCCCS(=O)(=O)[O-].C[NH2+]C,7,141492177
S0262,F,CCCCCCCCCS(=O)(=O)[O-].C[NH2+]C,8,141492034
S0262,F,CCCCCCCCCS(=O)(=O)[O-].C[NH2+]C,9,141492506
S0262,F,CCCCCCCCCS(=O)(=O)[O-].C[NH2+]C,10,141492101
S0262,F,CCCCCCCCCS(=O)(=O)[O-].C[NH2+]C,11,141492601
S0262,F,CCCCCCCCCS(=O)(=O)[O-].C[NH2+]C,12,141492540
S0262,F,CCCCCCCCCS(=O)(=O)[O-].C[NH2+]C,13,141492655
S0262,F,CCCCCCCCCS(=O)(=O)[O-].C[NH2+]C,14,141492404
S0262,F,CCCCCCCCCS(=O)(=O)[O-].C[NH2+]C,15,141492668
S0262,F,CCCCCCCCCS(=O)(=O)[O-].C[NH2+]C,16,141492204
S0262,F,CCCCCCCCCS(=O)(=O)[O-].C[NH2+]C,17,141492170
S0262,F,CCCCCCCCCS(=O)(=O)[O-].C[NH2+]C,18,141492012
S0262,F,CCCCCCCCCS(=O)(=O)[O-].C[NH2+]C,19,122481283
S0263,F,CCCCCCCCCS(=O)(=O)[O-].[K+],1,134206414
S0263,F,CCCCCCCCCS(=O)(=O)[O-].[K+],2,134207655
S0263,F,CCCCCCCCCS(=O)(=O)[O-].[K+],3,134207276
S0263,F,CCCCCCCCCS(=O)(=O)[O-].[K+],4,134207189
S0263,F,CCCCCCCCCS(=O)(=O)[O-].[K+],5,134207635
S0263,F,CCCCCCCCCS(=O)(=O)[O-].[K+],6,122481023
S0263,F,CCCCCCCCCS(=O)(=O)[O-].[K+],7,122482064
S0263,F,CCCCCCCCCS(=O)(=O)[O-].[K+],8,141492493
S0263,F,CCCCCCCCCS(=O)(=O)[O-].[K+],9,141491793
S0263,F,CCCCCCCCCS(=O)(=O)[O-].[K+],10,141492226
S0263,F,CCCCCCCCCS(=O)(=O)[O-].[K+],11,122481161
S0263,F,CCCCCCCCCS(=O)(=O)[O-].[K+],12,134207571
S0263,F,CCCCCCCCCS(=O)(=O)[O-].[K+],13,122481408
S0263,F,CCCCCCCCCS(=O)(=O)[O-].[K+],14,122481305
S0263,F,CCCCCCCCCS(=O)(=O)[O-].[K+],15,134207218
S0263,F,CCCCCCCCCS(=O)(=O)[O-].[K+],16,134207394
S0263,F,CCCCCCCCCS(=O)(=O)[O-].[K+],17,175163163
S0263,F,CCCCCCCCCS(=O)(=O)[O-].[K+],18,122481620
S0263,F,CCCCCCCCCS(=O)(=O)[O-].[K+],19,23704958
S0264,F,CCCCCCCCCS(=O)(=O)[O-].[Li+],1,134206954
S0264,F,CCCCCCCCCS(=O)(=O)[O-].[Li+],2,134207404
S0264,F,CCCCCCCCCS(=O)(=O)[O-].[Li+],3,134207467
S0264,F,CCCCCCCCCS(=O)(=O)[O-].[Li+],4,122481068
S0264,F,CCCCCCCCCS(=O)(=O)[O-].[Li+],5,141492020
S0264,F,CCCCCCCCCS(=O)(=O)[O-].[Li+],6,134206546
S0264,F,CCCCCCCCCS(=O)(=O)[O-].[Li+],7,122482013
S0264,F,CCCCCCCCCS(=O)(=O)[O-].[Li+],8,134207234
S0264,F,CCCCCCCCCS(=O)(=O)[O-].[Li+],9,122480965
S0264,F,CCCCCCCCCS(=O)(=O)[O-].[Li+],10,141492558
S0264,F,CCCCCCCCCS(=O)(=O)[O-].[Li+],11,141492124
S0264,F,CCCCCCCCCS(=O)(=O)[O-].[Li+],12,122482083
S0264,F,CCCCCCCCCS(=O)(=O)[O-].[Li+],13,141492094
S0264,F,CCCCCCCCCS(=O)(=O)[O-].[Li+],14,134207298
S0264,F,CCCCCCCCCS(=O)(=O)[O-].[Li+],15,134206904
S0264,F,CCCCCCCCCS(=O)(=O)[O-].[Li+],16,122480793
S0264,F,CCCCCCCCCS(=O)(=O)[O-].[Li+],17,134206786
S0264,F,CCCCCCCCCS(=O)(=O)[O-].[Li+],18,134206619
S0264,F,CCCCCCCCCS(=O)(=O)[O-].[Li+],19,23667218
S0265,F,CCCCCCCCCS(=O)(=O)[O-].[NH4+],1,134206688
S0265,F,CCCCCCCCCS(=O)(=O)[O-].[NH4+],2,134207285
S0265,F,CCCCCCCCCS(=O)(=O)[O-].[NH4+],3,134207053
S0265,F,CCCCCCCCCS(=O)(=O)[O-].[NH4+],4,141492038
S0265,F,CCCCCCCCCS(=O)(=O)[O-].[NH4+],5,141492421
S0265,F,CCCCCCCCCS(=O)(=O)[O-].[NH4+],6,141492422
S0265,F,CCCCCCCCCS(=O)(=O)[O-].[NH4+],7,141491969
S0265,F,CCCCCCCCCS(=O)(=O)[O-].[NH4+],8,141492398
S0265,F,CCCCCCCCCS(=O)(=O)[O-].[NH4+],9,141492524
S0265,F,CCCCCCCCCS(=O)(=O)[O-].[NH4+],10,141491844
S0265,F,CCCCCCCCCS(=O)(=O)[O-].[NH4+],11,141492269
S0265,F,CCCCCCCCCS(=O)(=O)[O-].[NH4+],12,141492080
S0265,F,CCCCCCCCCS(=O)(=O)[O-].[NH4+],13,141492521
S0265,F,CCCCCCCCCS(=O)(=O)[O-].[NH4+],14,141492665
S0265,F,CCCCCCCCCS(=O)(=O)[O-].[NH4+],15,141492092
S0265,F,CCCCCCCCCS(=O)(=O)[O-].[NH4+],16,141492277
S0265,F,CCCCCCCCCS(=O)(=O)[O-].[NH4+],17,141492377
S0265,F,CCCCCCCCCS(=O)(=O)[O-].[NH4+],18,141492113
S0265,F,CCCCCCCCCS(=O)(=O)[O-].[NH4+],19,57370517
S0266,F,CCCCCCCCCS(=O)(=O)[O-].[Na+],1,134206349
S0266,F,CCCCCCCCCS(=O)(=O)[O-].[Na+],2,134206835
S0266,F,CCCCCCCCCS(=O)(=O)[O-].[Na+],3,134207032
S0266,F,CCCCCCCCCS(=O)(=O)[O-].[Na+],4,141492238
S0266,F,CCCCCCCCCS(=O)(=O)[O-].[Na+],5,134206972
S0266,F,CCCCCCCCCS(=O)(=O)[O-].[Na+],6,134207511
S0266,F,CCCCCCCCCS(=O)(=O)[O-].[Na+],7,122481901
S0266,F,CCCCCCCCCS(=O)(=O)[O-].[Na+],8,122481307
S0266,F,CCCCCCCCCS(=O)(=O)[O-].[Na+],9,134206729
S0266,F,CCCCCCCCCS(=O)(=O)[O-].[Na+],10,134207507
S0266,F,CCCCCCCCCS(=O)(=O)[O-].[Na+],11,141491889
S0266,F,CCCCCCCCCS(=O)(=O)[O-].[Na+],12,122482094
S0266,F,CCCCCCCCCS(=O)(=O)[O-].[Na+],13,141492158
S0266,F,CCCCCCCCCS(=O)(=O)[O-].[Na+],14,141492229
S0266,F,CCCCCCCCCS(=O)(=O)[O-].[Na+],15,141492035
S0266,F,CCCCCCCCCS(=O)(=O)[O-].[Na+],16,122481911
S0266,F,CCCCCCCCCS(=O)(=O)[O-].[Na+],17,141492085
S0266,F,CCCCCCCCCS(=O)(=O)[O-].[Na+],18,141492222
S0266,F,CCCCCCCCCS(=O)(=O)[O-].[Na+],19,23704959
S0267,F,CCCCCCCCCS(=O)(=O)[O-].c1cc[nH+]cc1,1,122481181
S0267,F,CCCCCCCCCS(=O)(=O)[O-].c1cc[nH+]cc1,2,134207249
S0267,F,CCCCCCCCCS(=O)(=O)[O-].c1cc[nH+]cc1,3,134207498
S0267,F,CCCCCCCCCS(=O)(=O)[O-].c1cc[nH+]cc1,4,141492439
S0267,F,CCCCCCCCCS(=O)(=O)[O-].c1cc[nH+]cc1,5,141492569
S0267,F,CCCCCCCCCS(=O)(=O)[O-].c1cc[nH+]cc1,6,141492501
S0267,F,CCCCCCCCCS(=O)(=O)[O-].c1cc[nH+]cc1,7,141491991
S0267,F,CCCCCCCCCS(=O)(=O)[O-].c1cc[nH+]cc1,8,141492220
S0267,F,CCCCCCCCCS(=O)(=O)[O-].c1cc[nH+]cc1,9,141492302
S0267,F,CCCCCCCCCS(=O)(=O)[O-].c1cc[nH+]cc1,10,141492411
S0267,F,CCCCCCCCCS(=O)(=O)[O-].c1cc[nH+]cc1,11,141492249
S0267,F,CCCCCCCCCS(=O)(=O)[O-].c1cc[nH+]cc1,12,141492486
S0267,F,CCCCCCCCCS(=O)(=O)[O-].c1cc[nH+]cc1,13,141492585
S0267,F,CCCCCCCCCS(=O)(=O)[O-].c1cc[nH+]cc1,14,141492028
S0267,F,CCCCCCCCCS(=O)(=O)[O-].c1cc[nH+]cc1,15,141492449
S0267,F,CCCCCCCCCS(=O)(=O)[O-].c1cc[nH+]cc1,16,141491853
S0267,F,CCCCCCCCCS(=O)(=O)[O-].c1cc[nH+]cc1,17,141492482
S0267,F,CCCCCCCCCS(=O)(=O)[O-].c1cc[nH+]cc1,18,141491966
S0267,F,CCCCCCCCCS(=O)(=O)[O-].c1cc[nH+]cc1,19,134206316
S0268,F,CCCCCCCCO,1,87402887
S0268,F,CCCCCCCCO,2,21492743
S0268,F,CCCCCCCCO,3,87333618
S0268,F,CCCCCCCCO,4,87279077
S0268,F,CCCCCCCCO,5,2775949
S0268,F,CCCCCCCCO,6,87464781
S0268,F,CCCCCCCCO,7,87466493
S0268,F,CCCCCCCCO,8,22721299
S0268,F,CCCCCCCCO,9,169970293
S0268,F,CCCCCCCCO,10,153587494
S0268,F,CCCCCCCCO,11,166745267
S0268,F,CCCCCCCCO,12,87401364
S0268,F,CCCCCCCCO,13,88632606
S0268,F,CCCCCCCCO,14,23050367
S0268,F,CCCCCCCCO,15,20437772
S0268,F,CCCCCCCCO,16,21989454
S0268,F,CCCCCCCCO,17,14571268
S0268,F,CCCCCCCCO,18,13528042
S0269,F,CCCCCCCCS(=O)(=O)O,1,118194740
S0269,F,CCCCCCCCS(=O)(=O)O,2,21946928
S0269,F,CCCCCCCCS(=O)(=O)O,3,23534647
S0269,F,CCCCCCCCS(=O)(=O)O,4,20734476
S0269,F,CCCCCCCCS(=O)(=O)O,5,18368786
S0269,F,CCCCCCCCS(=O)(=O)O,6,174871013
S0269,F,CCCCCCCCS(=O)(=O)O,7,87182098
S0269,F,CCCCCCCCS(=O)(=O)O,8,141491768
S0269,F,CCCCCCCCS(=O)(=O)O,9,141491970
S0269,F,CCCCCCCCS(=O)(=O)O,10,20734547
S0269,F,CCCCCCCCS(=O)(=O)O,11,141491897
S0269,F,CCCCCCCCS(=O)(=O)O,12,122481392
S0269,F,CCCCCCCCS(=O)(=O)O,13,119688
S0269,F,CCCCCCCCS(=O)(=O)O,14,88050468
S0269,F,CCCCCCCCS(=O)(=O)O,15,88181251
S0269,F,CCCCCCCCS(=O)(=O)O,16,57093736
S0269,F,CCCCCCCCS(=O)(=O)O,17,74483
S0269,F,CCCCCCCCS(=O)(=O)O,18,88180634
S0270,F,CCCCCCCCS(=O)(=O)O.CNC,1,173740507
S0270,F,CCCCCCCCS(=O)(=O)O.CNC,2,173645885
S0270,F,CCCCCCCCS(=O)(=O)O.CNC,3,171929067
S0270,F,CCCCCCCCS(=O)(=O)O.CNC,4,173740696
S0270,F,CCCCCCCCS(=O)(=O)O.CNC,5,171926655
S0270,F,CCCCCCCCS(=O)(=O)O.CNC,6,173740757
S0270,F,CCCCCCCCS(=O)(=O)O.CNC,7,173740492
S0270,F,CCCCCCCCS(=O)(=O)O.CNC,8,171922879
S0270,F,CCCCCCCCS(=O)(=O)O.CNC,9,173740663
S0270,F,CCCCCCCCS(=O)(=O)O.CNC,10,173645501
S0270,F,CCCCCCCCS(=O)(=O)O.CNC,11,171922769
S0270,F,CCCCCCCCS(=O)(=O)O.CNC,12,173645900
S0270,F,CCCCCCCCS(=O)(=O)O.CNC,13,171926329
S0270,F,CCCCCCCCS(=O)(=O)O.CNC,14,171922766
S0270,F,CCCCCCCCS(=O)(=O)O.CNC,15,173645654
S0270,F,CCCCCCCCS(=O)(=O)O.CNC,16,173740742
S0270,F,CCCCCCCCS(=O)(=O)O.CNC,17,171930140
S0271,F,CCCCCCCCS(=O)(=O)O.N,1,173103311
S0271,F,CCCCCCCCS(=O)(=O)O.N,2,171928999
S0271,F,CCCCCCCCS(=O)(=O)O.N,3,173170617
S0271,F,CCCCCCCCS(=O)(=O)O.N,4,173645511
S0271,F,CCCCCCCCS(=O)(=O)O.N,5,173645779
S0271,F,CCCCCCCCS(=O)(=O)O.N,6,173740726
S0271,F,CCCCCCCCS(=O)(=O)O.N,7,173645797
S0271,F,CCCCCCCCS(=O)(=O)O.N,8,174871066
S0271,F,CCCCCCCCS(=O)(=O)O.N,9,173740839
S0271,F,CCCCCCCCS(=O)(=O)O.N,10,173740802
S0271,F,CCCCCCCCS(=O)(=O)O.N,11,173740400
S0271,F,CCCCCCCCS(=O)(=O)O.N,12,173740533
S0271,F,CCCCCCCCS(=O)(=O)O.N,13,131668474
S0271,F,CCCCCCCCS(=O)(=O)O.N,14,173740435
S0271,F,CCCCCCCCS(=O)(=O)O.N,15,173645375
S0271,F,CCCCCCCCS(=O)(=O)O.N,16,173740396
S0271,F,CCCCCCCCS(=O)(=O)O.N,17,120124
S0272,F,CCCCCCCCS(=O)(=O)O.c1ccncc1,1,175157200
S0272,F,CCCCCCCCS(=O)(=O)O.c1ccncc1,2,171928987
S0272,F,CCCCCCCCS(=O)(=O)O.c1ccncc1,3,173645856
S0272,F,CCCCCCCCS(=O)(=O)O.c1ccncc1,4,173645804
S0272,F,CCCCCCCCS(=O)(=O)O.c1ccncc1,5,171929478
S0272,F,CCCCCCCCS(=O)(=O)O.c1ccncc1,6,171927004
S0272,F,CCCCCCCCS(=O)(=O)O.c1ccncc1,7,171922573
S0272,F,CCCCCCCCS(=O)(=O)O.c1ccncc1,8,171922767
S0272,F,CCCCCCCCS(=O)(=O)O.c1ccncc1,9,171922791
S0272,F,CCCCCCCCS(=O)(=O)O.c1ccncc1,10,173645358
S0272,F,CCCCCCCCS(=O)(=O)O.c1ccncc1,11,171922726
S0272,F,CCCCCCCCS(=O)(=O)O.c1ccncc1,12,171925665
S0272,F,CCCCCCCCS(=O)(=O)O.c1ccncc1,13,171922755
S0272,F,CCCCCCCCS(=O)(=O)O.c1ccncc1,14,171932171
S0272,F,CCCCCCCCS(=O)(=O)O.c1ccncc1,15,175360653
S0272,F,CCCCCCCCS(=O)(=O)O.c1ccncc1,16,173645544
S0272,F,CCCCCCCCS(=O)(=O)O.c1ccncc1,17,171924904
S0273,F,CCCCCCCCS(=O)(=O)[O-].CC[N+](CC)(CC)CC,1,134206312
S0273,F,CCCCCCCCS(=O)(=O)[O-].CC[N+](CC)(CC)CC,2,134206400
S0273,F,CCCCCCCCS(=O)(=O)[O-].CC[N+](CC)(CC)CC,3,134206613
S0273,F,CCCCCCCCS(=O)(=O)[O-].CC[N+](CC)(CC)CC,4,134206333
S0273,F,CCCCCCCCS(=O)(=O)[O-].CC[N+](CC)(CC)CC,5,122481937
S0273,F,CCCCCCCCS(=O)(=O)[O-].CC[N+](CC)(CC)CC,6,141492063
S0273,F,CCCCCCCCS(=O)(=O)[O-].CC[N+](CC)(CC)CC,7,122481961
S0273,F,CCCCCCCCS(=O)(=O)[O-].CC[N+](CC)(CC)CC,8,122482075
S0273,F,CCCCCCCCS(=O)(=O)[O-].CC[N+](CC)(CC)CC,9,134206404
S0273,F,CCCCCCCCS(=O)(=O)[O-].CC[N+](CC)(CC)CC,10,122481854
S0273,F,CCCCCCCCS(=O)(=O)[O-].CC[N+](CC)(CC)CC,11,122482028
S0273,F,CCCCCCCCS(=O)(=O)[O-].CC[N+](CC)(CC)CC,12,122481703
S0273,F,CCCCCCCCS(=O)(=O)[O-].CC[N+](CC)(CC)CC,13,141492126
S0273,F,CCCCCCCCS(=O)(=O)[O-].CC[N+](CC)(CC)CC,14,134206597
S0273,F,CCCCCCCCS(=O)(=O)[O-].CC[N+](CC)(CC)CC,15,141492308
S0273,F,CCCCCCCCS(=O)(=O)[O-].CC[N+](CC)(CC)CC,16,122482037
S0273,F,CCCCCCCCS(=O)(=O)[O-].CC[N+](CC)(CC)CC,17,92531
S0274,F,CCCCCCCCS(=O)(=O)[O-].C[NH2+]C,1,122480801
S0274,F,CCCCCCCCS(=O)(=O)[O-].C[NH2+]C,2,134207248
S0274,F,CCCCCCCCS(=O)(=O)[O-].C[NH2+]C,3,134206296
S0274,F,CCCCCCCCS(=O)(=O)[O-].C[NH2+]C,4,141492118
S0274,F,CCCCCCCCS(=O)(=O)[O-].C[NH2+]C,5,141492216
S0274,F,CCCCCCCCS(=O)(=O)[O-].C[NH2+]C,6,141492378
S0274,F,CCCCCCCCS(=O)(=O)[O-].C[NH2+]C,7,141492175
S0274,F,CCCCCCCCS(=O)(=O)[O-].C[NH2+]C,8,141492015
S0274,F,CCCCCCCCS(=O)(=O)[O-].C[NH2+]C,9,141492553
S0274,F,CCCCCCCCS(=O)(=O)[O-].C[NH2+]C,10,141492671
S0274,F,CCCCCCCCS(=O)(=O)[O-].C[NH2+]C,11,141492246
S0274,F,CCCCCCCCS(=O)(=O)[O-].C[NH2+]C,12,141491769
S0274,F,CCCCCCCCS(=O)(=O)[O-].C[NH2+]C,13,141492571
S0274,F,CCCCCCCCS(=O)(=O)[O-].C[NH2+]C,14,141492200
S0274,F,CCCCCCCCS(=O)(=O)[O-].C[NH2+]C,15,141492446
S0274,F,CCCCCCCCS(=O)(=O)[O-].C[NH2+]C,16,141492534
S0274,F,CCCCCCCCS(=O)(=O)[O-].C[NH2+]C,17,122481790
S0275,F,CCCCCCCCS(=O)(=O)[O-].[K+],1,134207483
S0275,F,CCCCCCCCS(=O)(=O)[O-].[K+],2,134206866
S0275,F,CCCCCCCCS(=O)(=O)[O-].[K+],3,134206890
S0275,F,CCCCCCCCS(=O)(=O)[O-].[K+],4,141491902
S0275,F,CCCCCCCCS(=O)(=O)[O-].[K+],5,134206632
S0275,F,CCCCCCCCS(=O)(=O)[O-].[K+],6,134207417
S0275,F,CCCCCCCCS(=O)(=O)[O-].[K+],7,141317735
S0275,F,CCCCCCCCS(=O)(=O)[O-].[K+],8,134207538
S0275,F,CCCCCCCCS(=O)(=O)[O-].[K+],9,134207016
S0275,F,CCCCCCCCS(=O)(=O)[O-].[K+],10,141491821
S0275,F,CCCCCCCCS(=O)(=O)[O-].[K+],11,141491896
S0275,F,CCCCCCCCS(=O)(=O)[O-].[K+],12,141492339
S0275,F,CCCCCCCCS(=O)(=O)[O-].[K+],13,122481220
S0275,F,CCCCCCCCS(=O)(=O)[O-].[K+],14,122482086
S0275,F,CCCCCCCCS(=O)(=O)[O-].[K+],15,141492383
S0275,F,CCCCCCCCS(=O)(=O)[O-].[K+],16,122481570
S0275,F,CCCCCCCCS(=O)(=O)[O-].[K+],17,23669238
S0276,F,CCCCCCCCS(=O)(=O)[O-].[Li+],1,23711975
S0276,F,CCCCCCCCS(=O)(=O)[O-].[Li+],2,134206283
S0276,F,CCCCCCCCS(=O)(=O)[O-].[Li+],3,134207085
S0276,F,CCCCCCCCS(=O)(=O)[O-].[Li+],4,122481222
S0276,F,CCCCCCCCS(=O)(=O)[O-].[Li+],5,134206290
S0276,F,CCCCCCCCS(=O)(=O)[O-].[Li+],6,141492408
S0276,F,CCCCCCCCS(=O)(=O)[O-].[Li+],7,141492167
S0276,F,CCCCCCCCS(=O)(=O)[O-].[Li+],8,134206793
S0276,F,CCCCCCCCS(=O)(=O)[O-].[Li+],9,141492224
S0276,F,CCCCCCCCS(=O)(=O)[O-].[Li+],10,141491881
S0276,F,CCCCCCCCS(=O)(=O)[O-].[Li+],11,141492215
S0276,F,CCCCCCCCS(=O)(=O)[O-].[Li+],12,141492372
S0276,F,CCCCCCCCS(=O)(=O)[O-].[Li+],13,171614535
S0276,F,CCCCCCCCS(=O)(=O)[O-].[Li+],14,141491926
S0276,F,CCCCCCCCS(=O)(=O)[O-].[Li+],15,175160243
S0276,F,CCCCCCCCS(=O)(=O)[O-].[Li+],16,134206519
S0276,F,CCCCCCCCS(=O)(=O)[O-].[Li+],17,23677927
S0277,F,CCCCCCCCS(=O)(=O)[O-].[NH4+],1,87543086
S0277,F,CCCCCCCCS(=O)(=O)[O-].[NH4+],2,134207421
S0277,F,CCCCCCCCS(=O)(=O)[O-].[NH4+],3,134207279
S0277,F,CCCCCCCCS(=O)(=O)[O-].[NH4+],4,141492182
S0277,F,CCCCCCCCS(=O)(=O)[O-].[NH4+],5,141492613
S0277,F,CCCCCCCCS(=O)(=O)[O-].[NH4+],6,141492178
S0277,F,CCCCCCCCS(=O)(=O)[O-].[NH4+],7,141492355
S0277,F,CCCCCCCCS(=O)(=O)[O-].[NH4+],8,141491767
S0277,F,CCCCCCCCS(=O)(=O)[O-].[NH4+],9,141492323
S0277,F,CCCCCCCCS(=O)(=O)[O-].[NH4+],10,141492008
S0277,F,CCCCCCCCS(=O)(=O)[O-].[NH4+],11,141492325
S0277,F,CCCCCCCCS(=O)(=O)[O-].[NH4+],12,141492623
S0277,F,CCCCCCCCS(=O)(=O)[O-].[NH4+],13,15333601
S0277,F,CCCCCCCCS(=O)(=O)[O-].[NH4+],14,141492134
S0277,F,CCCCCCCCS(=O)(=O)[O-].[NH4+],15,141492267
S0277,F,CCCCCCCCS(=O)(=O)[O-].[NH4+],16,141492223
S0277,F,CCCCCCCCS(=O)(=O)[O-].[NH4+],17,15607692
S0278,F,CCCCCCCCS(=O)(=O)[O-].[Na+],1,122481118
S0278,F,CCCCCCCCS(=O)(=O)[O-].[Na+],2,134207306
S0278,F,CCCCCCCCS(=O)(=O)[O-].[Na+],3,122481676
S0278,F,CCCCCCCCS(=O)(=O)[O-].[Na+],4,122481834
S0278,F,CCCCCCCCS(=O)(=O)[O-].[Na+],5,141492333
S0278,F,CCCCCCCCS(=O)(=O)[O-].[Na+],6,141492173
S0278,F,CCCCCCCCS(=O)(=O)[O-].[Na+],7,159324289
S0278,F,CCCCCCCCS(=O)(=O)[O-].[Na+],8,122481417
S0278,F,CCCCCCCCS(=O)(=O)[O-].[Na+],9,138396473
S0278,F,CCCCCCCCS(=O)(=O)[O-].[Na+],10,134207535
S0278,F,CCCCCCCCS(=O)(=O)[O-].[Na+],11,141492509
S0278,F,CCCCCCCCS(=O)(=O)[O-].[Na+],12,141492253
S0278,F,CCCCCCCCS(=O)(=O)[O-].[Na+],13,141492458
S0278,F,CCCCCCCCS(=O)(=O)[O-].[Na+],14,134206565
S0278,F,CCCCCCCCS(=O)(=O)[O-].[Na+],15,134207588
S0278,F,CCCCCCCCS(=O)(=O)[O-].[Na+],16,141492086
S0278,F,CCCCCCCCS(=O)(=O)[O-].[Na+],17,23671708
S0279,F,CCCCCCCCS(=O)(=O)[O-].c1cc[nH+]cc1,1,122481072
S0279,F,CCCCCCCCS(=O)(=O)[O-].c1cc[nH+]cc1,2,134207309
S0279,F,CCCCCCCCS(=O)(=O)[O-].c1cc[nH+]cc1,3,134207475
S0279,F,CCCCCCCCS(=O)(=O)[O-].c1cc[nH+]cc1,4,141492231
S0279,F,CCCCCCCCS(=O)(=O)[O-].c1cc[nH+]cc1,5,141491850
S0279,F,CCCCCCCCS(=O)(=O)[O-].c1cc[nH+]cc1,6,141492419
S0279,F,CCCCCCCCS(=O)(=O)[O-].c1cc[nH+]cc1,7,141492634
S0279,F,CCCCCCCCS(=O)(=O)[O-].c1cc[nH+]cc1,8,141492561
S0279,F,CCCCCCCCS(=O)(=O)[O-].c1cc[nH+]cc1,9,141492602
S0279,F,CCCCCCCCS(=O)(=O)[O-].c1cc[nH+]cc1,10,141492149
S0279,F,CCCCCCCCS(=O)(=O)[O-].c1cc[nH+]cc1,11,141492024
S0279,F,CCCCCCCCS(=O)(=O)[O-].c1cc[nH+]cc1,12,141491953
S0279,F,CCCCCCCCS(=O)(=O)[O-].c1cc[nH+]cc1,13,141491761
S0279,F,CCCCCCCCS(=O)(=O)[O-].c1cc[nH+]cc1,14,141492385
S0279,F,CCCCCCCCS(=O)(=O)[O-].c1cc[nH+]cc1,15,141492500
S0279,F,CCCCCCCCS(=O)(=O)[O-].c1cc[nH+]cc1,16,141492332
S0279,F,CCCCCCCCS(=O)(=O)[O-].c1cc[nH+]cc1,17,20401185
S0280,F,CCCCCCCO,1,87402447
S0280,F,CCCCCCCO,2,23227840
S0280,F,CCCCCCCO,3,87333527
S0280,F,CCCCCCCO,4,87466274
S0280,F,CCCCCCCO,5,87463973
S0280,F,CCCCCCCO,6,87466592
S0280,F,CCCCCCCO,7,87466077
S0280,F,CCCCCCCO,8,87256519
S0280,F,CCCCCCCO,9,98117674
S0280,F,CCCCCCCO,10,141443941
S0280,F,CCCCCCCO,11,2778067
S0280,F,CCCCCCCO,12,22277952
S0280,F,CCCCCCCO,13,550386
S0280,F,CCCCCCCO,14,22140573
S0280,F,CCCCCCCO,15,22160290
S0280,F,CCCCCCCO,16,90295514
S0281,F,CCCCCCCOC(=O)C(C)(C)CC,3,57695941
S0281,F,CCCCCCCOC(=O)C(C)(C)CC,4,169981198
S0281,F,CCCCCCCOC(=O)C(C)(C)CC,5,169981195
S0281,F,CCCCCCCOC(=O)C(C)(C)CC,6,118912387
S0281,F,CCCCCCCOC(=O)C(C)(C)CC,7,118912390
S0281,F,CCCCCCCOC(=O)C(C)(C)CC,8,88981313
S0281,F,CCCCCCCOC(=O)C(C)(C)CC,9,88981322
S0281,F,CCCCCCCOC(=O)C(C)(C)CC,10,58881433
S0281,F,CCCCCCCOC(=O)C(C)(C)CC,11,58881404
S0281,F,CCCCCCCOC(=O)C(C)(C)CC,12,59017676
S0281,F,CCCCCCCOC(=O)C(C)(C)CC,13,58881443
S0281,F,CCCCCCCOC(=O)C(C)(C)CC,14,58881471
S0281,F,CCCCCCCOC(=O)C(C)(C)CC,15,58937713
S0281,F,CCCCCCCOC(=O)C(C)(C)CC,16,58937701
S0282,F,CCCCCCCOC(=O)C(C)CC,3,57695936
S0282,F,CCCCCCCOC(=O)C(C)CC,4,169981199
S0282,F,CCCCCCCOC(=O)C(C)CC,5,169981196
S0282,F,CCCCCCCOC(=O)C(C)CC,6,20727694
S0282,F,CCCCCCCOC(=O)C(C)CC,7,169981161
S0282,F,CCCCCCCOC(=O)C(C)CC,8,88981328
S0282,F,CCCCCCCOC(=O)C(C)CC,9,88981331
S0282,F,CCCCCCCOC(=O)C(C)CC,10,88981330
S0282,F,CCCCCCCOC(=O)C(C)CC,11,58881446
S0282,F,CCCCCCCOC(=O)C(C)CC,12,58881468
S0282,F,CCCCCCCOC(=O)C(C)CC,13,58937686
S0282,F,CCCCCCCOC(=O)C(C)CC,14,58937695
S0282,F,CCCCCCCOC(=O)C(C)CC,15,59940554
S0283,F,CCCCCCCS(=O)(=O)O,1,88217904
S0283,F,CCCCCCCS(=O)(=O)O,2,134206605
S0283,F,CCCCCCCS(=O)(=O)O,3,134206344
S0283,F,CCCCCCCS(=O)(=O)O,4,141491980
S0283,F,CCCCCCCS(=O)(=O)O,5,122480929
S0283,F,CCCCCCCS(=O)(=O)O,6,174871055
S0283,F,CCCCCCCS(=O)(=O)O,7,122480830
S0283,F,CCCCCCCS(=O)(=O)O,8,122480869
S0283,F,CCCCCCCS(=O)(=O)O,9,141491934
S0283,F,CCCCCCCS(=O)(=O)O,10,122481000
S0283,F,CCCCCCCS(=O)(=O)O,11,148657111
S0283,F,CCCCCCCS(=O)(=O)O,12,88956448
S0283,F,CCCCCCCS(=O)(=O)O,13,87388713
S0283,F,CCCCCCCS(=O)(=O)O,14,9932498
S0283,F,CCCCCCCS(=O)(=O)O,15,88646326
S0284,F,CCCCCCCS(=O)(=O)O.CC[N+](CC)(CC)CC,1,175163110
S0284,F,CCCCCCCS(=O)(=O)O.CC[N+](CC)(CC)CC,2,175163897
S0284,F,CCCCCCCS(=O)(=O)O.CC[N+](CC)(CC)CC,3,175160328
S0284,F,CCCCCCCS(=O)(=O)O.CC[N+](CC)(CC)CC,4,175157501
S0284,F,CCCCCCCS(=O)(=O)O.CC[N+](CC)(CC)CC,5,175166615
S0284,F,CCCCCCCS(=O)(=O)O.CC[N+](CC)(CC)CC,6,175158545
S0284,F,CCCCCCCS(=O)(=O)O.CC[N+](CC)(CC)CC,7,175159602
S0284,F,CCCCCCCS(=O)(=O)O.CC[N+](CC)(CC)CC,8,175162397
S0284,F,CCCCCCCS(=O)(=O)O.CC[N+](CC)(CC)CC,9,175162471
S0284,F,CCCCCCCS(=O)(=O)O.CC[N+](CC)(CC)CC,10,175162423
S0284,F,CCCCCCCS(=O)(=O)O.CC[N+](CC)(CC)CC,11,175157622
S0284,F,CCCCCCCS(=O)(=O)O.CC[N+](CC)(CC)CC,12,175360967
S0284,F,CCCCCCCS(=O)(=O)O.CC[N+](CC)(CC)CC,13,175166557
S0284,F,CCCCCCCS(=O)(=O)O.CC[N+](CC)(CC)CC,14,175162486
S0284,F,CCCCCCCS(=O)(=O)O.CC[N+](CC)(CC)CC,15,175157567
S0285,F,CCCCCCCS(=O)(=O)O.CNC,1,173645490
S0285,F,CCCCCCCS(=O)(=O)O.CNC,2,171929143
S0285,F,CCCCCCCS(=O)(=O)O.CNC,3,173645631
S0285,F,CCCCCCCS(=O)(=O)O.CNC,4,173740567
S0285,F,CCCCCCCS(=O)(=O)O.CNC,5,173740385
S0285,F,CCCCCCCS(=O)(=O)O.CNC,6,174871054
S0285,F,CCCCCCCS(=O)(=O)O.CNC,7,173645608
S0285,F,CCCCCCCS(=O)(=O)O.CNC,8,174871100
S0285,F,CCCCCCCS(=O)(=O)O.CNC,9,173740759
S0285,F,CCCCCCCS(=O)(=O)O.CNC,10,173740717
S0285,F,CCCCCCCS(=O)(=O)O.CNC,11,171922782
S0285,F,CCCCCCCS(=O)(=O)O.CNC,12,171930866
S0285,F,CCCCCCCS(=O)(=O)O.CNC,13,171929495
S0285,F,CCCCCCCS(=O)(=O)O.CNC,14,173740793
S0285,F,CCCCCCCS(=O)(=O)O.CNC,15,171922724
S0286,F,CCCCCCCS(=O)(=O)O.N,1,173645845
S0286,F,CCCCCCCS(=O)(=O)O.N,2,173740558
S0286,F,CCCCCCCS(=O)(=O)O.N,3,173740655
S0286,F,CCCCCCCS(=O)(=O)O.N,4,173740444
S0286,F,CCCCCCCS(=O)(=O)O.N,5,173740741
S0286,F,CCCCCCCS(=O)(=O)O.N,6,173740801
S0286,F,CCCCCCCS(=O)(=O)O.N,7,173645487
S0286,F,CCCCCCCS(=O)(=O)O.N,8,173740415
S0286,F,CCCCCCCS(=O)(=O)O.N,9,173740797
S0286,F,CCCCCCCS(=O)(=O)O.N,10,173740413
S0286,F,CCCCCCCS(=O)(=O)O.N,11,173740739
S0286,F,CCCCCCCS(=O)(=O)O.N,12,173740689
S0286,F,CCCCCCCS(=O)(=O)O.N,13,175165506
S0286,F,CCCCCCCS(=O)(=O)O.N,14,173740601
S0286,F,CCCCCCCS(=O)(=O)O.N,15,109946
S0287,F,CCCCCCCS(=O)(=O)O.[H-].[Li+],1,175157490
S0287,F,CCCCCCCS(=O)(=O)O.[H-].[Li+],2,175166907
S0287,F,CCCCCCCS(=O)(=O)O.[H-].[Li+],3,175169926
S0287,F,CCCCCCCS(=O)(=O)O.[H-].[Li+],4,175157218
S0287,F,CCCCCCCS(=O)(=O)O.[H-].[Li+],5,175158551
S0287,F,CCCCCCCS(=O)(=O)O.[H-].[Li+],6,175360634
S0287,F,CCCCCCCS(=O)(=O)O.[H-].[Li+],7,175170061
S0287,F,CCCCCCCS(=O)(=O)O.[H-].[Li+],8,175162482
S0287,F,CCCCCCCS(=O)(=O)O.[H-].[Li+],9,175162374
S0287,F,CCCCCCCS(=O)(=O)O.[H-].[Li+],10,175163997
S0288,F,CCCCCCCS(=O)(=O)O.c1ccncc1,1,173645622
S0288,F,CCCCCCCS(=O)(=O)O.c1ccncc1,2,171929001
S0288,F,CCCCCCCS(=O)(=O)O.c1ccncc1,3,173645382
S0288,F,CCCCCCCS(=O)(=O)O.c1ccncc1,4,171924174
S0288,F,CCCCCCCS(=O)(=O)O.c1ccncc1,5,173645567
S0288,F,CCCCCCCS(=O)(=O)O.c1ccncc1,6,173645404
S0288,F,CCCCCCCS(=O)(=O)O.c1ccncc1,7,171922834
S0288,F,CCCCCCCS(=O)(=O)O.c1ccncc1,8,171922706
S0288,F,CCCCCCCS(=O)(=O)O.c1ccncc1,9,171922674
S0288,F,CCCCCCCS(=O)(=O)O.c1ccncc1,10,171923308
S0288,F,CCCCCCCS(=O)(=O)O.c1ccncc1,11,171922776
S0288,F,CCCCCCCS(=O)(=O)O.c1ccncc1,12,173645794
S0288,F,CCCCCCCS(=O)(=O)O.c1ccncc1,13,171922848
S0288,F,CCCCCCCS(=O)(=O)O.c1ccncc1,14,173645614
S0288,F,CCCCCCCS(=O)(=O)O.c1ccncc1,15,171922893
S0289,F,CCCCCCCS(=O)(=O)[O-].CC[N+](CC)(CC)CC,1,122481139
S0289,F,CCCCCCCS(=O)(=O)[O-].CC[N+](CC)(CC)CC,2,134207632
S0289,F,CCCCCCCS(=O)(=O)[O-].CC[N+](CC)(CC)CC,3,122481314
S0289,F,CCCCCCCS(=O)(=O)[O-].CC[N+](CC)(CC)CC,4,122481174
S0289,F,CCCCCCCS(=O)(=O)[O-].CC[N+](CC)(CC)CC,5,122481395
S0289,F,CCCCCCCS(=O)(=O)[O-].CC[N+](CC)(CC)CC,6,134206943
S0289,F,CCCCCCCS(=O)(=O)[O-].CC[N+](CC)(CC)CC,7,134207263
S0289,F,CCCCCCCS(=O)(=O)[O-].CC[N+](CC)(CC)CC,8,122481589
S0289,F,CCCCCCCS(=O)(=O)[O-].CC[N+](CC)(CC)CC,9,122481297
S0289,F,CCCCCCCS(=O)(=O)[O-].CC[N+](CC)(CC)CC,10,141492650
S0289,F,CCCCCCCS(=O)(=O)[O-].CC[N+](CC)(CC)CC,11,134206450
S0289,F,CCCCCCCS(=O)(=O)[O-].CC[N+](CC)(CC)CC,12,141492549
S0289,F,CCCCCCCS(=O)(=O)[O-].CC[N+](CC)(CC)CC,13,175157565
S0289,F,CCCCCCCS(=O)(=O)[O-].CC[N+](CC)(CC)CC,14,141492295
S0289,F,CCCCCCCS(=O)(=O)[O-].CC[N+](CC)(CC)CC,15,21455515
S0290,F,CCCCCCCS(=O)(=O)[O-].C[NH2+]C,1,122481231
S0290,F,CCCCCCCS(=O)(=O)[O-].C[NH2+]C,2,134207542
S0290,F,CCCCCCCS(=O)(=O)[O-].C[NH2+]C,3,134206582
S0290,F,CCCCCCCS(=O)(=O)[O-].C[NH2+]C,4,141491979
S0290,F,CCCCCCCS(=O)(=O)[O-].C[NH2+]C,5,141492538
S0290,F,CCCCCCCS(=O)(=O)[O-].C[NH2+]C,6,141492545
S0290,F,CCCCCCCS(=O)(=O)[O-].C[NH2+]C,7,141492315
S0290,F,CCCCCCCS(=O)(=O)[O-].C[NH2+]C,8,141492030
S0290,F,CCCCCCCS(=O)(=O)[O-].C[NH2+]C,9,141492556
S0290,F,CCCCCCCS(=O)(=O)[O-].C[NH2+]C,10,141491976
S0290,F,CCCCCCCS(=O)(=O)[O-].C[NH2+]C,11,141492362
S0290,F,CCCCCCCS(=O)(=O)[O-].C[NH2+]C,12,141492243
S0290,F,CCCCCCCS(=O)(=O)[O-].C[NH2+]C,13,141492046
S0290,F,CCCCCCCS(=O)(=O)[O-].C[NH2+]C,14,141491960
S0290,F,CCCCCCCS(=O)(=O)[O-].C[NH2+]C,15,122481235
S0291,F,CCCCCCCS(=O)(=O)[O-].[K+],1,122481941
S0291,F,CCCCCCCS(=O)(=O)[O-].[K+],2,122481865
S0291,F,CCCCCCCS(=O)(=O)[O-].[K+],3,134207237
S0291,F,CCCCCCCS(=O)(=O)[O-].[K+],4,141492331
S0291,F,CCCCCCCS(=O)(=O)[O-].[K+],5,122480928
S0291,F,CCCCCCCS(=O)(=O)[O-].[K+],6,134207226
S0291,F,CCCCCCCS(=O)(=O)[O-].[K+],7,141491924
S0291,F,CCCCCCCS(=O)(=O)[O-].[K+],8,141492212
S0291,F,CCCCCCCS(=O)(=O)[O-].[K+],9,122482003
S0291,F,CCCCCCCS(=O)(=O)[O-].[K+],10,122481782
S0291,F,CCCCCCCS(=O)(=O)[O-].[K+],11,134207311
S0291,F,CCCCCCCS(=O)(=O)[O-].[K+],12,134206697
S0291,F,CCCCCCCS(=O)(=O)[O-].[K+],13,134206979
S0291,F,CCCCCCCS(=O)(=O)[O-].[K+],14,122481984
S0291,F,CCCCCCCS(=O)(=O)[O-].[K+],15,23668634
S0292,F,CCCCCCCS(=O)(=O)[O-].[Li+],1,134206996
S0292,F,CCCCCCCS(=O)(=O)[O-].[Li+],2,122481519
S0292,F,CCCCCCCS(=O)(=O)[O-].[Li+],3,134206343
S0292,F,CCCCCCCS(=O)(=O)[O-].[Li+],4,122480908
S0292,F,CCCCCCCS(=O)(=O)[O-].[Li+],5,141492108
S0292,F,CCCCCCCS(=O)(=O)[O-].[Li+],6,134207608
S0292,F,CCCCCCCS(=O)(=O)[O-].[Li+],7,122481528
S0292,F,CCCCCCCS(=O)(=O)[O-].[Li+],8,122481626
S0292,F,CCCCCCCS(=O)(=O)[O-].[Li+],9,122482067
S0292,F,CCCCCCCS(=O)(=O)[O-].[Li+],10,134207484
S0292,F,CCCCCCCS(=O)(=O)[O-].[Li+],11,141492181
S0292,F,CCCCCCCS(=O)(=O)[O-].[Li+],12,134206614
S0292,F,CCCCCCCS(=O)(=O)[O-].[Li+],13,141492625
S0292,F,CCCCCCCS(=O)(=O)[O-].[Li+],14,122481410
S0292,F,CCCCCCCS(=O)(=O)[O-].[Li+],15,23704956
S0293,F,CCCCCCCS(=O)(=O)[O-].[NH4+],1,122481974
S0293,F,CCCCCCCS(=O)(=O)[O-].[NH4+],2,134206914
S0293,F,CCCCCCCS(=O)(=O)[O-].[NH4+],3,134207177
S0293,F,CCCCCCCS(=O)(=O)[O-].[NH4+],4,141492568
S0293,F,CCCCCCCS(=O)(=O)[O-].[NH4+],5,122481595
S0293,F,CCCCCCCS(=O)(=O)[O-].[NH4+],6,141492555
S0293,F,CCCCCCCS(=O)(=O)[O-].[NH4+],7,141492423
S0293,F,CCCCCCCS(=O)(=O)[O-].[NH4+],8,141492201
S0293,F,CCCCCCCS(=O)(=O)[O-].[NH4+],9,141492151
S0293,F,CCCCCCCS(=O)(=O)[O-].[NH4+],10,141492137
S0293,F,CCCCCCCS(=O)(=O)[O-].[NH4+],11,141492428
S0293,F,CCCCCCCS(=O)(=O)[O-].[NH4+],12,141492115
S0293,F,CCCCCCCS(=O)(=O)[O-].[NH4+],13,141492435
S0293,F,CCCCCCCS(=O)(=O)[O-].[NH4+],14,141492310
S0293,F,CCCCCCCS(=O)(=O)[O-].[NH4+],15,73556408
S0294,F,CCCCCCCS(=O)(=O)[O-].[Na+],1,134206432
S0294,F,CCCCCCCS(=O)(=O)[O-].[Na+],2,134206606
S0294,F,CCCCCCCS(=O)(=O)[O-].[Na+],3,122482000
S0294,F,CCCCCCCS(=O)(=O)[O-].[Na+],4,134207108
S0294,F,CCCCCCCS(=O)(=O)[O-].[Na+],5,134207654
S0294,F,CCCCCCCS(=O)(=O)[O-].[Na+],6,134207336
S0294,F,CCCCCCCS(=O)(=O)[O-].[Na+],7,141492169
S0294,F,CCCCCCCS(=O)(=O)[O-].[Na+],8,134207156
S0294,F,CCCCCCCS(=O)(=O)[O-].[Na+],9,141492451
S0294,F,CCCCCCCS(=O)(=O)[O-].[Na+],10,141492099
S0294,F,CCCCCCCS(=O)(=O)[O-].[Na+],11,134207426
S0294,F,CCCCCCCS(=O)(=O)[O-].[Na+],12,122481858
S0294,F,CCCCCCCS(=O)(=O)[O-].[Na+],13,134206694
S0294,F,CCCCCCCS(=O)(=O)[O-].[Na+],14,141492039
S0294,F,CCCCCCCS(=O)(=O)[O-].[Na+],15,23686493
S0295,F,CCCCCCCS(=O)(=O)[O-].c1cc[nH+]cc1,1,122481525
S0295,F,CCCCCCCS(=O)(=O)[O-].c1cc[nH+]cc1,2,134207449
S0295,F,CCCCCCCS(=O)(=O)[O-].c1cc[nH+]cc1,3,134206718
S0295,F,CCCCCCCS(=O)(=O)[O-].c1cc[nH+]cc1,4,141492247
S0295,F,CCCCCCCS(=O)(=O)[O-].c1cc[nH+]cc1,5,141492627
S0295,F,CCCCCCCS(=O)(=O)[O-].c1cc[nH+]cc1,6,141492004
S0295,F,CCCCCCCS(=O)(=O)[O-].c1cc[nH+]cc1,7,141492437
S0295,F,CCCCCCCS(=O)(=O)[O-].c1cc[nH+]cc1,8,141492432
S0295,F,CCCCCCCS(=O)(=O)[O-].c1cc[nH+]cc1,9,141491933
S0295,F,CCCCCCCS(=O)(=O)[O-].c1cc[nH+]cc1,10,141492128
S0295,F,CCCCCCCS(=O)(=O)[O-].c1cc[nH+]cc1,11,141491984
S0295,F,CCCCCCCS(=O)(=O)[O-].c1cc[nH+]cc1,12,141492642
S0295,F,CCCCCCCS(=O)(=O)[O-].c1cc[nH+]cc1,13,141492381
S0295,F,CCCCCCCS(=O)(=O)[O-].c1cc[nH+]cc1,14,141492044
S0295,F,CCCCCCCS(=O)(=O)[O-].c1cc[nH+]cc1,15,134206576
S0296,F,CCCCCCCSC(=O)CC,1,141622864
S0296,F,CCCCCCCSC(=O)CC,2,141622998
S0296,F,CCCCCCCSC(=O)CC,3,141622768
S0296,F,CCCCCCCSC(=O)CC,4,141622705
S0296,F,CCCCCCCSC(=O)CC,5,141622803
S0296,F,CCCCCCCSC(=O)CC,6,141622655
S0296,F,CCCCCCCSC(=O)CC,7,140272998
S0296,F,CCCCCCCSC(=O)CC,8,141622921
S0296,F,CCCCCCCSC(=O)CC,9,140272973
S0296,F,CCCCCCCSC(=O)CC,10,141622974
S0296,F,CCCCCCCSC(=O)CC,11,141622723
S0297,F,CCCCCCCSC(=O)c1ccccc1,1,89915166
S0297,F,CCCCCCCSC(=O)c1ccccc1,2,89915357
S0297,F,CCCCCCCSC(=O)c1ccccc1,3,89915717
S0297,F,CCCCCCCSC(=O)c1ccccc1,4,89915489
S0297,F,CCCCCCCSC(=O)c1ccccc1,5,89915574
S0297,F,CCCCCCCSC(=O)c1ccccc1,6,89915221
S0297,F,CCCCCCCSC(=O)c1ccccc1,7,89918181
S0297,F,CCCCCCCSC(=O)c1ccccc1,8,89915377
S0297,F,CCCCCCCSC(=O)c1ccccc1,9,89915185
S0297,F,CCCCCCCSC(=O)c1ccccc1,10,89916799
S0297,F,CCCCCCCSC(=O)c1ccccc1,11,89915976
S0298,F,CCCCCCCSC(C)=O,1,89915775
S0298,F,CCCCCCCSC(C)=O,2,89915677
S0298,F,CCCCCCCSC(C)=O,3,89915784
S0298,F,CCCCCCCSC(C)=O,4,89915848
S0298,F,CCCCCCCSC(C)=O,5,89915269
S0298,F,CCCCCCCSC(C)=O,6,89915398
S0298,F,CCCCCCCSC(C)=O,7,89917700
S0298,F,CCCCCCCSC(C)=O,8,89916538
S0298,F,CCCCCCCSC(C)=O,9,89915522
S0298,F,CCCCCCCSC(C)=O,10,89915684
S0298,F,CCCCCCCSC(C)=O,11,89916152
S0299,F,CCCCCCN,1,129375000
S0299,F,CCCCCCN,2,21486149
S0299,F,CCCCCCN,3,88657753
S0299,F,CCCCCCN,4,104277077
S0299,F,CCCCCCN,5,174419641
S0299,F,CCCCCCN,6,155662540
S0299,F,CCCCCCN,7,176009320
S0299,F,CCCCCCN,8,170887781
S0299,F,CCCCCCN,9,10244478
S0299,F,CCCCCCN,10,171548743
S0299,F,CCCCCCN,11,89455031
S0299,F,CCCCCCN,12,87642758
S0299,F,CCCCCCN,13,89872726
S0299,F,CCCCCCN,14,175727643
S0299,F,CCCCCCN,15,15160819
S0300,F,CCCCCCO,1,87401947
S0300,F,CCCCCCO,2,105427963
S0300,F,CCCCCCO,3,142765310
S0300,F,CCCCCCO,4,60116245
S0300,F,CCCCCCO,5,20059551
S0300,F,CCCCCCO,6,87481867
S0300,F,CCCCCCO,7,89007707
S0300,F,CCCCCCO,8,140466007
S0300,F,CCCCCCO,9,88632680
S0300,F,CCCCCCO,10,2736748
S0300,F,CCCCCCO,11,2782405
S0300,F,CCCCCCO,12,87512603
S0300,F,CCCCCCO,13,17957376
S0300,F,CCCCCCO,14,170110299
S0301,F,CCCCCCOS(=O)(=O)[n+]1ccccc1,1,175164536
S0301,F,CCCCCCOS(=O)(=O)[n+]1ccccc1,2,175164601
S0301,F,CCCCCCOS(=O)(=O)[n+]1ccccc1,3,175529013
S0301,F,CCCCCCOS(=O)(=O)[n+]1ccccc1,4,175528960
S0301,F,CCCCCCOS(=O)(=O)[n+]1ccccc1,5,175529398
S0301,F,CCCCCCOS(=O)(=O)[n+]1ccccc1,6,175529361
S0301,F,CCCCCCOS(=O)(=O)[n+]1ccccc1,7,175529148
S0301,F,CCCCCCOS(=O)(=O)[n+]1ccccc1,8,175529030
S0301,F,CCCCCCOS(=O)(=O)[n+]1ccccc1,9,175528697
S0301,F,CCCCCCOS(=O)(=O)[n+]1ccccc1,10,175528766
S0302,F,CCCCCCOc1nsnc1C1=CCCN(C)C1,1,16061746
S0302,F,CCCCCCOc1nsnc1C1=CCCN(C)C1,2,156363086
S0302,F,CCCCCCOc1nsnc1C1=CCCN(C)C1,3,156363152
S0302,F,CCCCCCOc1nsnc1C1=CCCN(C)C1,4,156363186
S0302,F,CCCCCCOc1nsnc1C1=CCCN(C)C1,5,156363143
S0302,F,CCCCCCOc1nsnc1C1=CCCN(C)C1,6,156363119
S0302,F,CCCCCCOc1nsnc1C1=CCCN(C)C1,7,156363092
S0302,F,CCCCCCOc1nsnc1C1=CCCN(C)C1,8,160775726
S0302,F,CCCCCCOc1nsnc1C1=CCCN(C)C1,9,156363165
S0302,F,CCCCCCOc1nsnc1C1=CCCN(C)C1,10,156363198
S0302,F,CCCCCCOc1nsnc1C1=CCCN(C)C1,11,156363133
S0302,F,CCCCCCOc1nsnc1C1=CCCN(C)C1,12,156363103
S0302,F,CCCCCCOc1nsnc1C1=CCCN(C)C1,13,159151439
S0302,F,CCCCCCOc1nsnc1C1=CCCN(C)C1,14,156363121
S0303,F,CCCCCCS,1,168917769
S0303,F,CCCCCCS,2,168918172
S0303,F,CCCCCCS,3,56604702
S0303,F,CCCCCCS,4,153367190
S0303,F,CCCCCCS,5,86761442
S0303,F,CCCCCCS,6,151631640
S0303,F,CCCCCCS,7,173393851
S0303,F,CCCCCCS,8,170689661
S0303,F,CCCCCCS,9,140806510
S0303,F,CCCCCCS,10,87746884
S0303,F,CCCCCCS,11,87800891
S0303,F,CCCCCCS,12,17888036
S0303,F,CCCCCCS,13,15049534
S0303,F,CCCCCCS,14,174688575
S0304,F,CCCCCCS(=O)(=O)O,1,172774352
S0304,F,CCCCCCS(=O)(=O)O,2,134206364
S0304,F,CCCCCCS(=O)(=O)O,3,87483223
S0304,F,CCCCCCS(=O)(=O)O,4,174871003
S0304,F,CCCCCCS(=O)(=O)O,5,90119442
S0304,F,CCCCCCS(=O)(=O)O,6,158860123
S0304,F,CCCCCCS(=O)(=O)O,7,163324206
S0304,F,CCCCCCS(=O)(=O)O,8,141491888
S0304,F,CCCCCCS(=O)(=O)O,9,122480878
S0304,F,CCCCCCS(=O)(=O)O,10,134206356
S0304,F,CCCCCCS(=O)(=O)O,11,88181024
S0304,F,CCCCCCS(=O)(=O)O,12,20514155
S0304,F,CCCCCCS(=O)(=O)O,13,67734
S0304,F,CCCCCCS(=O)(=O)O,14,174696216
S0305,F,CCCCCCS(=O)(=O)O.CNC,1,173740617
S0305,F,CCCCCCS(=O)(=O)O.CNC,2,171929003
S0305,F,CCCCCCS(=O)(=O)O.CNC,3,171929029
S0305,F,CCCCCCS(=O)(=O)O.CNC,4,173740807
S0305,F,CCCCCCS(=O)(=O)O.CNC,5,173645893
S0305,F,CCCCCCS(=O)(=O)O.CNC,6,171927517
S0305,F,CCCCCCS(=O)(=O)O.CNC,7,173645513
S0305,F,CCCCCCS(=O)(=O)O.CNC,8,173740789
S0305,F,CCCCCCS(=O)(=O)O.CNC,9,173740772
S0305,F,CCCCCCS(=O)(=O)O.CNC,10,171925927
S0305,F,CCCCCCS(=O)(=O)O.CNC,11,171929945
S0305,F,CCCCCCS(=O)(=O)O.CNC,12,173740750
S0305,F,CCCCCCS(=O)(=O)O.CNC,13,171922721
S0306,F,CCCCCCS(=O)(=O)O.N,1,173740503
S0306,F,CCCCCCS(=O)(=O)O.N,2,171928996
S0306,F,CCCCCCS(=O)(=O)O.N,3,173645747
S0306,F,CCCCCCS(=O)(=O)O.N,4,173645848
S0306,F,CCCCCCS(=O)(=O)O.N,5,175157391
S0306,F,CCCCCCS(=O)(=O)O.N,6,173645327
S0306,F,CCCCCCS(=O)(=O)O.N,7,173740530
S0306,F,CCCCCCS(=O)(=O)O.N,8,175164575
S0306,F,CCCCCCS(=O)(=O)O.N,9,175360954
S0306,F,CCCCCCS(=O)(=O)O.N,10,175158596
S0306,F,CCCCCCS(=O)(=O)O.N,11,175529601
S0306,F,CCCCCCS(=O)(=O)O.N,12,175157525
S0306,F,CCCCCCS(=O)(=O)O.N,13,109947
S0307,F,CCCCCCS(=O)(=O)O.[H-].[Li+],1,175169946
S0307,F,CCCCCCS(=O)(=O)O.[H-].[Li+],2,175159932
S0307,F,CCCCCCS(=O)(=O)O.[H-].[Li+],3,175166521
S0307,F,CCCCCCS(=O)(=O)O.[H-].[Li+],4,175158584
S0307,F,CCCCCCS(=O)(=O)O.[H-].[Li+],5,175164444
S0307,F,CCCCCCS(=O)(=O)O.[H-].[Li+],6,175160327
S0307,F,CCCCCCS(=O)(=O)O.[H-].[Li+],7,175160105
S0307,F,CCCCCCS(=O)(=O)O.[H-].[Li+],8,175160058
S0307,F,CCCCCCS(=O)(=O)O.[H-].[Li+],9,175157336
S0307,F,CCCCCCS(=O)(=O)O.[H-].[Li+],10,175160236
S0307,F,CCCCCCS(=O)(=O)O.[H-].[Li+],11,175164492
S0307,F,CCCCCCS(=O)(=O)O.[H-].[Li+],12,175160423
S0307,F,CCCCCCS(=O)(=O)O.[H-].[Li+],13,173020254
S0308,F,CCCCCCS(=O)(=O)O.c1ccncc1,1,173645700
S0308,F,CCCCCCS(=O)(=O)O.c1ccncc1,2,171929000
S0308,F,CCCCCCS(=O)(=O)O.c1ccncc1,3,171929148
S0308,F,CCCCCCS(=O)(=O)O.c1ccncc1,4,171932816
S0308,F,CCCCCCS(=O)(=O)O.c1ccncc1,5,173645904
S0308,F,CCCCCCS(=O)(=O)O.c1ccncc1,6,173645883
S0308,F,CCCCCCS(=O)(=O)O.c1ccncc1,7,171922659
S0308,F,CCCCCCS(=O)(=O)O.c1ccncc1,8,175312906
S0308,F,CCCCCCS(=O)(=O)O.c1ccncc1,9,171929880
S0308,F,CCCCCCS(=O)(=O)O.c1ccncc1,10,171931171
S0308,F,CCCCCCS(=O)(=O)O.c1ccncc1,11,171922761
S0308,F,CCCCCCS(=O)(=O)O.c1ccncc1,12,171922865
S0308,F,CCCCCCS(=O)(=O)O.c1ccncc1,13,171922934
S0309,F,CCCCCCS(=O)(=O)[O-].CC[N+](CC)(CC)CC,1,134207377
S0309,F,CCCCCCS(=O)(=O)[O-].CC[N+](CC)(CC)CC,2,134206923
S0309,F,CCCCCCS(=O)(=O)[O-].CC[N+](CC)(CC)CC,3,134207010
S0309,F,CCCCCCS(=O)(=O)[O-].CC[N+](CC)(CC)CC,4,141492412
S0309,F,CCCCCCS(=O)(=O)[O-].CC[N+](CC)(CC)CC,5,134207188
S0309,F,CCCCCCS(=O)(=O)[O-].CC[N+](CC)(CC)CC,6,122481654
S0309,F,CCCCCCS(=O)(=O)[O-].CC[N+](CC)(CC)CC,7,122482045
S0309,F,CCCCCCS(=O)(=O)[O-].CC[N+](CC)(CC)CC,8,134206434
S0309,F,CCCCCCS(=O)(=O)[O-].CC[N+](CC)(CC)CC,9,122481241
S0309,F,CCCCCCS(=O)(=O)[O-].CC[N+](CC)(CC)CC,10,141491835
S0309,F,CCCCCCS(=O)(=O)[O-].CC[N+](CC)(CC)CC,11,122481320
S0309,F,CCCCCCS(=O)(=O)[O-].CC[N+](CC)(CC)CC,12,122481753
S0309,F,CCCCCCS(=O)(=O)[O-].CC[N+](CC)(CC)CC,13,23110977
S0310,F,CCCCCCS(=O)(=O)[O-].C[NH2+]C,1,122481026
S0310,F,CCCCCCS(=O)(=O)[O-].C[NH2+]C,2,134207371
S0310,F,CCCCCCS(=O)(=O)[O-].C[NH2+]C,3,134206981
S0310,F,CCCCCCS(=O)(=O)[O-].C[NH2+]C,4,141492190
S0310,F,CCCCCCS(=O)(=O)[O-].C[NH2+]C,5,141492452
S0310,F,CCCCCCS(=O)(=O)[O-].C[NH2+]C,6,141492516
S0310,F,CCCCCCS(=O)(=O)[O-].C[NH2+]C,7,141492130
S0310,F,CCCCCCS(=O)(=O)[O-].C[NH2+]C,8,141492121
S0310,F,CCCCCCS(=O)(=O)[O-].C[NH2+]C,9,141492356
S0310,F,CCCCCCS(=O)(=O)[O-].C[NH2+]C,10,141492280
S0310,F,CCCCCCS(=O)(=O)[O-].C[NH2+]C,11,141492148
S0310,F,CCCCCCS(=O)(=O)[O-].C[NH2+]C,12,141492579
S0310,F,CCCCCCS(=O)(=O)[O-].C[NH2+]C,13,122481286
S0311,F,CCCCCCS(=O)(=O)[O-].[K+],1,134207437
S0311,F,CCCCCCS(=O)(=O)[O-].[K+],2,122481813
S0311,F,CCCCCCS(=O)(=O)[O-].[K+],3,134207002
S0311,F,CCCCCCS(=O)(=O)[O-].[K+],4,141492172
S0311,F,CCCCCCS(=O)(=O)[O-].[K+],5,141492413
S0311,F,CCCCCCS(=O)(=O)[O-].[K+],6,122481165
S0311,F,CCCCCCS(=O)(=O)[O-].[K+],7,134207504
S0311,F,CCCCCCS(=O)(=O)[O-].[K+],8,141492078
S0311,F,CCCCCCS(=O)(=O)[O-].[K+],9,141492242
S0311,F,CCCCCCS(=O)(=O)[O-].[K+],10,122480866
S0311,F,CCCCCCS(=O)(=O)[O-].[K+],11,122480906
S0311,F,CCCCCCS(=O)(=O)[O-].[K+],12,141491923
S0311,F,CCCCCCS(=O)(=O)[O-].[K+],13,23678874
S0312,F,CCCCCCS(=O)(=O)[O-].[Li+],1,122481086
S0312,F,CCCCCCS(=O)(=O)[O-].[Li+],2,134206665
S0312,F,CCCCCCS(=O)(=O)[O-].[Li+],3,134207145
S0312,F,CCCCCCS(=O)(=O)[O-].[Li+],4,134207042
S0312,F,CCCCCCS(=O)(=O)[O-].[Li+],5,141492445
S0312,F,CCCCCCS(=O)(=O)[O-].[Li+],6,122481638
S0312,F,CCCCCCS(=O)(=O)[O-].[Li+],7,141492531
S0312,F,CCCCCCS(=O)(=O)[O-].[Li+],8,141491887
S0312,F,CCCCCCS(=O)(=O)[O-].[Li+],9,134207340
S0312,F,CCCCCCS(=O)(=O)[O-].[Li+],10,141492638
S0312,F,CCCCCCS(=O)(=O)[O-].[Li+],11,134206416
S0312,F,CCCCCCS(=O)(=O)[O-].[Li+],12,134207548
S0312,F,CCCCCCS(=O)(=O)[O-].[Li+],13,23684611
S0313,F,CCCCCCS(=O)(=O)[O-].[NH4+],1,122481923
S0313,F,CCCCCCS(=O)(=O)[O-].[NH4+],2,134207381
S0313,F,CCCCCCS(=O)(=O)[O-].[NH4+],3,134207582
S0313,F,CCCCCCS(=O)(=O)[O-].[NH4+],4,141492321
S0313,F,CCCCCCS(=O)(=O)[O-].[NH4+],5,141492274
S0313,F,CCCCCCS(=O)(=O)[O-].[NH4+],6,141492563
S0313,F,CCCCCCS(=O)(=O)[O-].[NH4+],7,141492210
S0313,F,CCCCCCS(=O)(=O)[O-].[NH4+],8,141492594
S0313,F,CCCCCCS(=O)(=O)[O-].[NH4+],9,141491839
S0313,F,CCCCCCS(=O)(=O)[O-].[NH4+],10,141492400
S0313,F,CCCCCCS(=O)(=O)[O-].[NH4+],11,141492440
S0313,F,CCCCCCS(=O)(=O)[O-].[NH4+],12,141492651
S0313,F,CCCCCCS(=O)(=O)[O-].[NH4+],13,73556409
S0314,F,CCCCCCS(=O)(=O)[O-].[Na+],1,134206921
S0314,F,CCCCCCS(=O)(=O)[O-].[Na+],2,134206361
S0314,F,CCCCCCS(=O)(=O)[O-].[Na+],3,134207599
S0314,F,CCCCCCS(=O)(=O)[O-].[Na+],4,122481287
S0314,F,CCCCCCS(=O)(=O)[O-].[Na+],5,122481083
S0314,F,CCCCCCS(=O)(=O)[O-].[Na+],6,134207642
S0314,F,CCCCCCS(=O)(=O)[O-].[Na+],7,134206678
S0314,F,CCCCCCS(=O)(=O)[O-].[Na+],8,134206603
S0314,F,CCCCCCS(=O)(=O)[O-].[Na+],9,122481300
S0314,F,CCCCCCS(=O)(=O)[O-].[Na+],10,134206891
S0314,F,CCCCCCS(=O)(=O)[O-].[Na+],11,141492580
S0314,F,CCCCCCS(=O)(=O)[O-].[Na+],12,141492576
S0314,F,CCCCCCS(=O)(=O)[O-].[Na+],13,23704962
S0315,F,CCCCCCS(=O)(=O)[O-].c1cc[nH+]cc1,1,122481680
S0315,F,CCCCCCS(=O)(=O)[O-].c1cc[nH+]cc1,2,134207408
S0315,F,CCCCCCS(=O)(=O)[O-].c1cc[nH+]cc1,3,134207620
S0315,F,CCCCCCS(=O)(=O)[O-].c1cc[nH+]cc1,4,141492631
S0315,F,CCCCCCS(=O)(=O)[O-].c1cc[nH+]cc1,5,141492393
S0315,F,CCCCCCS(=O)(=O)[O-].c1cc[nH+]cc1,6,141492505
S0315,F,CCCCCCS(=O)(=O)[O-].c1cc[nH+]cc1,7,141492614
S0315,F,CCCCCCS(=O)(=O)[O-].c1cc[nH+]cc1,8,141492657
S0315,F,CCCCCCS(=O)(=O)[O-].c1cc[nH+]cc1,9,141492359
S0315,F,CCCCCCS(=O)(=O)[O-].c1cc[nH+]cc1,10,141492211
S0315,F,CCCCCCS(=O)(=O)[O-].c1cc[nH+]cc1,11,141492089
S0315,F,CCCCCCS(=O)(=O)[O-].c1cc[nH+]cc1,12,141492294
S0315,F,CCCCCCS(=O)(=O)[O-].c1cc[nH+]cc1,13,134206390
S0316,F,CCCCCN,1,129393021
S0316,F,CCCCCN,2,150962298
S0316,F,CCCCCN,3,22597200
S0316,F,CCCCCN,4,84764062
S0316,F,CCCCCN,5,22033358
S0316,F,CCCCCN,6,89274784
S0316,F,CCCCCN,7,88052489
S0316,F,CCCCCN,8,155749447
S0316,F,CCCCCN,9,2769669
S0316,F,CCCCCN,10,90912090
S0316,F,CCCCCN,11,21923676
S0316,F,CCCCCN,12,87274009
S0316,F,CCCCCN,13,85960666
S0317,F,CCCCCO,1,120291
S0317,F,CCCCCO,2,54369943
S0317,F,CCCCCO,3,22160296
S0317,F,CCCCCO,4,53864567
S0317,F,CCCCCO,5,547967
S0317,F,CCCCCO,6,54418333
S0317,F,CCCCCO,7,59816203
S0317,F,CCCCCO,8,20152963
S0317,F,CCCCCO,9,87825920
S0317,F,CCCCCO,10,89840540
S0317,F,CCCCCO,11,14513257
S0317,F,CCCCCO,12,58979797
S0318,F,CCCCCOC,1,154716146
S0318,F,CCCCCOC,2,146386258
S0318,F,CCCCCOC,3,53920210
S0318,F,CCCCCOC,4,168826300
S0318,F,CCCCCOC,5,175617773
S0318,F,CCCCCOC,6,87711386
S0318,F,CCCCCOC,7,19063463
S0318,F,CCCCCOC,8,57831792
S0318,F,CCCCCOC,9,162347174
S0318,F,CCCCCOC,10,19063485
S0318,F,CCCCCOC,11,22436579
S0318,F,CCCCCOC,12,19063502
S0319,F,CCCCCOC(=O)C(C)(C)CC,3,59126240
S0319,F,CCCCCOC(=O)C(C)(C)CC,4,88535316
S0319,F,CCCCCOC(=O)C(C)(C)CC,5,121421933
S0319,F,CCCCCOC(=O)C(C)(C)CC,6,57954223
S0319,F,CCCCCOC(=O)C(C)(C)CC,7,58599079
S0319,F,CCCCCOC(=O)C(C)(C)CC,8,89641472
S0319,F,CCCCCOC(=O)C(C)(C)CC,9,88981404
S0319,F,CCCCCOC(=O)C(C)(C)CC,10,57793554
S0319,F,CCCCCOC(=O)C(C)(C)CC,11,57793539
S0319,F,CCCCCOC(=O)C(C)(C)CC,12,57793517
S0320,F,CCCCCOC(C)=O,1,88153282
S0320,F,CCCCCOC(C)=O,2,22662569
S0320,F,CCCCCOC(C)=O,3,520589
S0320,F,CCCCCOC(C)=O,4,164178072
S0320,F,CCCCCOC(C)=O,5,19598616
S0320,F,CCCCCOC(C)=O,6,58881458
S0320,F,CCCCCOC(C)=O,7,98041595
S0320,F,CCCCCOC(C)=O,8,13595165
S0320,F,CCCCCOC(C)=O,9,89413786
S0320,F,CCCCCOC(C)=O,10,156773727
S0320,F,CCCCCOC(C)=O,11,2827670
S0321,F,CCCCCOCC,1,54371538
S0321,F,CCCCCOCC,2,21052612
S0321,F,CCCCCOCC,3,88656778
S0321,F,CCCCCOCC,4,53657802
S0321,F,CCCCCOCC,5,89837212
S0321,F,CCCCCOCC,6,171647537
S0321,F,CCCCCOCC,7,89475005
S0321,F,CCCCCOCC,8,19063451
S0321,F,CCCCCOCC,9,19063480
S0321,F,CCCCCOCC,10,54080135
S0321,F,CCCCCOCC,11,88355168
S0321,F,CCCCCOCC,12,175784899
S0321,F,CCCCCOCC,13,22002811
S0321,F,CCCCCOCC,14,165154357
S0321,F,CCCCCOCC,15,14832369
S0321,F,CCCCCOCC,16,135351879
S0322,F,CCCCCOS(=O)(=O)[n+]1ccccc1,1,175165510
S0322,F,CCCCCOS(=O)(=O)[n+]1ccccc1,2,175165558
S0322,F,CCCCCOS(=O)(=O)[n+]1ccccc1,3,175158611
S0322,F,CCCCCOS(=O)(=O)[n+]1ccccc1,4,175166489
S0322,F,CCCCCOS(=O)(=O)[n+]1ccccc1,5,175170049
S0322,F,CCCCCOS(=O)(=O)[n+]1ccccc1,6,175157532
S0322,F,CCCCCOS(=O)(=O)[n+]1ccccc1,7,175166906
S0322,F,CCCCCOS(=O)(=O)[n+]1ccccc1,8,175159534
S0322,F,CCCCCOS(=O)(=O)[n+]1ccccc1,9,175159916
S0322,F,CCCCCOS(=O)(=O)[n+]1ccccc1,10,175159550
S0322,F,CCCCCOS(=O)(=O)[n+]1ccccc1,11,175158797
S0323,F,CCCCCS(=O)(=O)O,1,140334801
S0323,F,CCCCCS(=O)(=O)O,2,57086835
S0323,F,CCCCCS(=O)(=O)O,3,87484716
S0323,F,CCCCCS(=O)(=O)O,4,89254185
S0323,F,CCCCCS(=O)(=O)O,5,87154426
S0323,F,CCCCCS(=O)(=O)O,6,123192229
S0323,F,CCCCCS(=O)(=O)O,7,134206282
S0323,F,CCCCCS(=O)(=O)O,8,134206742
S0323,F,CCCCCS(=O)(=O)O,9,134206307
S0323,F,CCCCCS(=O)(=O)O,10,139597747
S0323,F,CCCCCS(=O)(=O)O,11,75922
S0323,F,CCCCCS(=O)(=O)O,12,87509619
S0324,F,CCCCCS(=O)(=O)O.CNC,1,175170126
S0324,F,CCCCCS(=O)(=O)O.CNC,2,173645480
S0324,F,CCCCCS(=O)(=O)O.CNC,3,173645896
S0324,F,CCCCCS(=O)(=O)O.CNC,4,171929327
S0324,F,CCCCCS(=O)(=O)O.CNC,5,173645371
S0324,F,CCCCCS(=O)(=O)O.CNC,6,173645889
S0324,F,CCCCCS(=O)(=O)O.CNC,7,173740592
S0324,F,CCCCCS(=O)(=O)O.CNC,8,173645478
S0324,F,CCCCCS(=O)(=O)O.CNC,9,173645712
S0324,F,CCCCCS(=O)(=O)O.CNC,10,173645324
S0324,F,CCCCCS(=O)(=O)O.CNC,11,171922803
S0325,F,CCCCCS(=O)(=O)O.N,1,175158659
S0325,F,CCCCCS(=O)(=O)O.N,2,171929141
S0325,F,CCCCCS(=O)(=O)O.N,3,173740691
S0325,F,CCCCCS(=O)(=O)O.N,4,175360670
S0325,F,CCCCCS(=O)(=O)O.N,5,173740693
S0325,F,CCCCCS(=O)(=O)O.N,6,173740614
S0325,F,CCCCCS(=O)(=O)O.N,7,173740383
S0325,F,CCCCCS(=O)(=O)O.N,8,173740631
S0325,F,CCCCCS(=O)(=O)O.N,9,173740703
S0325,F,CCCCCS(=O)(=O)O.N,10,175157572
S0325,F,CCCCCS(=O)(=O)O.N,11,109948
S0326,F,CCCCCS(=O)(=O)O.c1ccncc1,1,173645718
S0326,F,CCCCCS(=O)(=O)O.c1ccncc1,2,171928992
S0326,F,CCCCCS(=O)(=O)O.c1ccncc1,3,171929073
S0326,F,CCCCCS(=O)(=O)O.c1ccncc1,4,173645791
S0326,F,CCCCCS(=O)(=O)O.c1ccncc1,5,171924657
S0326,F,CCCCCS(=O)(=O)O.c1ccncc1,6,173645635
S0326,F,CCCCCS(=O)(=O)O.c1ccncc1,7,171930351
S0326,F,CCCCCS(=O)(=O)O.c1ccncc1,8,171922558
S0326,F,CCCCCS(=O)(=O)O.c1ccncc1,9,171922720
S0326,F,CCCCCS(=O)(=O)O.c1ccncc1,10,173645586
S0326,F,CCCCCS(=O)(=O)O.c1ccncc1,11,171929047
S0327,F,CCCCCS(=O)(=O)[O-].CC[N+](CC)(CC)CC,1,134206937
S0327,F,CCCCCS(=O)(=O)[O-].CC[N+](CC)(CC)CC,2,134207210
S0327,F,CCCCCS(=O)(=O)[O-].CC[N+](CC)(CC)CC,3,122481378
S0327,F,CCCCCS(=O)(=O)[O-].CC[N+](CC)(CC)CC,4,134206684
S0327,F,CCCCCS(=O)(=O)[O-].CC[N+](CC)(CC)CC,5,122481508
S0327,F,CCCCCS(=O)(=O)[O-].CC[N+](CC)(CC)CC,6,141491782
S0327,F,CCCCCS(=O)(=O)[O-].CC[N+](CC)(CC)CC,7,122481069
S0327,F,CCCCCS(=O)(=O)[O-].CC[N+](CC)(CC)CC,8,141492481
S0327,F,CCCCCS(=O)(=O)[O-].CC[N+](CC)(CC)CC,9,141492469
S0327,F,CCCCCS(=O)(=O)[O-].CC[N+](CC)(CC)CC,10,134206376
S0327,F,CCCCCS(=O)(=O)[O-].CC[N+](CC)(CC)CC,11,122482140
S0328,F,CCCCCS(=O)(=O)[O-].C[NH2+]C,1,122480961
S0328,F,CCCCCS(=O)(=O)[O-].C[NH2+]C,2,134206531
S0328,F,CCCCCS(=O)(=O)[O-].C[NH2+]C,3,134206896
S0328,F,CCCCCS(=O)(=O)[O-].C[NH2+]C,4,141492076
S0328,F,CCCCCS(=O)(=O)[O-].C[NH2+]C,5,141492603
S0328,F,CCCCCS(=O)(=O)[O-].C[NH2+]C,6,141492136
S0328,F,CCCCCS(=O)(=O)[O-].C[NH2+]C,7,141492250
S0328,F,CCCCCS(=O)(=O)[O-].C[NH2+]C,8,141492112
S0328,F,CCCCCS(=O)(=O)[O-].C[NH2+]C,9,141492256
S0328,F,CCCCCS(=O)(=O)[O-].C[NH2+]C,10,141492161
S0328,F,CCCCCS(=O)(=O)[O-].C[NH2+]C,11,122481407
S0329,F,CCCCCS(=O)(=O)[O-].[K+],1,134207105
S0329,F,CCCCCS(=O)(=O)[O-].[K+],2,134206664
S0329,F,CCCCCS(=O)(=O)[O-].[K+],3,134207341
S0329,F,CCCCCS(=O)(=O)[O-].[K+],4,141492448
S0329,F,CCCCCS(=O)(=O)[O-].[K+],5,134206683
S0329,F,CCCCCS(=O)(=O)[O-].[K+],6,134206886
S0329,F,CCCCCS(=O)(=O)[O-].[K+],7,141492351
S0329,F,CCCCCS(=O)(=O)[O-].[K+],8,141492027
S0329,F,CCCCCS(=O)(=O)[O-].[K+],9,122481071
S0329,F,CCCCCS(=O)(=O)[O-].[K+],10,134207612
S0329,F,CCCCCS(=O)(=O)[O-].[K+],11,23678875
S0330,F,CCCCCS(=O)(=O)[O-].[Li+],1,134206617
S0330,F,CCCCCS(=O)(=O)[O-].[Li+],2,122482080
S0330,F,CCCCCS(=O)(=O)[O-].[Li+],3,134206453
S0330,F,CCCCCS(=O)(=O)[O-].[Li+],4,145140208
S0330,F,CCCCCS(=O)(=O)[O-].[Li+],5,141491792
S0330,F,CCCCCS(=O)(=O)[O-].[Li+],6,141492127
S0330,F,CCCCCS(=O)(=O)[O-].[Li+],7,141491780
S0330,F,CCCCCS(=O)(=O)[O-].[Li+],8,122481861
S0330,F,CCCCCS(=O)(=O)[O-].[Li+],9,134207513
S0330,F,CCCCCS(=O)(=O)[O-].[Li+],10,134207564
S0330,F,CCCCCS(=O)(=O)[O-].[Li+],11,88876149
S0331,F,CCCCCS(=O)(=O)[O-].[NH4+],1,134206600
S0331,F,CCCCCS(=O)(=O)[O-].[NH4+],2,134207589
S0331,F,CCCCCS(=O)(=O)[O-].[NH4+],3,134207283
S0331,F,CCCCCS(=O)(=O)[O-].[NH4+],4,145140203
S0331,F,CCCCCS(=O)(=O)[O-].[NH4+],5,141492288
S0331,F,CCCCCS(=O)(=O)[O-].[NH4+],6,141492641
S0331,F,CCCCCS(=O)(=O)[O-].[NH4+],7,141492025
S0331,F,CCCCCS(=O)(=O)[O-].[NH4+],8,141491892
S0331,F,CCCCCS(=O)(=O)[O-].[NH4+],9,141492079
S0331,F,CCCCCS(=O)(=O)[O-].[NH4+],10,141491775
S0331,F,CCCCCS(=O)(=O)[O-].[NH4+],11,71432178
S0332,F,CCCCCS(=O)(=O)[O-].[Na+],1,122482195
S0332,F,CCCCCS(=O)(=O)[O-].[Na+],2,134207026
S0332,F,CCCCCS(=O)(=O)[O-].[Na+],3,134206941
S0332,F,CCCCCS(=O)(=O)[O-].[Na+],4,122481598
S0332,F,CCCCCS(=O)(=O)[O-].[Na+],5,134206553
S0332,F,CCCCCS(=O)(=O)[O-].[Na+],6,122481124
S0332,F,CCCCCS(=O)(=O)[O-].[Na+],7,134207350
S0332,F,CCCCCS(=O)(=O)[O-].[Na+],8,141491857
S0332,F,CCCCCS(=O)(=O)[O-].[Na+],9,134207553
S0332,F,CCCCCS(=O)(=O)[O-].[Na+],10,141491942
S0332,F,CCCCCS(=O)(=O)[O-].[Na+],11,87842193
S0333,F,CCCCCS(=O)(=O)[O-].c1cc[nH+]cc1,1,122481722
S0333,F,CCCCCS(=O)(=O)[O-].c1cc[nH+]cc1,2,134207257
S0333,F,CCCCCS(=O)(=O)[O-].c1cc[nH+]cc1,3,134206452
S0333,F,CCCCCS(=O)(=O)[O-].c1cc[nH+]cc1,4,145140209
S0333,F,CCCCCS(=O)(=O)[O-].c1cc[nH+]cc1,5,141491968
S0333,F,CCCCCS(=O)(=O)[O-].c1cc[nH+]cc1,6,141492225
S0333,F,CCCCCS(=O)(=O)[O-].c1cc[nH+]cc1,7,141492342
S0333,F,CCCCCS(=O)(=O)[O-].c1cc[nH+]cc1,8,141492436
S0333,F,CCCCCS(=O)(=O)[O-].c1cc[nH+]cc1,9,141491867
S0333,F,CCCCCS(=O)(=O)[O-].c1cc[nH+]cc1,10,141491916
S0333,F,CCCCCS(=O)(=O)[O-].c1cc[nH+]cc1,11,134206801
S0334,F,CCCCN,1,23123451
S0334,F,CCCCN,2,23123643
S0334,F,CCCCN,3,136645
S0334,F,CCCCN,4,21072519
S0334,F,CCCCN,5,54410113
S0334,F,CCCCN,6,59793345
S0334,F,CCCCN,7,22556215
S0334,F,CCCCN,8,176009326
S0334,F,CCCCN,9,87662235
S0334,F,CCCCN,10,87252907
S0334,F,CCCCN,11,14965022
S0335,F,CCCCNCC,1,132107837
S0335,F,CCCCNCC,2,155139107
S0335,F,CCCCNCC,3,12788572
S0335,F,CCCCNCC,4,150540825
S0335,F,CCCCNCC,5,115407015
S0335,F,CCCCNCC,6,162536418
S0335,F,CCCCNCC,7,54573643
S0335,F,CCCCNCC,8,89932038
S0335,F,CCCCNCC,9,17948293
S0335,F,CCCCNCC,10,139977558
S0336,F,CCCCO,1,60205196
S0336,F,CCCCO,2,54411358
S0336,F,CCCCO,3,136307
S0336,F,CCCCO,4,138627
S0336,F,CCCCO,5,19091939
S0336,F,CCCCO,6,533990
S0336,F,CCCCO,7,21931236
S0336,F,CCCCO,8,87172842
S0336,F,CCCCO,9,14620145
S0336,F,CCCCO,10,19911051
S0337,F,CCCCOC,1,20582799
S0337,F,CCCCOC,2,23221702
S0337,F,CCCCOC,3,59739021
S0337,F,CCCCOC,4,59343885
S0337,F,CCCCOC,5,87379393
S0337,F,CCCCOC,6,19063456
S0337,F,CCCCOC,7,89114498
S0337,F,CCCCOC,8,87502864
S0337,F,CCCCOC,9,91199439
S0337,F,CCCCOC,10,161590650
S0337,F,CCCCOC,11,87716353
S0337,F,CCCCOC,12,11403934
S0338,F,CCCCOC(=O)CC,1,174855505
S0338,F,CCCCOC(=O)CC,2,52916860
S0338,F,CCCCOC(=O)CC,3,170096894
S0338,F,CCCCOC(=O)CC,4,108058988
S0338,F,CCCCOC(=O)CC,5,170096896
S0338,F,CCCCOC(=O)CC,6,160131748
S0338,F,CCCCOC(=O)CC,7,134490319
S0338,F,CCCCOC(=O)CC,8,14716509
S0338,F,CCCCOC(=O)CC,9,175601066
S0338,F,CCCCOC(=O)CC,10,170031226
S0339,F,CCCCOC(=O)OCC,1,101509230
S0339,F,CCCCOC(=O)OCC,2,87326852
S0339,F,CCCCOC(=O)OCC,3,160962397
S0339,F,CCCCOC(=O)OCC,4,141749786
S0339,F,CCCCOC(=O)OCC,5,139344995
S0339,F,CCCCOC(=O)OCC,6,99564582
S0339,F,CCCCOC(=O)OCC,7,99769625
S0339,F,CCCCOC(=O)OCC,8,99769541
S0339,F,CCCCOC(=O)OCC,9,112758178
S0339,F,CCCCOC(=O)OCC,10,99769535
S0340,F,CCCCOC(C)=O,1,9758
S0340,F,CCCCOC(C)=O,2,150858638
S0340,F,CCCCOC(C)=O,3,170023866
S0340,F,CCCCOC(C)=O,4,170023897
S0340,F,CCCCOC(C)=O,5,162541722
S0340,F,CCCCOC(C)=O,6,170023907
S0340,F,CCCCOC(C)=O,7,87211212
S0340,F,CCCCOC(C)=O,8,12549362
S0340,F,CCCCOC(C)=O,9,98454985
S0340,F,CCCCOC(C)=O,10,98455042
S0341,F,CCCCOC(C)C,1,172125621
S0341,F,CCCCOC(C)C,2,91189469
S0341,F,CCCCOC(C)C,3,21657908
S0341,F,CCCCOC(C)C,4,169936857
S0341,F,CCCCOC(C)C,5,156847032
S0341,F,CCCCOC(C)C,6,88312676
S0341,F,CCCCOC(C)C,7,162607424
S0341,F,CCCCOC(C)C,8,130258414
S0341,F,CCCCOC(C)C,9,175796868
S0341,F,CCCCOC(C)C,10,117878732
S0341,F,CCCCOC(C)C,11,23345376
S0341,F,CCCCOC(C)C,12,175244941
S0342,F,CCCCOC=O,1,21617078
S0342,F,CCCCOC=O,2,140677277
S0342,F,CCCCOC=O,3,54129780
S0342,F,CCCCOC=O,4,175464861
S0342,F,CCCCOC=O,5,91407918
S0342,F,CCCCOC=O,6,98041604
S0342,F,CCCCOC=O,7,91261831
S0342,F,CCCCOC=O,8,118252862
S0342,F,CCCCOC=O,9,17803414
S0342,F,CCCCOC=O,10,153524971
S0343,F,CCCCOCC,1,53916352
S0343,F,CCCCOCC,2,57838214
S0343,F,CCCCOCC,3,122533010
S0343,F,CCCCOCC,4,53894396
S0343,F,CCCCOCC,5,19063483
S0343,F,CCCCOCC,6,58537742
S0343,F,CCCCOCC,7,60020188
S0343,F,CCCCOCC,8,57667475
S0343,F,CCCCOCC,9,122595448
S0343,F,CCCCOCC,10,86002227
S0343,F,CCCCOCC,11,161283470
S0343,F,CCCCOCC,12,102342283
S0343,F,CCCCOCC,13,15789091
S0343,F,CCCCOCC,14,11325674
S0344,F,CCCCOCCC,1,15062442
S0344,F,CCCCOCCC,2,15062441
S0344,F,CCCCOCCC,3,53881431
S0344,F,CCCCOCCC,4,58114566
S0344,F,CCCCOCCC,5,158726033
S0344,F,CCCCOCCC,6,153320073
S0344,F,CCCCOCCC,7,122536171
S0344,F,CCCCOCCC,8,58527764
S0344,F,CCCCOCCC,9,145366186
S0344,F,CCCCOCCC,10,58114591
S0344,F,CCCCOCCC,11,91462717
S0344,F,CCCCOCCC,12,86100286
S0344,F,CCCCOCCC,13,175759699
S0345,F,CCCCOCCCC,1,15062446
S0345,F,CCCCOCCCC,2,15062445
S0345,F,CCCCOCCCC,3,173582433
S0345,F,CCCCOCCCC,4,141830984
S0345,F,CCCCOCCCC,5,20700673
S0345,F,CCCCOCCCC,6,173113126
S0345,F,CCCCOCCCC,7,173113331
S0345,F,CCCCOCCCC,8,174656684
S0345,F,CCCCOCCCC,9,22670038
S0345,F,CCCCOCCCC,10,88805354
S0345,F,CCCCOCCCC,11,87409111
S0345,F,CCCCOCCCC,12,89494682
S0345,F,CCCCOCCCC,13,21019463
S0345,F,CCCCOCCCC,14,87337995
S0345,F,CCCCOCCCC,15,175759781
S0345,F,CCCCOCCCC,16,118045682
S0346,F,CCCCOP(=O)(O)O,1,151344544
S0346,F,CCCCOP(=O)(O)O,2,151010291
S0346,F,CCCCOP(=O)(O)O,3,90465447
S0346,F,CCCCOP(=O)(O)O,4,151404238
S0346,F,CCCCOP(=O)(O)O,5,121354625
S0346,F,CCCCOP(=O)(O)O,6,175075652
S0346,F,CCCCOP(=O)(O)O,7,131965290
S0346,F,CCCCOP(=O)(O)O,8,87222022
S0346,F,CCCCOP(=O)(O)O,9,87222027
S0346,F,CCCCOP(=O)(O)O,10,87221914
S0347,F,CCCCOS(C)(=O)=O,1,68965
S0347,F,CCCCOS(C)(=O)=O,2,86666298
S0347,F,CCCCOS(C)(=O)=O,3,174717765
S0347,F,CCCCOS(C)(=O)=O,4,138990971
S0347,F,CCCCOS(C)(=O)=O,5,139711265
S0347,F,CCCCOS(C)(=O)=O,6,163833826
S0347,F,CCCCOS(C)(=O)=O,7,95757136
S0347,F,CCCCOS(C)(=O)=O,8,85957581
S0347,F,CCCCOS(C)(=O)=O,9,87624241
S0347,F,CCCCOS(C)(=O)=O,10,174191911
S0347,F,CCCCOS(C)(=O)=O,11,53819313
S0347,F,CCCCOS(C)(=O)=O,12,19913460
S0348,F,CCCCOc1ccccc1,1,21613980
S0348,F,CCCCOc1ccccc1,2,11309941
S0348,F,CCCCOc1ccccc1,3,53441447
S0348,F,CCCCOc1ccccc1,4,140973851
S0348,F,CCCCOc1ccccc1,5,14775650
S0348,F,CCCCOc1ccccc1,6,97616504
S0348,F,CCCCOc1ccccc1,7,88595618
S0348,F,CCCCOc1ccccc1,8,173333646
S0348,F,CCCCOc1ccccc1,9,14203791
S0348,F,CCCCOc1ccccc1,10,175215414
S0349,F,CCCCS(=O)(=O)O,1,3029314
S0349,F,CCCCS(=O)(=O)O,2,134206783
S0349,F,CCCCS(=O)(=O)O,3,18182758
S0349,F,CCCCS(=O)(=O)O,4,174870977
S0349,F,CCCCS(=O)(=O)O,5,58143045
S0349,F,CCCCS(=O)(=O)O,6,87403540
S0349,F,CCCCS(=O)(=O)O,7,53863504
S0349,F,CCCCS(=O)(=O)O,8,87672454
S0349,F,CCCCS(=O)(=O)O,9,67815
S0349,F,CCCCS(=O)(=O)O,10,175127253
S0350,F,CCCCS(=O)(=O)O.c1ccncc1,1,173645929
S0350,F,CCCCS(=O)(=O)O.c1ccncc1,2,171929147
S0350,F,CCCCS(=O)(=O)O.c1ccncc1,3,173645476
S0350,F,CCCCS(=O)(=O)O.c1ccncc1,4,174871714
S0350,F,CCCCS(=O)(=O)O.c1ccncc1,5,171922716
S0350,F,CCCCS(=O)(=O)O.c1ccncc1,6,157499002
S0350,F,CCCCS(=O)(=O)O.c1ccncc1,7,171922908
S0350,F,CCCCS(=O)(=O)O.c1ccncc1,8,173645489
S0350,F,CCCCS(=O)(=O)O.c1ccncc1,9,171925066
S0350,F,CCCCS(=O)(=O)O.c1ccncc1,10,171932741
S0351,F,CCCCS(=O)(=O)[O-].c1cc[nH+]cc1,1,159656956
S0351,F,CCCCS(=O)(=O)[O-].c1cc[nH+]cc1,2,134207631
S0351,F,CCCCS(=O)(=O)[O-].c1cc[nH+]cc1,3,134207508
S0351,F,CCCCS(=O)(=O)[O-].c1cc[nH+]cc1,4,145140202
S0351,F,CCCCS(=O)(=O)[O-].c1cc[nH+]cc1,5,122481170
S0351,F,CCCCS(=O)(=O)[O-].c1cc[nH+]cc1,6,122481400
S0351,F,CCCCS(=O)(=O)[O-].c1cc[nH+]cc1,7,141492371
S0351,F,CCCCS(=O)(=O)[O-].c1cc[nH+]cc1,8,141492497
S0351,F,CCCCS(=O)(=O)[O-].c1cc[nH+]cc1,9,87079741
S0351,F,CCCCS(=O)(=O)[O-].c1cc[nH+]cc1,10,118253622
S0352,F,CCCCS(N)(=O)=O,1,87704648
S0352,F,CCCCS(N)(=O)=O,2,137698808
S0352,F,CCCCS(N)(=O)=O,3,134247486
S0352,F,CCCCS(N)(=O)=O,4,165858001
S0352,F,CCCCS(N)(=O)=O,5,175553725
S0352,F,CCCCS(N)(=O)=O,6,89484130
S0352,F,CCCCS(N)(=O)=O,7,165762827
S0352,F,CCCCS(N)(=O)=O,8,175099796
S0352,F,CCCCS(N)(=O)=O,9,10958205
S0352,F,CCCCS(N)(=O)=O,10,22033855
S0352,F,CCCCS(N)(=O)=O,11,53849119
S0353,F,CCCC[SH](=O)=O,1,12615
S0353,F,CCCC[SH](=O)=O,2,139935427
S0353,F,CCCC[SH](=O)=O,3,165925860
S0353,F,CCCC[SH](=O)=O,4,151656270
S0353,F,CCCC[SH](=O)=O,5,165591199
S0353,F,CCCC[SH](=O)=O,6,141059223
S0353,F,CCCC[SH](=O)=O,7,85914063
S0353,F,CCCC[SH](=O)=O,8,89623527
S0353,F,CCCC[SH](=O)=O,9,54487621
S0353,F,CCCC[SH](=O)=O,10,67814
S0354,F,CCCCc1ccccc1,1,140728
S0354,F,CCCCc1ccccc1,2,129823746
S0354,F,CCCCc1ccccc1,3,539749
S0354,F,CCCCc1ccccc1,4,10262376
S0354,F,CCCCc1ccccc1,5,84735547
S0354,F,CCCCc1ccccc1,6,173028369
S0354,F,CCCCc1ccccc1,7,91166578
S0354,F,CCCCc1ccccc1,8,21731491
S0354,F,CCCCc1ccccc1,9,11077298
S0354,F,CCCCc1ccccc1,10,23233444
S0355,F,CCCN(C)C,1,123795290
S0355,F,CCCN(C)C,2,88126845
S0355,F,CCCN(C)C,3,21058454
S0355,F,CCCN(C)C,4,13510106
S0355,F,CCCN(C)C,5,162607402
S0355,F,CCCN(C)C,6,11679989
S0355,F,CCCN(C)C,7,170273224
S0355,F,CCCN(C)C,8,162605750
S0355,F,CCCN(C)C,9,130374969
S0355,F,CCCN(C)C,10,134534164
S0355,F,CCCN(C)C,11,130266604
S0355,F,CCCN(C)C,12,130272456
S0355,F,CCCN(C)C,13,13510075
S0356,F,CCCNc1ccccc1,1,22669157
S0356,F,CCCNc1ccccc1,2,81106054
S0356,F,CCCNc1ccccc1,3,81106316
S0356,F,CCCNc1ccccc1,4,107643265
S0356,F,CCCNc1ccccc1,5,154483565
S0356,F,CCCNc1ccccc1,6,64554172
S0356,F,CCCNc1ccccc1,7,107644296
S0356,F,CCCNc1ccccc1,8,63227367
S0356,F,CCCNc1ccccc1,9,106293732
S0356,F,CCCNc1ccccc1,10,22349059
S0356,F,CCCNc1ccccc1,11,90854737
S0356,F,CCCNc1ccccc1,12,90820044
S0357,F,CCCOC,1,153342643
S0357,F,CCCOC,2,21517134
S0357,F,CCCOC,3,21041943
S0357,F,CCCOC,4,19063455
S0357,F,CCCOC,5,87379451
S0357,F,CCCOC,6,19063464
S0357,F,CCCOC,7,19063460
S0357,F,CCCOC,8,89052944
S0357,F,CCCOC,9,45075664
S0357,F,CCCOC,10,13058078
S0358,F,CCCOC(=O)OCCC,1,87174698
S0358,F,CCCOC(=O)OCCC,2,142692940
S0358,F,CCCOC(=O)OCCC,3,89394372
S0358,F,CCCOC(=O)OCCC,4,86228713
S0358,F,CCCOC(=O)OCCC,5,99769545
S0358,F,CCCOC(=O)OCCC,6,23432493
S0358,F,CCCOC(=O)OCCC,7,89394373
S0358,F,CCCOC(=O)OCCC,8,11659296
S0358,F,CCCOC(=O)OCCC,9,99769540
S0358,F,CCCOC(=O)OCCC,10,54324348
S0359,F,CCCOC(C)C,1,141179981
S0359,F,CCCOC(C)C,2,89981332
S0359,F,CCCOC(C)C,3,57160859
S0359,F,CCCOC(C)C,4,87689604
S0359,F,CCCOC(C)C,5,53890574
S0359,F,CCCOC(C)C,6,22005452
S0359,F,CCCOC(C)C,7,58114526
S0359,F,CCCOC(C)C,8,58114571
S0359,F,CCCOC(C)C,9,60060636
S0359,F,CCCOC(C)C,10,88866390
S0359,F,CCCOC(C)C,11,11522280
S0359,F,CCCOC(C)C,12,98454470
S0359,F,CCCOC(C)C,13,17802544
S0359,F,CCCOC(C)C,14,13978934
S0360,F,CCCOC(C)C(=O)O,1,140348310
S0360,F,CCCOC(C)C(=O)O,2,84652913
S0360,F,CCCOC(C)C(=O)O,3,88654404
S0360,F,CCCOC(C)C(=O)O,4,43128627
S0360,F,CCCOC(C)C(=O)O,5,158074069
S0360,F,CCCOC(C)C(=O)O,6,89531827
S0360,F,CCCOC(C)C(=O)O,7,163663236
S0360,F,CCCOC(C)C(=O)O,8,154734588
S0360,F,CCCOC(C)C(=O)O,9,58981437
S0360,F,CCCOC(C)C(=O)O,10,19609742
S0360,F,CCCOC(C)C(=O)O,11,114481
S0360,F,CCCOC(C)C(=O)O,12,54217452
S0361,F,CCCOC(C)CC,1,20826492
S0361,F,CCCOC(C)CC,2,158130667
S0361,F,CCCOC(C)CC,3,20725352
S0361,F,CCCOC(C)CC,4,88866018
S0361,F,CCCOC(C)CC,5,88866017
S0361,F,CCCOC(C)CC,6,21026969
S0361,F,CCCOC(C)CC,7,90365837
S0361,F,CCCOC(C)CC,8,91516837
S0361,F,CCCOC(C)CC,9,170686969
S0361,F,CCCOC(C)CC,10,118409947
S0361,F,CCCOC(C)CC,11,118346577
S0362,F,CCCOC(C)CCC,3,21657927
S0362,F,CCCOC(C)CCC,4,126704986
S0362,F,CCCOC(C)CCC,5,117878748
S0362,F,CCCOC(C)CCC,6,130239663
S0362,F,CCCOC(C)CCC,7,87411268
S0362,F,CCCOC(C)CCC,8,88988206
S0362,F,CCCOC(C)CCC,9,89114488
S0362,F,CCCOC(C)CCC,10,89987464
S0362,F,CCCOC(C)CCC,11,88080609
S0362,F,CCCOC(C)CCC,12,141284965
S0362,F,CCCOC(C)CCC,13,89989379
S0363,F,CCCOC(C)CO,4,175453483
S0363,F,CCCOC(C)CO,5,129194417
S0363,F,CCCOC(C)CO,6,163554164
S0363,F,CCCOC(C)CO,7,17763118
S0363,F,CCCOC(C)CO,8,154734591
S0363,F,CCCOC(C)CO,9,122489419
S0363,F,CCCOC(C)CO,10,57702428
S0363,F,CCCOC(C)CO,11,121257139
S0363,F,CCCOC(C)CO,12,57968348
S0363,F,CCCOC(C)CO,13,11110929
S0363,F,CCCOC(C)CO,14,19911053
S0364,F,CCCOCC,1,54128414
S0364,F,CCCOCC,2,140403324
S0364,F,CCCOCC,3,21049768
S0364,F,CCCOCC,4,19063465
S0364,F,CCCOCC,5,19063474
S0364,F,CCCOCC,6,19063476
S0364,F,CCCOCC,7,19063504
S0364,F,CCCOCC,8,98454533
S0364,F,CCCOCC,9,2775038
S0364,F,CCCOCC,10,15536383
S0364,F,CCCOCC,11,19043650
S0364,F,CCCOCC,12,10968705
S0365,F,CCCOCCC,1,144713243
S0365,F,CCCOCCC,2,21083128
S0365,F,CCCOCCC,3,87668638
S0365,F,CCCOCCC,4,54336690
S0365,F,CCCOCCC,5,58114500
S0365,F,CCCOCCC,6,20060940
S0365,F,CCCOCCC,7,88850894
S0365,F,CCCOCCC,8,58341851
S0365,F,CCCOCCC,9,87668343
S0365,F,CCCOCCC,10,89494706
S0365,F,CCCOCCC,11,2778519
S0365,F,CCCOCCC,12,19418293
S0365,F,CCCOCCC,13,14832368
S0365,F,CCCOCCC,14,136183
S0366,F,CCCOCCOC,1,58625578
S0366,F,CCCOCCOC,2,126704985
S0366,F,CCCOCCOC,3,91298124
S0366,F,CCCOCCOC,4,12824700
S0366,F,CCCOCCOC,5,149107361
S0366,F,CCCOCCOC,6,139683181
S0366,F,CCCOCCOC,7,89491891
S0366,F,CCCOCCOC,8,169783515
S0366,F,CCCOCCOC,9,118909854
S0366,F,CCCOCCOC,10,170071285
S0366,F,CCCOCCOC,11,101405685
S0367,F,CCCOCCOCC,1,89189881
S0367,F,CCCOCCOCC,2,175613968
S0367,F,CCCOCCOCC,3,162541960
S0367,F,CCCOCCOCC,4,139683167
S0367,F,CCCOCCOCC,5,175613965
S0367,F,CCCOCCOCC,6,175614001
S0367,F,CCCOCCOCC,7,118327105
S0367,F,CCCOCCOCC,8,57667489
S0367,F,CCCOCCOCC,9,91600166
S0367,F,CCCOCCOCC,10,175717302
S0367,F,CCCOCCOCC,11,22094283
S0367,F,CCCOCCOCC,12,134451367
S0367,F,CCCOCCOCC,13,101394073
S0368,F,CCCOCOCC,1,173510747
S0368,F,CCCOCOCC,2,173510754
S0368,F,CCCOCOCC,3,123862893
S0368,F,CCCOCOCC,4,169782315
S0368,F,CCCOCOCC,5,172481737
S0368,F,CCCOCOCC,6,176095530
S0368,F,CCCOCOCC,7,22094284
S0368,F,CCCOCOCC,8,176095528
S0368,F,CCCOCOCC,9,57831804
S0368,F,CCCOCOCC,10,11150667
S0369,F,CCCOS(C)(=O)=O,1,141272905
S0369,F,CCCOS(C)(=O)=O,2,87317344
S0369,F,CCCOS(C)(=O)=O,3,152285698
S0369,F,CCCOS(C)(=O)=O,4,141524206
S0369,F,CCCOS(C)(=O)=O,5,175471434
S0369,F,CCCOS(C)(=O)=O,6,13350617
S0369,F,CCCOS(C)(=O)=O,7,3792475
S0369,F,CCCOS(C)(=O)=O,8,129940629
S0369,F,CCCOS(C)(=O)=O,9,151144008
S0369,F,CCCOS(C)(=O)=O,10,19913437
S0370,F,CCCOc1ccc(N)cc1,1,129370906
S0370,F,CCCOc1ccc(N)cc1,2,81106880
S0370,F,CCCOc1ccc(N)cc1,3,144169928
S0370,F,CCCOc1ccc(N)cc1,4,88868631
S0370,F,CCCOc1ccc(N)cc1,5,19627255
S0370,F,CCCOc1ccc(N)cc1,6,15224805
S0370,F,CCCOc1ccc(N)cc1,7,88633862
S0370,F,CCCOc1ccc(N)cc1,8,54391739
S0370,F,CCCOc1ccc(N)cc1,9,21615490
S0370,F,CCCOc1ccc(N)cc1,10,15462933
S0371,F,CCCOc1ccc([N+](=O)[O-])cc1,1,125116195
S0371,F,CCCOc1ccc([N+](=O)[O-])cc1,2,125116712
S0371,F,CCCOc1ccc([N+](=O)[O-])cc1,3,66580037
S0371,F,CCCOc1ccc([N+](=O)[O-])cc1,4,78979030
S0371,F,CCCOc1ccc([N+](=O)[O-])cc1,5,86151742
S0371,F,CCCOc1ccc([N+](=O)[O-])cc1,6,71365686
S0371,F,CCCOc1ccc([N+](=O)[O-])cc1,7,25312952
S0371,F,CCCOc1ccc([N+](=O)[O-])cc1,8,21805475
S0371,F,CCCOc1ccc([N+](=O)[O-])cc1,9,21805446
S0371,F,CCCOc1ccc([N+](=O)[O-])cc1,10,21805458
S0372,F,CCC[C@H](C)O,1,155540174
S0372,F,CCC[C@H](C)O,2,124511949
S0372,F,CCC[C@H](C)O,3,88903453
S0372,F,CCC[C@H](C)O,4,165706919
S0372,F,CCC[C@H](C)O,5,165967555
S0372,F,CCC[C@H](C)O,6,7158867
S0372,F,CCC[C@H](C)O,7,7202612
S0372,F,CCC[C@H](C)O,8,165630041
S0372,F,CCC[C@H](C)O,9,141394761
S0372,F,CCC[C@H](C)O,10,165634557
S0373,F,CCCc1[nH]nc(C(=O)O)c1C,1,69667466
S0373,F,CCCc1[nH]nc(C(=O)O)c1C,2,69667509
S0373,F,CCCc1[nH]nc(C(=O)O)c1C,3,69668214
S0373,F,CCCc1[nH]nc(C(=O)O)c1C,4,87941234
S0373,F,CCCc1[nH]nc(C(=O)O)c1C,5,87941252
S0373,F,CCCc1[nH]nc(C(=O)O)c1C,6,87941237
S0373,F,CCCc1[nH]nc(C(=O)O)c1C,7,87941115
S0373,F,CCCc1[nH]nc(C(=O)O)c1C,8,87940989
S0373,F,CCCc1[nH]nc(C(=O)O)c1C,9,87941072
S0373,F,CCCc1[nH]nc(C(=O)O)c1C,10,87941448
S0374,F,CCCc1ccc(-c2ccc(-c3ccc(COc4ccc(C)cc4)cc3)cc2)cc1,3,68370046
S0374,F,CCCc1ccc(-c2ccc(-c3ccc(COc4ccc(C)cc4)cc3)cc2)cc1,4,68370018
S0374,F,CCCc1ccc(-c2ccc(-c3ccc(COc4ccc(C)cc4)cc3)cc2)cc1,5,134236074
S0374,F,CCCc1ccc(-c2ccc(-c3ccc(COc4ccc(C)cc4)cc3)cc2)cc1,6,158597487
S0374,F,CCCc1ccc(-c2ccc(-c3ccc(COc4ccc(C)cc4)cc3)cc2)cc1,7,90276053
S0374,F,CCCc1ccc(-c2ccc(-c3ccc(COc4ccc(C)cc4)cc3)cc2)cc1,8,134241603
S0374,F,CCCc1ccc(-c2ccc(-c3ccc(COc4ccc(C)cc4)cc3)cc2)cc1,9,88998756
S0374,F,CCCc1ccc(-c2ccc(-c3ccc(COc4ccc(C)cc4)cc3)cc2)cc1,10,58444574
S0374,F,CCCc1ccc(-c2ccc(-c3ccc(COc4ccc(C)cc4)cc3)cc2)cc1,11,88998754
S0374,F,CCCc1ccc(-c2ccc(-c3ccc(COc4ccc(C)cc4)cc3)cc2)cc1,12,87528044
S0375,F,CCCc1ccc(C)cc1,1,54408512
S0375,F,CCCc1ccc(C)cc1,2,15040200
S0375,F,CCCc1ccc(C)cc1,3,20613291
S0375,F,CCCc1ccc(C)cc1,4,56632750
S0375,F,CCCc1ccc(C)cc1,5,132990150
S0375,F,CCCc1ccc(C)cc1,6,87071513
S0375,F,CCCc1ccc(C)cc1,7,13492465
S0375,F,CCCc1ccc(C)cc1,8,121234694
S0375,F,CCCc1ccc(C)cc1,9,139245490
S0375,F,CCCc1ccc(C)cc1,10,175373836
S0376,F,CCCc1ccc(N)cc1,1,123832824
S0376,F,CCCc1ccc(N)cc1,2,68212174
S0376,F,CCCc1ccc(N)cc1,3,66570509
S0376,F,CCCc1ccc(N)cc1,4,134575339
S0376,F,CCCc1ccc(N)cc1,5,117651144
S0376,F,CCCc1ccc(N)cc1,6,18362384
S0376,F,CCCc1ccc(N)cc1,7,15019334
S0376,F,CCCc1ccc(N)cc1,8,152503354
S0376,F,CCCc1ccc(N)cc1,9,88659573
S0376,F,CCCc1ccc(N)cc1,10,88244606
S0377,F,CCN(C)C,1,18002363
S0377,F,CCN(C)C,2,23154534
S0377,F,CCN(C)C,3,136642
S0377,F,CCN(C)C,4,87090093
S0377,F,CCN(C)C,5,23154530
S0377,F,CCN(C)C,6,12804485
S0377,F,CCN(C)C,7,160632504
S0377,F,CCN(C)C,8,13286703
S0377,F,CCN(C)C,9,21732727
S0377,F,CCN(C)C,10,14249738
S0377,F,CCN(C)C,11,12856931
S0378,F,CCN(CC)CC,1,11159319
S0378,F,CCN(CC)CC,2,57486586
S0378,F,CCN(CC)CC,3,13510098
S0378,F,CCN(CC)CC,4,12243206
S0378,F,CCN(CC)CC,5,12654532
S0378,F,CCN(CC)CC,6,13741070
S0378,F,CCN(CC)CC,7,101664300
S0378,F,CCN(CC)CC,8,101664301
S0378,F,CCN(CC)CC,9,14364151
S0378,F,CCN(CC)CC,10,175944458
S0379,F,CCN(CC)c1ccccc1,1,592416
S0379,F,CCN(CC)c1ccccc1,2,22637754
S0379,F,CCN(CC)c1ccccc1,3,119087047
S0379,F,CCN(CC)c1ccccc1,4,154165773
S0379,F,CCN(CC)c1ccccc1,5,22638156
S0379,F,CCN(CC)c1ccccc1,6,13555627
S0379,F,CCN(CC)c1ccccc1,7,22638047
S0379,F,CCN(CC)c1ccccc1,8,22637841
S0379,F,CCN(CC)c1ccccc1,9,22637432
S0379,F,CCN(CC)c1ccccc1,10,18388702
S0380,F,CCNc1ccccc1,1,19078164
S0380,F,CCNc1ccccc1,2,22599845
S0380,F,CCNc1ccccc1,3,22076592
S0380,F,CCNc1ccccc1,4,80696155
S0380,F,CCNc1ccccc1,5,61075395
S0380,F,CCNc1ccccc1,6,149809785
S0380,F,CCNc1ccccc1,7,115407562
S0380,F,CCNc1ccccc1,8,43095545
S0380,F,CCNc1ccccc1,9,90765716
S0380,F,CCNc1ccccc1,10,174448704
S0381,F,CCOC(C)C,1,88146654
S0381,F,CCOC(C)C,2,21068633
S0381,F,CCOC(C)C,3,163926341
S0381,F,CCOC(C)C,4,21511549
S0381,F,CCOC(C)C,5,58471834
S0381,F,CCOC(C)C,6,53407642
S0381,F,CCOC(C)C,7,58114568
S0381,F,CCOC(C)C,8,89703097
S0381,F,CCOC(C)C,9,168786399
S0381,F,CCOC(C)C,10,23206986
S0381,F,CCOC(C)C,11,22750744
S0381,F,CCOC(C)C,12,13978935
S0382,F,CCOC(C)CC,1,89114459
S0382,F,CCOC(C)CC,2,53868911
S0382,F,CCOC(C)CC,3,23235103
S0382,F,CCOC(C)CC,4,54400476
S0382,F,CCOC(C)CC,5,53864902
S0382,F,CCOC(C)CC,6,57104164
S0382,F,CCOC(C)CC,7,54006142
S0382,F,CCOC(C)CC,8,168845189
S0382,F,CCOC(C)CC,9,162425311
S0382,F,CCOC(C)CC,10,167525955
S0382,F,CCOC(C)CC,11,11483415
S0382,F,CCOC(C)CC,12,167525954
S0383,F,CCOC(C)O,1,22572619
S0383,F,CCOC(C)O,2,53663208
S0383,F,CCOC(C)O,3,175462496
S0383,F,CCOC(C)O,4,90879701
S0383,F,CCOC(C)O,5,151493702
S0383,F,CCOC(C)O,6,22922914
S0383,F,CCOC(C)O,7,174429370
S0383,F,CCOC(C)O,8,9856087
S0383,F,CCOC(C)O,9,129724037
S0383,F,CCOC(C)O,10,19096948
S0384,F,CCOC(CC)CC,1,129066612
S0384,F,CCOC(CC)CC,2,171655289
S0384,F,CCOC(CC)CC,3,87757451
S0384,F,CCOC(CC)CC,4,53880798
S0384,F,CCOC(CC)CC,5,54373233
S0384,F,CCOC(CC)CC,6,54283343
S0384,F,CCOC(CC)CC,7,54387712
S0384,F,CCOC(CC)CC,8,54290435
S0384,F,CCOC(CC)CC,9,57309107
S0384,F,CCOC(CC)CC,10,53743122
S0384,F,CCOC(CC)CC,11,89987560
S0385,F,CCOC1CCCC1,1,170127022
S0385,F,CCOC1CCCC1,2,170376601
S0385,F,CCOC1CCCC1,3,175490741
S0385,F,CCOC1CCCC1,4,53787195
S0385,F,CCOC1CCCC1,5,53946802
S0385,F,CCOC1CCCC1,6,58114535
S0385,F,CCOC1CCCC1,7,159276832
S0385,F,CCOC1CCCC1,8,58114525
S0385,F,CCOC1CCCC1,9,155670489
S0385,F,CCOC1CCCC1,10,58114492
S0385,F,CCOC1CCCC1,11,140227296
S0386,F,CCOCC,1,13569461
S0386,F,CCOCC,2,21556000
S0386,F,CCOCC,3,10003
S0386,F,CCOCC,4,120272
S0386,F,CCOCC,5,11286648
S0386,F,CCOCC,6,9528
S0386,F,CCOCC,7,54177144
S0386,F,CCOCC,8,87757486
S0386,F,CCOCC,9,15952514
S0386,F,CCOCC,10,9658
S0387,F,CCOCC(C)C,1,87069584
S0387,F,CCOCC(C)C,2,87069201
S0387,F,CCOCC(C)C,3,176142097
S0387,F,CCOCC(C)C,4,53401061
S0387,F,CCOCC(C)C,5,176145063
S0387,F,CCOCC(C)C,6,161516254
S0387,F,CCOCC(C)C,7,19063459
S0387,F,CCOCC(C)C,8,533655
S0387,F,CCOCC(C)C,9,58112844
S0387,F,CCOCC(C)C,10,19063497
S0387,F,CCOCC(C)C,11,89342621
S0387,F,CCOCC(C)C,12,88087535
S0387,F,CCOCC(C)C,13,88400437
S0387,F,CCOCC(C)C,14,141365264
S0388,F,CCOCCO,1,9763
S0388,F,CCOCCO,2,87695060
S0388,F,CCOCCO,3,53650900
S0388,F,CCOCCO,4,3028293
S0388,F,CCOCCO,5,6914658
S0388,F,CCOCCO,6,21052056
S0388,F,CCOCCO,7,58029212
S0388,F,CCOCCO,8,57151356
S0388,F,CCOCCO,9,53736573
S0388,F,CCOCCO,10,172090918
S0389,F,CCOCCOC,1,54070532
S0389,F,CCOCCOC,2,54404931
S0389,F,CCOCCOC,3,87651406
S0389,F,CCOCCOC,4,175457044
S0389,F,CCOCCOC,5,87732721
S0389,F,CCOCCOC,6,59172593
S0389,F,CCOCCOC,7,59684022
S0389,F,CCOCCOC,8,140019049
S0389,F,CCOCCOC,9,175740145
S0389,F,CCOCCOC,10,140019050
S0390,F,CCOCCOCC,1,54424357
S0390,F,CCOCCOCC,2,54334087
S0390,F,CCOCCOCC,3,87652180
S0390,F,CCOCCOCC,4,3020797
S0390,F,CCOCCOCC,5,91801930
S0390,F,CCOCCOCC,6,87650471
S0390,F,CCOCCOCC,7,176033668
S0390,F,CCOCCOCC,8,15155939
S0390,F,CCOCCOCC,9,131973030
S0390,F,CCOCCOCC,10,175740157
S0390,F,CCOCCOCC,11,57695915
S0390,F,CCOCCOCC,12,175740063
S0391,F,CCOCC[SH](=O)=O,1,18951512
S0391,F,CCOCC[SH](=O)=O,2,165926239
S0391,F,CCOCC[SH](=O)=O,3,165453004
S0391,F,CCOCC[SH](=O)=O,4,165461025
S0391,F,CCOCC[SH](=O)=O,5,13024161
S0391,F,CCOCC[SH](=O)=O,6,88538072
S0391,F,CCOCC[SH](=O)=O,7,90245178
S0391,F,CCOCC[SH](=O)=O,8,164843738
S0391,F,CCOCC[SH](=O)=O,9,10881108
S0391,F,CCOCC[SH](=O)=O,10,2782567
S0392,F,CCOP(=O)(OCC)OCC,1,118036853
S0392,F,CCOP(=O)(OCC)OCC,2,134247646
S0392,F,CCOP(=O)(OCC)OCC,3,87329388
S0392,F,CCOP(=O)(OCC)OCC,4,86232140
S0392,F,CCOP(=O)(OCC)OCC,5,153437774
S0392,F,CCOP(=O)(OCC)OCC,6,13368239
S0392,F,CCOP(=O)(OCC)OCC,7,86232001
S0392,F,CCOP(=O)(OCC)OCC,8,86232002
S0392,F,CCOP(=O)(OCC)OCC,9,22138286
S0392,F,CCOP(=O)(OCC)OCC,10,87127909
S0392,F,CCOP(=O)(OCC)OCC,11,87127874
S0392,F,CCOP(=O)(OCC)OCC,12,89954664
S0392,F,CCOP(=O)(OCC)OCC,13,157721217
S0393,F,CCOc1cccc(OCC)c1,1,50998223
S0393,F,CCOc1cccc(OCC)c1,2,19980951
S0393,F,CCOc1cccc(OCC)c1,3,144912636
S0393,F,CCOc1cccc(OCC)c1,4,89008071
S0393,F,CCOc1cccc(OCC)c1,5,149739427
S0393,F,CCOc1cccc(OCC)c1,6,20433028
S0393,F,CCOc1cccc(OCC)c1,7,155575031
S0393,F,CCOc1cccc(OCC)c1,8,87565474
S0393,F,CCOc1cccc(OCC)c1,9,155477587
S0393,F,CCOc1cccc(OCC)c1,10,50742087
S0394,F,CCOc1ccccc1,1,136254
S0394,F,CCOc1ccccc1,2,15058622
S0394,F,CCOc1ccccc1,3,13355365
S0394,F,CCOc1ccccc1,4,13440330
S0394,F,CCOc1ccccc1,5,67779990
S0394,F,CCOc1ccccc1,6,143471643
S0394,F,CCOc1ccccc1,7,18343985
S0394,F,CCOc1ccccc1,8,2776026
S0394,F,CCOc1ccccc1,9,90034612
S0394,F,CCOc1ccccc1,10,88643664
S0395,F,CCOc1ccccc1-c1nccc2c1CN(c1ccc(C(C)(C)O)cc1)C2=O,1,174176378
S0395,F,CCOc1ccccc1-c1nccc2c1CN(c1ccc(C(C)(C)O)cc1)C2=O,2,163405361
S0395,F,CCOc1ccccc1-c1nccc2c1CN(c1ccc(C(C)(C)O)cc1)C2=O,3,163405330
S0395,F,CCOc1ccccc1-c1nccc2c1CN(c1ccc(C(C)(C)O)cc1)C2=O,4,163405511
S0395,F,CCOc1ccccc1-c1nccc2c1CN(c1ccc(C(C)(C)O)cc1)C2=O,5,155595382
S0395,F,CCOc1ccccc1-c1nccc2c1CN(c1ccc(C(C)(C)O)cc1)C2=O,6,175788494
S0395,F,CCOc1ccccc1-c1nccc2c1CN(c1ccc(C(C)(C)O)cc1)C2=O,7,163405497
S0395,F,CCOc1ccccc1-c1nccc2c1CN(c1ccc(C(C)(C)O)cc1)C2=O,8,163405401
S0395,F,CCOc1ccccc1-c1nccc2c1CN(c1ccc(C(C)(C)O)cc1)C2=O,9,163405438
S0395,F,CCOc1ccccc1-c1nccc2c1CN(c1ccc(C(C)(C)O)cc1)C2=O,10,163405331
S0396,F,CCP(C)C,1,23235764
S0396,F,CCP(C)C,2,23235762
S0396,F,CCP(C)C,3,23235765
S0396,F,CCP(C)C,4,23235761
S0396,F,CCP(C)C,5,174761019
S0396,F,CCP(C)C,6,12092305
S0396,F,CCP(C)C,7,23235745
S0396,F,CCP(C)C,8,23235744
S0396,F,CCP(C)C,9,151103560
S0396,F,CCP(C)C,10,23235743
S0396,F,CCP(C)C,11,151554338
S0397,F,CC[C@@H](N)c1ccccc1,1,16098491
S0397,F,CC[C@@H](N)c1ccccc1,2,45072399
S0397,F,CC[C@@H](N)c1ccccc1,3,94901338
S0397,F,CC[C@@H](N)c1ccccc1,4,131433008
S0397,F,CC[C@@H](N)c1ccccc1,5,28497066
S0397,F,CC[C@@H](N)c1ccccc1,6,131476127
S0397,F,CC[C@@H](N)c1ccccc1,7,171311606
S0397,F,CC[C@@H](N)c1ccccc1,8,171311653
S0397,F,CC[C@@H](N)c1ccccc1,9,171311839
S0397,F,CC[C@@H](N)c1ccccc1,10,171311835
S0398,F,CC[C@H](N)c1ccccc1,1,45072339
S0398,F,CC[C@H](N)c1ccccc1,2,45072149
S0398,F,CC[C@H](N)c1ccccc1,3,131253066
S0398,F,CC[C@H](N)c1ccccc1,4,126989786
S0398,F,CC[C@H](N)c1ccccc1,5,131336328
S0398,F,CC[C@H](N)c1ccccc1,6,131352746
S0398,F,CC[C@H](N)c1ccccc1,7,171312317
S0398,F,CC[C@H](N)c1ccccc1,8,171312362
S0398,F,CC[C@H](N)c1ccccc1,9,171312552
S0398,F,CC[C@H](N)c1ccccc1,10,171312548
S0399,F,CCc1ccccc1,1,136303
S0399,F,CCc1ccccc1,2,23202513
S0399,F,CCc1ccccc1,3,13550389
S0399,F,CCc1ccccc1,4,58961635
S0399,F,CCc1ccccc1,5,11298517
S0399,F,CCc1ccccc1,6,173028313
S0399,F,CCc1ccccc1,7,173712494
S0399,F,CCc1ccccc1,8,71656136
S0399,F,CCc1ccccc1,9,15092808
S0399,F,CCc1ccccc1,10,23235281
S0400,F,CN1CCCC1,1,89989596
S0400,F,CN1CCCC1,2,58544164
S0400,F,CN1CCCC1,3,22011299
S0400,F,CN1CCCC1,4,13028735
S0400,F,CN1CCCC1,5,176557203
S0400,F,CN1CCCC1,6,12847250
S0400,F,CN1CCCC1,7,12689874
S0400,F,CN1CCCC1,8,12689871
S0400,F,CN1CCCC1,9,12689870
S0400,F,CN1CCCC1,10,86190589
S0400,F,CN1CCCC1,11,12689868
S0401,F,CN1CCOCC1,1,160177136
S0401,F,CN1CCOCC1,2,10329349
S0401,F,CN1CCOCC1,3,92267399
S0401,F,CN1CCOCC1,4,21732461
S0401,F,CN1CCOCC1,5,58186425
S0401,F,CN1CCOCC1,6,157253249
S0401,F,CN1CCOCC1,7,59592569
S0401,F,CN1CCOCC1,8,23237422
S0401,F,CN1CCOCC1,9,21732462
S0401,F,CN1CCOCC1,10,23237427
S0401,F,CN1CCOCC1,11,67839
S0402,F,COC(C)(C)C,1,21360391
S0402,F,COC(C)(C)C,2,21027140
S0402,F,COC(C)(C)C,3,23395996
S0402,F,COC(C)(C)C,4,59792963
S0402,F,COC(C)(C)C,5,174327177
S0402,F,COC(C)(C)C,6,23520694
S0402,F,COC(C)(C)C,7,121313183
S0402,F,COC(C)(C)C,8,86108319
S0402,F,COC(C)(C)C,9,170409655
S0402,F,COC(C)(C)C,10,176321051
S0402,F,COC(C)(C)C,11,11231485
S0402,F,COC(C)(C)C,12,13978926
S0403,F,COC(C)C,1,21954138
S0403,F,COC(C)C,2,118334581
S0403,F,COC(C)C,3,21068678
S0403,F,COC(C)C,4,53850231
S0403,F,COC(C)C,5,22084399
S0403,F,COC(C)C,6,13332851
S0403,F,COC(C)C,7,5206
S0403,F,COC(C)C,8,44582440
S0403,F,COC(C)C,9,11009932
S0403,F,COC(C)C,10,10220655
S0404,F,COC(C)CO,1,144652371
S0404,F,COC(C)CO,2,173633542
S0404,F,COC(C)CO,3,146452613
S0404,F,COC(C)CO,4,59297283
S0404,F,COC(C)CO,5,57605264
S0404,F,COC(C)CO,6,22094291
S0404,F,COC(C)CO,7,151839540
S0404,F,COC(C)CO,8,58471100
S0404,F,COC(C)CO,9,88556084
S0404,F,COC(C)CO,10,19096950
S0405,F,COCC(C)C,1,59034197
S0405,F,COCC(C)C,2,54358778
S0405,F,COCC(C)C,3,58527770
S0405,F,COCC(C)C,4,149620241
S0405,F,COCC(C)C,5,134599516
S0405,F,COCC(C)C,6,20088814
S0405,F,COCC(C)C,7,170368804
S0405,F,COCC(C)C,8,19001110
S0405,F,COCC(C)C,9,4156734
S0405,F,COCC(C)C,10,18929310
S0405,F,COCC(C)C,11,15277917
S0405,F,COCC(C)C,12,13978927
S0406,F,COCC(C)OC,1,90383709
S0406,F,COCC(C)OC,2,89652581
S0406,F,COCC(C)OC,3,141835237
S0406,F,COCC(C)OC,4,59290020
S0406,F,COCC(C)OC,5,140903060
S0406,F,COCC(C)OC,6,123973403
S0406,F,COCC(C)OC,7,175461847
S0406,F,COCC(C)OC,8,14915513
S0406,F,COCC(C)OC,9,13765568
S0406,F,COCC(C)OC,10,59993721
S0406,F,COCC(C)OC,11,10733097
S0406,F,COCC(C)OC,12,71331143
S0407,F,COCCC(C)C,1,58479051
S0407,F,COCCC(C)C,2,145332719
S0407,F,COCCC(C)C,3,59366529
S0407,F,COCCC(C)C,4,58870490
S0407,F,COCCC(C)C,5,175617768
S0407,F,COCCC(C)C,6,89465829
S0407,F,COCCC(C)C,7,163290384
S0407,F,COCCC(C)C,8,58960669
S0407,F,COCCC(C)C,9,19063468
S0407,F,COCCC(C)C,10,19063471
S0407,F,COCCC(C)C,11,86189323
S0407,F,COCCC(C)C,12,139798168
S0408,F,COCCCOC,1,89600135
S0408,F,COCCCOC,2,176160103
S0408,F,COCCCOC,3,59224070
S0408,F,COCCCOC,4,169685997
S0408,F,COCCCOC,5,13319074
S0408,F,COCCCOC,6,87265997
S0408,F,COCCCOC,7,87287125
S0408,F,COCCCOC,8,150504330
S0408,F,COCCCOC,9,166791475
S0408,F,COCCCOC,10,73056492
S0409,F,COCCOC,1,11789148
S0409,F,COCCOC,2,154188569
S0409,F,COCCOC,3,57957235
S0409,F,COCCOC,4,21024143
S0409,F,COCCOC,5,126641754
S0409,F,COCCOC,6,23233642
S0409,F,COCCOC,7,88120279
S0409,F,COCCOC,8,73056491
S0409,F,COCCOC,9,15584742
S0409,F,COCCOC,10,13511072
S0410,F,COc1cc(C)cc(C)c1,1,15271079
S0410,F,COc1cc(C)cc(C)c1,2,118802102
S0410,F,COc1cc(C)cc(C)c1,3,21041895
S0410,F,COc1cc(C)cc(C)c1,4,162588365
S0410,F,COc1cc(C)cc(C)c1,5,46311744
S0410,F,COc1cc(C)cc(C)c1,6,89030392
S0410,F,COc1cc(C)cc(C)c1,7,171020979
S0410,F,COc1cc(C)cc(C)c1,8,2099931
S0410,F,COc1cc(C)cc(C)c1,9,18994644
S0410,F,COc1cc(C)cc(C)c1,10,166641347
S0411,F,COc1cc(C)ccc1C,1,22627635
S0411,F,COc1cc(C)ccc1C,2,58943147
S0411,F,COc1cc(C)ccc1C,3,59795260
S0411,F,COc1cc(C)ccc1C,4,142574528
S0411,F,COc1cc(C)ccc1C,5,46311739
S0411,F,COc1cc(C)ccc1C,6,170999670
S0411,F,COc1cc(C)ccc1C,7,134640572
S0411,F,COc1cc(C)ccc1C,8,171026267
S0411,F,COc1cc(C)ccc1C,9,13723077
S0411,F,COc1cc(C)ccc1C,10,166641350
S0412,F,COc1ccc(-c2c3ccccc3c(-c3ccc(C)cc3)c3ccccc23)cc1,7,87426138
S0412,F,COc1ccc(-c2c3ccccc3c(-c3ccc(C)cc3)c3ccccc23)cc1,8,88877558
S0412,F,COc1ccc(-c2c3ccccc3c(-c3ccc(C)cc3)c3ccccc23)cc1,9,87428702
S0412,F,COc1ccc(-c2c3ccccc3c(-c3ccc(C)cc3)c3ccccc23)cc1,10,87429050
S0412,F,COc1ccc(-c2c3ccccc3c(-c3ccc(C)cc3)c3ccccc23)cc1,11,87426023
S0412,F,COc1ccc(-c2c3ccccc3c(-c3ccc(C)cc3)c3ccccc23)cc1,12,87425965
S0412,F,COc1ccc(-c2c3ccccc3c(-c3ccc(C)cc3)c3ccccc23)cc1,13,87425646
S0412,F,COc1ccc(-c2c3ccccc3c(-c3ccc(C)cc3)c3ccccc23)cc1,14,87425822
S0412,F,COc1ccc(-c2c3ccccc3c(-c3ccc(C)cc3)c3ccccc23)cc1,15,87428680
S0412,F,COc1ccc(-c2c3ccccc3c(-c3ccc(C)cc3)c3ccccc23)cc1,16,87428315
S0412,F,COc1ccc(-c2c3ccccc3c(-c3ccc(C)cc3)c3ccccc23)cc1,17,87458119
S0413,F,COc1ccc(-c2c3ccccc3c(-c3ccc(OC)cc3)c3ccccc23)cc1,2,131871718
S0413,F,COc1ccc(-c2c3ccccc3c(-c3ccc(OC)cc3)c3ccccc23)cc1,3,88877589
S0413,F,COc1ccc(-c2c3ccccc3c(-c3ccc(OC)cc3)c3ccccc23)cc1,4,87425925
S0413,F,COc1ccc(-c2c3ccccc3c(-c3ccc(OC)cc3)c3ccccc23)cc1,5,87425693
S0413,F,COc1ccc(-c2c3ccccc3c(-c3ccc(OC)cc3)c3ccccc23)cc1,6,87426011
S0413,F,COc1ccc(-c2c3ccccc3c(-c3ccc(OC)cc3)c3ccccc23)cc1,7,88877596
S0413,F,COc1ccc(-c2c3ccccc3c(-c3ccc(OC)cc3)c3ccccc23)cc1,8,87428827
S0413,F,COc1ccc(-c2c3ccccc3c(-c3ccc(OC)cc3)c3ccccc23)cc1,9,87425706
S0413,F,COc1ccc(-c2c3ccccc3c(-c3ccc(OC)cc3)c3ccccc23)cc1,10,87428434
S0413,F,COc1ccc(-c2c3ccccc3c(-c3ccc(OC)cc3)c3ccccc23)cc1,11,87425768
S0413,F,COc1ccc(-c2c3ccccc3c(-c3ccc(OC)cc3)c3ccccc23)cc1,12,87428302
S0413,F,COc1ccc(-c2c3ccccc3c(-c3ccc(OC)cc3)c3ccccc23)cc1,13,87426046
S0413,F,COc1ccc(-c2c3ccccc3c(-c3ccc(OC)cc3)c3ccccc23)cc1,14,87457376
S0414,F,COc1ccc(-c2c3ccccc3c(-c3ccccc3)c3ccccc23)cc1,2,87425873
S0414,F,COc1ccc(-c2c3ccccc3c(-c3ccccc3)c3ccccc23)cc1,3,87425698
S0414,F,COc1ccc(-c2c3ccccc3c(-c3ccccc3)c3ccccc23)cc1,4,87425898
S0414,F,COc1ccc(-c2c3ccccc3c(-c3ccccc3)c3ccccc23)cc1,5,87425640
S0414,F,COc1ccc(-c2c3ccccc3c(-c3ccccc3)c3ccccc23)cc1,6,87425770
S0414,F,COc1ccc(-c2c3ccccc3c(-c3ccccc3)c3ccccc23)cc1,7,87425830
S0414,F,COc1ccc(-c2c3ccccc3c(-c3ccccc3)c3ccccc23)cc1,8,87425678
S0414,F,COc1ccc(-c2c3ccccc3c(-c3ccccc3)c3ccccc23)cc1,9,88877547
S0414,F,COc1ccc(-c2c3ccccc3c(-c3ccccc3)c3ccccc23)cc1,10,87428660
S0414,F,COc1ccc(-c2c3ccccc3c(-c3ccccc3)c3ccccc23)cc1,11,87457937
S0414,F,COc1ccc(-c2c3ccccc3c(-c3ccccc3)c3ccccc23)cc1,12,87425626
S0414,F,COc1ccc(-c2c3ccccc3c(-c3ccccc3)c3ccccc23)cc1,13,87457728
S0414,F,COc1ccc(-c2c3ccccc3c(-c3ccccc3)c3ccccc23)cc1,14,87426036
S0414,F,COc1ccc(-c2c3ccccc3c(-c3ccccc3)c3ccccc23)cc1,15,87457213
S0414,F,COc1ccc(-c2c3ccccc3c(-c3ccccc3)c3ccccc23)cc1,16,87457569
S0414,F,COc1ccc(-c2c3ccccc3c(-c3ccccc3)c3ccccc23)cc1,17,87428487
S0415,F,COc1ccc(C)c(C)c1,1,145283872
S0415,F,COc1ccc(C)c(C)c1,2,58866108
S0415,F,COc1ccc(C)c(C)c1,3,58866100
S0415,F,COc1ccc(C)c(C)c1,4,130766628
S0415,F,COc1ccc(C)c(C)c1,5,134617270
S0415,F,COc1ccc(C)c(C)c1,6,162680966
S0415,F,COc1ccc(C)c(C)c1,7,118846131
S0415,F,COc1ccc(C)c(C)c1,8,171026346
S0415,F,COc1ccc(C)c(C)c1,9,134627769
S0415,F,COc1ccc(C)c(C)c1,10,166641374
S0416,F,COc1ccc(C)cc1C,1,58637499
S0416,F,COc1ccc(C)cc1C,2,89080799
S0416,F,COc1ccc(C)cc1C,3,58890050
S0416,F,COc1ccc(C)cc1C,4,131092567
S0416,F,COc1ccc(C)cc1C,5,46311740
S0416,F,COc1ccc(C)cc1C,6,170999669
S0416,F,COc1ccc(C)cc1C,7,134640531
S0416,F,COc1ccc(C)cc1C,8,171026281
S0416,F,COc1ccc(C)cc1C,9,121234573
S0416,F,COc1ccc(C)cc1C,10,166641377
S0417,F,COc1cccc(CCc2ccccc2OC(CCCN(C)C)OC)c1,3,135372685
S0417,F,COc1cccc(CCc2ccccc2OC(CCCN(C)C)OC)c1,4,146423813
S0417,F,COc1cccc(CCc2ccccc2OC(CCCN(C)C)OC)c1,5,135372862
S0417,F,COc1cccc(CCc2ccccc2OC(CCCN(C)C)OC)c1,6,135372535
S0417,F,COc1cccc(CCc2ccccc2OC(CCCN(C)C)OC)c1,7,174994524
S0417,F,COc1cccc(CCc2ccccc2OC(CCCN(C)C)OC)c1,8,135372017
S0417,F,COc1cccc(CCc2ccccc2OC(CCCN(C)C)OC)c1,9,146423893
S0417,F,COc1cccc(CCc2ccccc2OC(CCCN(C)C)OC)c1,10,135372384
S0417,F,COc1cccc(CCc2ccccc2OC(CCCN(C)C)OC)c1,11,135372237
S0417,F,COc1cccc(CCc2ccccc2OC(CCCN(C)C)OC)c1,12,146423887
S0418,F,COc1cccc(CCc2ccccc2OCC(CCN(C)C)OC)c1,1,146423881
S0418,F,COc1cccc(CCc2ccccc2OCC(CCN(C)C)OC)c1,2,135373168
S0418,F,COc1cccc(CCc2ccccc2OCC(CCN(C)C)OC)c1,3,150153543
S0418,F,COc1cccc(CCc2ccccc2OCC(CCN(C)C)OC)c1,4,146423896
S0418,F,COc1cccc(CCc2ccccc2OCC(CCN(C)C)OC)c1,5,153457199
S0418,F,COc1cccc(CCc2ccccc2OCC(CCN(C)C)OC)c1,6,153457175
S0418,F,COc1cccc(CCc2ccccc2OCC(CCN(C)C)OC)c1,7,153457194
S0418,F,COc1cccc(CCc2ccccc2OCC(CCN(C)C)OC)c1,8,153457174
S0418,F,COc1cccc(CCc2ccccc2OCC(CCN(C)C)OC)c1,9,146438833
S0418,F,COc1cccc(CCc2ccccc2OCC(CCN(C)C)OC)c1,10,146438458
S0418,F,COc1cccc(CCc2ccccc2OCC(CCN(C)C)OC)c1,11,146438451
S0418,F,COc1cccc(CCc2ccccc2OCC(CCN(C)C)OC)c1,12,146438454
S0419,F,COc1cccc(CCc2ccccc2OCCCC(OC)N(C)C)c1,3,175806271
S0419,F,COc1cccc(CCc2ccccc2OCCCC(OC)N(C)C)c1,4,152278583
S0419,F,COc1cccc(CCc2ccccc2OCCCC(OC)N(C)C)c1,5,157340097
S0419,F,COc1cccc(CCc2ccccc2OCCCC(OC)N(C)C)c1,6,175806295
S0419,F,COc1cccc(CCc2ccccc2OCCCC(OC)N(C)C)c1,7,175806128
S0419,F,COc1cccc(CCc2ccccc2OCCCC(OC)N(C)C)c1,8,175806221
S0419,F,COc1cccc(CCc2ccccc2OCCCC(OC)N(C)C)c1,9,175806252
S0419,F,COc1cccc(CCc2ccccc2OCCCC(OC)N(C)C)c1,10,153638005
S0419,F,COc1cccc(CCc2ccccc2OCCCC(OC)N(C)C)c1,11,175806298
S0419,F,COc1cccc(CCc2ccccc2OCCCC(OC)N(C)C)c1,12,175806112
S0420,F,COc1cccc(CCc2ccccc2O[C@@H](CCCN(C)C)OC)c1,3,135372764
S0420,F,COc1cccc(CCc2ccccc2O[C@@H](CCCN(C)C)OC)c1,4,146423914
S0420,F,COc1cccc(CCc2ccccc2O[C@@H](CCCN(C)C)OC)c1,5,135372905
S0420,F,COc1cccc(CCc2ccccc2O[C@@H](CCCN(C)C)OC)c1,6,135372381
S0420,F,COc1cccc(CCc2ccccc2O[C@@H](CCCN(C)C)OC)c1,7,135372887
S0420,F,COc1cccc(CCc2ccccc2O[C@@H](CCCN(C)C)OC)c1,8,135372312
S0420,F,COc1cccc(CCc2ccccc2O[C@@H](CCCN(C)C)OC)c1,9,146423833
S0420,F,COc1cccc(CCc2ccccc2O[C@@H](CCCN(C)C)OC)c1,10,155059233
S0420,F,COc1cccc(CCc2ccccc2O[C@@H](CCCN(C)C)OC)c1,11,135372662
S0420,F,COc1cccc(CCc2ccccc2O[C@@H](CCCN(C)C)OC)c1,12,146423897
S0421,F,Cc1cc(-c2ccccc2-c2ccc(S(N)(=O)=O)cc2)cc(C)c1C,2,23451261
S0421,F,Cc1cc(-c2ccccc2-c2ccc(S(N)(=O)=O)cc2)cc(C)c1C,3,23451310
S0421,F,Cc1cc(-c2ccccc2-c2ccc(S(N)(=O)=O)cc2)cc(C)c1C,4,23451041
S0421,F,Cc1cc(-c2ccccc2-c2ccc(S(N)(=O)=O)cc2)cc(C)c1C,5,23451379
S0421,F,Cc1cc(-c2ccccc2-c2ccc(S(N)(=O)=O)cc2)cc(C)c1C,6,23451246
S0421,F,Cc1cc(-c2ccccc2-c2ccc(S(N)(=O)=O)cc2)cc(C)c1C,7,23451215
S0421,F,Cc1cc(-c2ccccc2-c2ccc(S(N)(=O)=O)cc2)cc(C)c1C,8,23451284
S0421,F,Cc1cc(-c2ccccc2-c2ccc(S(N)(=O)=O)cc2)cc(C)c1C,9,23451179
S0421,F,Cc1cc(-c2ccccc2-c2ccc(S(N)(=O)=O)cc2)cc(C)c1C,10,23451114
S0421,F,Cc1cc(-c2ccccc2-c2ccc(S(N)(=O)=O)cc2)cc(C)c1C,11,23451228
S0422,F,Cc1cc(C)cc(-c2ccccc2-c2ccc(S(N)(=O)=O)cc2)c1,1,23450941
S0422,F,Cc1cc(C)cc(-c2ccccc2-c2ccc(S(N)(=O)=O)cc2)c1,2,23451056
S0422,F,Cc1cc(C)cc(-c2ccccc2-c2ccc(S(N)(=O)=O)cc2)c1,3,23451367
S0422,F,Cc1cc(C)cc(-c2ccccc2-c2ccc(S(N)(=O)=O)cc2)c1,4,23451002
S0422,F,Cc1cc(C)cc(-c2ccccc2-c2ccc(S(N)(=O)=O)cc2)c1,5,23451237
S0422,F,Cc1cc(C)cc(-c2ccccc2-c2ccc(S(N)(=O)=O)cc2)c1,6,23451352
S0422,F,Cc1cc(C)cc(-c2ccccc2-c2ccc(S(N)(=O)=O)cc2)c1,7,23451066
S0422,F,Cc1cc(C)cc(-c2ccccc2-c2ccc(S(N)(=O)=O)cc2)c1,8,23450984
S0422,F,Cc1cc(C)cc(-c2ccccc2-c2ccc(S(N)(=O)=O)cc2)c1,9,23451115
S0422,F,Cc1cc(C)cc(-c2ccccc2-c2ccc(S(N)(=O)=O)cc2)c1,10,23451038
S0422,F,Cc1cc(C)cc(-c2ccccc2-c2ccc(S(N)(=O)=O)cc2)c1,11,23451188
S0423,F,Cc1cc(C)cc(C)c1,1,136234
S0423,F,Cc1cc(C)cc(C)c1,2,131192921
S0423,F,Cc1cc(C)cc(C)c1,3,136195
S0423,F,Cc1cc(C)cc(C)c1,4,57935399
S0423,F,Cc1cc(C)cc(C)c1,5,71163185
S0423,F,Cc1cc(C)cc(C)c1,6,173415
S0423,F,Cc1cc(C)cc(C)c1,7,53375403
S0423,F,Cc1cc(C)cc(C)c1,8,46311666
S0423,F,Cc1cc(C)cc(C)c1,9,170909754
S0423,F,Cc1cc(C)cc(C)c1,10,12503713
S0423,F,Cc1cc(C)cc(C)c1,11,54546921
S0423,F,Cc1cc(C)cc(C)c1,12,2776390
S0424,F,Cc1cc(N)cc(Oc2ccc(C)c(Oc3cc(C)cc(N)c3)c2)c1,9,18691869
S0424,F,Cc1cc(N)cc(Oc2ccc(C)c(Oc3cc(C)cc(N)c3)c2)c1,10,18691979
S0424,F,Cc1cc(N)cc(Oc2ccc(C)c(Oc3cc(C)cc(N)c3)c2)c1,11,18691798
S0424,F,Cc1cc(N)cc(Oc2ccc(C)c(Oc3cc(C)cc(N)c3)c2)c1,12,18692055
S0424,F,Cc1cc(N)cc(Oc2ccc(C)c(Oc3cc(C)cc(N)c3)c2)c1,13,18691966
S0424,F,Cc1cc(N)cc(Oc2ccc(C)c(Oc3cc(C)cc(N)c3)c2)c1,14,18692090
S0424,F,Cc1cc(N)cc(Oc2ccc(C)c(Oc3cc(C)cc(N)c3)c2)c1,15,18691908
S0424,F,Cc1cc(N)cc(Oc2ccc(C)c(Oc3cc(C)cc(N)c3)c2)c1,16,18692241
S0424,F,Cc1cc(N)cc(Oc2ccc(C)c(Oc3cc(C)cc(N)c3)c2)c1,17,18692203
S0424,F,Cc1cc(N)cc(Oc2ccc(C)c(Oc3cc(C)cc(N)c3)c2)c1,18,18692324
S0425,F,Cc1ccc(-c2c3ccccc3c(-c3ccccc3)c3ccccc23)cc1,7,87426085
S0425,F,Cc1ccc(-c2c3ccccc3c(-c3ccccc3)c3ccccc23)cc1,8,88877427
S0425,F,Cc1ccc(-c2c3ccccc3c(-c3ccccc3)c3ccccc23)cc1,9,87425712
S0425,F,Cc1ccc(-c2c3ccccc3c(-c3ccccc3)c3ccccc23)cc1,10,88877566
S0425,F,Cc1ccc(-c2c3ccccc3c(-c3ccccc3)c3ccccc23)cc1,11,87425843
S0425,F,Cc1ccc(-c2c3ccccc3c(-c3ccccc3)c3ccccc23)cc1,12,87429105
S0425,F,Cc1ccc(-c2c3ccccc3c(-c3ccccc3)c3ccccc23)cc1,13,87425606
S0425,F,Cc1ccc(-c2c3ccccc3c(-c3ccccc3)c3ccccc23)cc1,14,87426070
S0425,F,Cc1ccc(-c2c3ccccc3c(-c3ccccc3)c3ccccc23)cc1,15,87428438
S0425,F,Cc1ccc(-c2c3ccccc3c(-c3ccccc3)c3ccccc23)cc1,16,87428485
S0425,F,Cc1ccc(-c2c3ccccc3c(-c3ccccc3)c3ccccc23)cc1,17,87428758
S0425,F,Cc1ccc(-c2c3ccccc3c(-c3ccccc3)c3ccccc23)cc1,18,87425841
S0425,F,Cc1ccc(-c2c3ccccc3c(-c3ccccc3)c3ccccc23)cc1,19,87428833
S0425,F,Cc1ccc(-c2c3ccccc3c(-c3ccccc3)c3ccccc23)cc1,20,87428855
S0426,F,Cc1ccc(-c2cc(C)c3c(N)ncnn23)cc1C(=O)N[C@H]1CCN(C(=O)CC(C)C)C1,4,168059059
S0426,F,Cc1ccc(-c2cc(C)c3c(N)ncnn23)cc1C(=O)N[C@H]1CCN(C(=O)CC(C)C)C1,5,155252481
S0426,F,Cc1ccc(-c2cc(C)c3c(N)ncnn23)cc1C(=O)N[C@H]1CCN(C(=O)CC(C)C)C1,6,155252493
S0426,F,Cc1ccc(-c2cc(C)c3c(N)ncnn23)cc1C(=O)N[C@H]1CCN(C(=O)CC(C)C)C1,7,155253121
S0426,F,Cc1ccc(-c2cc(C)c3c(N)ncnn23)cc1C(=O)N[C@H]1CCN(C(=O)CC(C)C)C1,8,155252909
S0426,F,Cc1ccc(-c2cc(C)c3c(N)ncnn23)cc1C(=O)N[C@H]1CCN(C(=O)CC(C)C)C1,9,155252683
S0426,F,Cc1ccc(-c2cc(C)c3c(N)ncnn23)cc1C(=O)N[C@H]1CCN(C(=O)CC(C)C)C1,10,155252983
S0426,F,Cc1ccc(-c2cc(C)c3c(N)ncnn23)cc1C(=O)N[C@H]1CCN(C(=O)CC(C)C)C1,11,155252283
S0426,F,Cc1ccc(-c2cc(C)c3c(N)ncnn23)cc1C(=O)N[C@H]1CCN(C(=O)CC(C)C)C1,12,155252291
S0426,F,Cc1ccc(-c2cc(C)c3c(N)ncnn23)cc1C(=O)N[C@H]1CCN(C(=O)CC(C)C)C1,13,155251708
S0427,F,Cc1ccc(-c2ccc(-c3ccc(C)cc3)cc2)cc1,1,22899613
S0427,F,Cc1ccc(-c2ccc(-c3ccc(C)cc3)cc2)cc1,2,21138535
S0427,F,Cc1ccc(-c2ccc(-c3ccc(C)cc3)cc2)cc1,3,21138498
S0427,F,Cc1ccc(-c2ccc(-c3ccc(C)cc3)cc2)cc1,4,122534270
S0427,F,Cc1ccc(-c2ccc(-c3ccc(C)cc3)cc2)cc1,5,57864880
S0427,F,Cc1ccc(-c2ccc(-c3ccc(C)cc3)cc2)cc1,6,57676127
S0427,F,Cc1ccc(-c2ccc(-c3ccc(C)cc3)cc2)cc1,7,89283495
S0427,F,Cc1ccc(-c2ccc(-c3ccc(C)cc3)cc2)cc1,8,145676905
S0427,F,Cc1ccc(-c2ccc(-c3ccc(C)cc3)cc2)cc1,9,153642636
S0427,F,Cc1ccc(-c2ccc(-c3ccc(C)cc3)cc2)cc1,10,139618162
S0428,F,Cc1ccc(-c2ccccc2)cc1,1,16127502
S0428,F,Cc1ccc(-c2ccccc2)cc1,2,140967440
S0428,F,Cc1ccc(-c2ccccc2)cc1,3,19818255
S0428,F,Cc1ccc(-c2ccccc2)cc1,4,70950898
S0428,F,Cc1ccc(-c2ccccc2)cc1,5,46314533
S0428,F,Cc1ccc(-c2ccccc2)cc1,6,46314523
S0428,F,Cc1ccc(-c2ccccc2)cc1,7,119019750
S0428,F,Cc1ccc(-c2ccccc2)cc1,8,170115266
S0428,F,Cc1ccc(-c2ccccc2)cc1,9,87931042
S0428,F,Cc1ccc(-c2ccccc2)cc1,10,118809381
S0428,F,Cc1ccc(-c2ccccc2)cc1,11,102062779
S0428,F,Cc1ccc(-c2ccccc2)cc1,12,14007429
S0429,F,Cc1ccc(C)cc1,1,12328685
S0429,F,Cc1ccc(C)cc1,2,23234186
S0429,F,Cc1ccc(C)cc1,3,80230
S0429,F,Cc1ccc(C)cc1,4,136549
S0429,F,Cc1ccc(C)cc1,5,19102254
S0429,F,Cc1ccc(C)cc1,6,21945608
S0429,F,Cc1ccc(C)cc1,7,121591887
S0429,F,Cc1ccc(C)cc1,8,90261642
S0429,F,Cc1ccc(C)cc1,9,13896232
S0429,F,Cc1ccc(C)cc1,10,136466
S0430,F,Cc1ccc(CCc2ccc(C)cc2)cc1,1,59545767
S0430,F,Cc1ccc(CCc2ccc(C)cc2)cc1,2,19789034
S0430,F,Cc1ccc(CCc2ccc(C)cc2)cc1,3,90771766
S0430,F,Cc1ccc(CCc2ccc(C)cc2)cc1,4,123827979
S0430,F,Cc1ccc(CCc2ccc(C)cc2)cc1,5,59546365
S0430,F,Cc1ccc(CCc2ccc(C)cc2)cc1,6,11186199
S0430,F,Cc1ccc(CCc2ccc(C)cc2)cc1,7,122425133
S0430,F,Cc1ccc(CCc2ccc(C)cc2)cc1,8,21337607
S0430,F,Cc1ccc(CCc2ccc(C)cc2)cc1,9,139619839
S0430,F,Cc1ccc(CCc2ccc(C)cc2)cc1,10,118000576
S0431,F,Cc1ccc(CCc2ccccc2)cc1,1,21730442
S0431,F,Cc1ccc(CCc2ccccc2)cc1,2,142106550
S0431,F,Cc1ccc(CCc2ccccc2)cc1,3,59546167
S0431,F,Cc1ccc(CCc2ccccc2)cc1,4,13161242
S0431,F,Cc1ccc(CCc2ccccc2)cc1,5,155200965
S0431,F,Cc1ccc(CCc2ccccc2)cc1,6,90920811
S0431,F,Cc1ccc(CCc2ccccc2)cc1,7,101903793
S0431,F,Cc1ccc(CCc2ccccc2)cc1,8,101027771
S0431,F,Cc1ccc(CCc2ccccc2)cc1,9,20721850
S0431,F,Cc1ccc(CCc2ccccc2)cc1,10,138495057
S0431,F,Cc1ccc(CCc2ccccc2)cc1,11,144833045
S0432,F,Cc1ccc(N)cc1Oc1ccc(C)c(Oc2cc(N)ccc2C)c1,9,18691991
S0432,F,Cc1ccc(N)cc1Oc1ccc(C)c(Oc2cc(N)ccc2C)c1,10,18692311
S0432,F,Cc1ccc(N)cc1Oc1ccc(C)c(Oc2cc(N)ccc2C)c1,11,18692162
S0432,F,Cc1ccc(N)cc1Oc1ccc(C)c(Oc2cc(N)ccc2C)c1,12,18692089
S0432,F,Cc1ccc(N)cc1Oc1ccc(C)c(Oc2cc(N)ccc2C)c1,13,18691995
S0432,F,Cc1ccc(N)cc1Oc1ccc(C)c(Oc2cc(N)ccc2C)c1,14,18691931
S0432,F,Cc1ccc(N)cc1Oc1ccc(C)c(Oc2cc(N)ccc2C)c1,15,18692071
S0432,F,Cc1ccc(N)cc1Oc1ccc(C)c(Oc2cc(N)ccc2C)c1,16,18691913
S0432,F,Cc1ccc(N)cc1Oc1ccc(C)c(Oc2cc(N)ccc2C)c1,17,139795395
S0432,F,Cc1ccc(N)cc1Oc1ccc(C)c(Oc2cc(N)ccc2C)c1,18,18692080
S0433,F,Cc1ccc(OCc2ccc(-c3ccc(-c4ccc(C)cc4)cc3)cc2)cc1,3,145288822
S0433,F,Cc1ccc(OCc2ccc(-c3ccc(-c4ccc(C)cc4)cc3)cc2)cc1,4,145331506
S0433,F,Cc1ccc(OCc2ccc(-c3ccc(-c4ccc(C)cc4)cc3)cc2)cc1,5,134236077
S0433,F,Cc1ccc(OCc2ccc(-c3ccc(-c4ccc(C)cc4)cc3)cc2)cc1,6,157513520
S0433,F,Cc1ccc(OCc2ccc(-c3ccc(-c4ccc(C)cc4)cc3)cc2)cc1,7,59165261
S0433,F,Cc1ccc(OCc2ccc(-c3ccc(-c4ccc(C)cc4)cc3)cc2)cc1,8,135223764
S0433,F,Cc1ccc(OCc2ccc(-c3ccc(-c4ccc(C)cc4)cc3)cc2)cc1,9,89878677
S0433,F,Cc1ccc(OCc2ccc(-c3ccc(-c4ccc(C)cc4)cc3)cc2)cc1,10,135223845
S0433,F,Cc1ccc(OCc2ccc(-c3ccc(-c4ccc(C)cc4)cc3)cc2)cc1,11,129159512
S0433,F,Cc1ccc(OCc2ccc(-c3ccc(-c4ccc(C)cc4)cc3)cc2)cc1,12,89529821
S0434,F,Cc1ccc(OCc2ccc(-c3ccc(C)cc3)cc2)cc1,1,118908559
S0434,F,Cc1ccc(OCc2ccc(-c3ccc(C)cc3)cc2)cc1,2,118908563
S0434,F,Cc1ccc(OCc2ccc(-c3ccc(C)cc3)cc2)cc1,3,21353267
S0434,F,Cc1ccc(OCc2ccc(-c3ccc(C)cc3)cc2)cc1,4,21353188
S0434,F,Cc1ccc(OCc2ccc(-c3ccc(C)cc3)cc2)cc1,5,21353230
S0434,F,Cc1ccc(OCc2ccc(-c3ccc(C)cc3)cc2)cc1,6,144684740
S0434,F,Cc1ccc(OCc2ccc(-c3ccc(C)cc3)cc2)cc1,7,129159347
S0434,F,Cc1ccc(OCc2ccc(-c3ccc(C)cc3)cc2)cc1,8,129159478
S0434,F,Cc1ccc(OCc2ccc(-c3ccc(C)cc3)cc2)cc1,9,135223705
S0434,F,Cc1ccc(OCc2ccc(-c3ccc(C)cc3)cc2)cc1,10,145449080
S0434,F,Cc1ccc(OCc2ccc(-c3ccc(C)cc3)cc2)cc1,11,135223706
S0435,F,Cc1ccc(Oc2ccc(C)c(Oc3ccc(C)c(N)c3)c2)cc1N,9,18691854
S0435,F,Cc1ccc(Oc2ccc(C)c(Oc3ccc(C)c(N)c3)c2)cc1N,10,18692211
S0435,F,Cc1ccc(Oc2ccc(C)c(Oc3ccc(C)c(N)c3)c2)cc1N,11,18691954
S0435,F,Cc1ccc(Oc2ccc(C)c(Oc3ccc(C)c(N)c3)c2)cc1N,12,18692286
S0435,F,Cc1ccc(Oc2ccc(C)c(Oc3ccc(C)c(N)c3)c2)cc1N,13,18692039
S0435,F,Cc1ccc(Oc2ccc(C)c(Oc3ccc(C)c(N)c3)c2)cc1N,14,18692075
S0435,F,Cc1ccc(Oc2ccc(C)c(Oc3ccc(C)c(N)c3)c2)cc1N,15,18692124
S0435,F,Cc1ccc(Oc2ccc(C)c(Oc3ccc(C)c(N)c3)c2)cc1N,16,18692106
S0435,F,Cc1ccc(Oc2ccc(C)c(Oc3ccc(C)c(N)c3)c2)cc1N,17,139795403
S0435,F,Cc1ccc(Oc2ccc(C)c(Oc3ccc(C)c(N)c3)c2)cc1N,18,18692216
S0436,F,Cc1ccc(Oc2cccc(N)c2)cc1Oc1cccc(N)c1,5,18691912
S0436,F,Cc1ccc(Oc2cccc(N)c2)cc1Oc1cccc(N)c1,6,18692341
S0436,F,Cc1ccc(Oc2cccc(N)c2)cc1Oc1cccc(N)c1,7,18691800
S0436,F,Cc1ccc(Oc2cccc(N)c2)cc1Oc1cccc(N)c1,8,18691795
S0436,F,Cc1ccc(Oc2cccc(N)c2)cc1Oc1cccc(N)c1,9,18691794
S0436,F,Cc1ccc(Oc2cccc(N)c2)cc1Oc1cccc(N)c1,10,18691843
S0436,F,Cc1ccc(Oc2cccc(N)c2)cc1Oc1cccc(N)c1,11,18692337
S0436,F,Cc1ccc(Oc2cccc(N)c2)cc1Oc1cccc(N)c1,12,18691922
S0436,F,Cc1ccc(Oc2cccc(N)c2)cc1Oc1cccc(N)c1,13,18691830
S0436,F,Cc1ccc(Oc2cccc(N)c2)cc1Oc1cccc(N)c1,14,18692044
S0437,F,Cc1ccc(Oc2cccc(N)c2C)cc1Oc1cccc(N)c1C,9,18691792
S0437,F,Cc1ccc(Oc2cccc(N)c2C)cc1Oc1cccc(N)c1C,10,18692336
S0437,F,Cc1ccc(Oc2cccc(N)c2C)cc1Oc1cccc(N)c1C,11,18692273
S0437,F,Cc1ccc(Oc2cccc(N)c2C)cc1Oc1cccc(N)c1C,12,18692164
S0437,F,Cc1ccc(Oc2cccc(N)c2C)cc1Oc1cccc(N)c1C,13,18691923
S0437,F,Cc1ccc(Oc2cccc(N)c2C)cc1Oc1cccc(N)c1C,14,18692284
S0437,F,Cc1ccc(Oc2cccc(N)c2C)cc1Oc1cccc(N)c1C,15,18692210
S0437,F,Cc1ccc(Oc2cccc(N)c2C)cc1Oc1cccc(N)c1C,16,18692160
S0437,F,Cc1ccc(Oc2cccc(N)c2C)cc1Oc1cccc(N)c1C,17,139795396
S0437,F,Cc1ccc(Oc2cccc(N)c2C)cc1Oc1cccc(N)c1C,18,18692299
S0438,F,Cc1cccc(C(C)(C)O)c1,1,12844398
S0438,F,Cc1cccc(C(C)(C)O)c1,2,80605921
S0438,F,Cc1cccc(C(C)(C)O)c1,3,59898439
S0438,F,Cc1cccc(C(C)(C)O)c1,4,91655984
S0438,F,Cc1cccc(C(C)(C)O)c1,5,80605706
S0438,F,Cc1cccc(C(C)(C)O)c1,6,61644913
S0438,F,Cc1cccc(C(C)(C)O)c1,7,166610405
S0438,F,Cc1cccc(C(C)(C)O)c1,8,141489205
S0438,F,Cc1cccc(C(C)(C)O)c1,9,15648616
S0438,F,Cc1cccc(C(C)(C)O)c1,10,166610435
S0439,F,Cc1cccc(C)c1,1,123065
S0439,F,Cc1cccc(C)c1,2,23234185
S0439,F,Cc1cccc(C)c1,3,136246
S0439,F,Cc1cccc(C)c1,4,121591791
S0439,F,Cc1cccc(C)c1,5,126663600
S0439,F,Cc1cccc(C)c1,6,223106
S0439,F,Cc1cccc(C)c1,7,121591885
S0439,F,Cc1cccc(C)c1,8,170909598
S0439,F,Cc1cccc(C)c1,9,15458087
S0439,F,Cc1cccc(C)c1,10,2776609
S0440,F,Cc1cccc(C)c1-c1ccccc1,1,57165076
S0440,F,Cc1cccc(C)c1-c1ccccc1,2,44480343
S0440,F,Cc1cccc(C)c1-c1ccccc1,3,44480593
S0440,F,Cc1cccc(C)c1-c1ccccc1,4,46313473
S0440,F,Cc1cccc(C)c1-c1ccccc1,5,118843388
S0440,F,Cc1cccc(C)c1-c1ccccc1,6,162419072
S0440,F,Cc1cccc(C)c1-c1ccccc1,7,119014141
S0440,F,Cc1cccc(C)c1-c1ccccc1,8,156109250
S0440,F,Cc1cccc(C)c1-c1ccccc1,9,139977562
S0440,F,Cc1cccc(C)c1-c1ccccc1,10,134631101
S0440,F,Cc1cccc(C)c1-c1ccccc1,11,17948288
S0440,F,Cc1cccc(C)c1-c1ccccc1,12,21192147
S0441,F,Cc1ccccc1-c1ccccc1,1,20100058
S0441,F,Cc1ccccc1-c1ccccc1,2,69224641
S0441,F,Cc1ccccc1-c1ccccc1,3,154084390
S0441,F,Cc1ccccc1-c1ccccc1,4,46314966
S0441,F,Cc1ccccc1-c1ccccc1,5,134617245
S0441,F,Cc1ccccc1-c1ccccc1,6,57018921
S0441,F,Cc1ccccc1-c1ccccc1,7,134617391
S0441,F,Cc1ccccc1-c1ccccc1,8,134620081
S0441,F,Cc1ccccc1-c1ccccc1,9,12571903
S0441,F,Cc1ccccc1-c1ccccc1,10,21731615
S0441,F,Cc1ccccc1-c1ccccc1,11,21731613
S0441,F,Cc1ccccc1-c1ccccc1,12,71371703
S0442,F,Cc1ccccc1.Cc1ccccc1,1,68996523
S0442,F,Cc1ccccc1.Cc1ccccc1,2,159526174
S0442,F,Cc1ccccc1.Cc1ccccc1,3,143876410
S0442,F,Cc1ccccc1.Cc1ccccc1,4,158289156
S0442,F,Cc1ccccc1.Cc1ccccc1,5,157068253
S0442,F,Cc1ccccc1.Cc1ccccc1,6,87074749
S0442,F,Cc1ccccc1.Cc1ccccc1,7,143179608
S0442,F,Cc1ccccc1.Cc1ccccc1,8,159845407
S0442,F,Cc1ccccc1.Cc1ccccc1,9,160347328
S0442,F,Cc1ccccc1.Cc1ccccc1,10,158619343
S0443,F,Cc1ccccc1C,1,96489
S0443,F,Cc1ccccc1C,2,23234184
S0443,F,Cc1ccccc1C,3,69735207
S0443,F,Cc1ccccc1C,4,19102257
S0443,F,Cc1ccccc1C,5,118823552
S0443,F,Cc1ccccc1C,6,16743981
S0443,F,Cc1ccccc1C,7,171030367
S0443,F,Cc1ccccc1C,8,51000137
S0443,F,Cc1ccccc1C,9,87394192
S0443,F,Cc1ccccc1C,10,137272
S0444,F,O=C(Nc1ccccc1)c1ccc(COc2ccccc2)o1,1,7647287
S0444,F,O=C(Nc1ccccc1)c1ccc(COc2ccccc2)o1,2,26915573
S0444,F,O=C(Nc1ccccc1)c1ccc(COc2ccccc2)o1,3,26358118
S0444,F,O=C(Nc1ccccc1)c1ccc(COc2ccccc2)o1,4,19457256
S0444,F,O=C(Nc1ccccc1)c1ccc(COc2ccccc2)o1,5,19413021
S0444,F,O=C(Nc1ccccc1)c1ccc(COc2ccccc2)o1,6,1743016
S0444,F,O=C(Nc1ccccc1)c1ccc(COc2ccccc2)o1,7,19453166
S0444,F,O=C(Nc1ccccc1)c1ccc(COc2ccccc2)o1,8,19457192
S0444,F,O=C(Nc1ccccc1)c1ccc(COc2ccccc2)o1,9,19459729
S0444,F,O=C(Nc1ccccc1)c1ccc(COc2ccccc2)o1,10,19461399
S0445,F,O=C(OCc1ccccc1)c1ccccc1,1,44587008
S0445,F,O=C(OCc1ccccc1)c1ccccc1,2,4131871
S0445,F,O=C(OCc1ccccc1)c1ccccc1,3,727145
S0445,F,O=C(OCc1ccccc1)c1ccccc1,4,91703915
S0445,F,O=C(OCc1ccccc1)c1ccccc1,5,14122985
S0445,F,O=C(OCc1ccccc1)c1ccccc1,6,121234763
S0445,F,O=C(OCc1ccccc1)c1ccccc1,7,134104788
S0445,F,O=C(OCc1ccccc1)c1ccccc1,8,91732035
S0445,F,O=C(OCc1ccccc1)c1ccccc1,9,91724026
S0445,F,O=C(OCc1ccccc1)c1ccccc1,10,15209296
S0446,F,O=C(c1ccccc1)c1ccccc1,1,67650
S0446,F,O=C(c1ccccc1)c1ccccc1,2,570834
S0446,F,O=C(c1ccccc1)c1ccccc1,3,43159959
S0446,F,O=C(c1ccccc1)c1ccccc1,4,2760566
S0446,F,O=C(c1ccccc1)c1ccccc1,5,24723324
S0446,F,O=C(c1ccccc1)c1ccccc1,6,63187580
S0446,F,O=C(c1ccccc1)c1ccccc1,7,114973545
S0446,F,O=C(c1ccccc1)c1ccccc1,8,146008034
S0446,F,O=C(c1ccccc1)c1ccccc1,9,57567790
S0446,F,O=C(c1ccccc1)c1ccccc1,10,70068
S0447,F,O=S(=O)(c1ccccc1)c1ccccc1,1,640918
S0447,F,O=S(=O)(c1ccccc1)c1ccccc1,2,67842
S0447,F,O=S(=O)(c1ccccc1)c1ccccc1,3,68948821
S0447,F,O=S(=O)(c1ccccc1)c1ccccc1,4,172218992
S0447,F,O=S(=O)(c1ccccc1)c1ccccc1,5,12568343
S0447,F,O=S(=O)(c1ccccc1)c1ccccc1,6,87787379
S0447,F,O=S(=O)(c1ccccc1)c1ccccc1,7,137513017
S0447,F,O=S(=O)(c1ccccc1)c1ccccc1,8,87303956
S0447,F,O=S(=O)(c1ccccc1)c1ccccc1,9,59399891
S0447,F,O=S(=O)(c1ccccc1)c1ccccc1,10,11025717
S0448,F,OC(c1ccccc1)c1ccccc1,1,7141885
S0448,F,OC(c1ccccc1)c1ccccc1,2,2758252
S0448,F,OC(c1ccccc1)c1ccccc1,3,7171777
S0448,F,OC(c1ccccc1)c1ccccc1,4,61650362
S0448,F,OC(c1ccccc1)c1ccccc1,5,62660049
S0448,F,OC(c1ccccc1)c1ccccc1,6,62963939
S0448,F,OC(c1ccccc1)c1ccccc1,7,61101655
S0448,F,OC(c1ccccc1)c1ccccc1,8,23273259
S0448,F,OC(c1ccccc1)c1ccccc1,9,88181196
S0448,F,OC(c1ccccc1)c1ccccc1,10,98043500
S0449,F,OC1CCCCC1,1,26596176
S0449,F,OC1CCCCC1,2,546300
S0449,F,OC1CCCCC1,3,117828972
S0449,F,OC1CCCCC1,4,90938699
S0449,F,OC1CCCCC1,5,88632036
S0449,F,OC1CCCCC1,6,91527943
S0449,F,OC1CCCCC1,7,91261773
S0449,F,OC1CCCCC1,8,91094155
S0449,F,OC1CCCCC1,9,91566078
S0449,F,OC1CCCCC1,10,20307290
S0449,F,OC1CCCCC1,11,12949453
S0450,F,Oc1ccc(-c2ccccc2)cc1,1,13004448
S0450,F,Oc1ccc(-c2ccccc2)cc1,2,23174125
S0450,F,Oc1ccc(-c2ccccc2)cc1,3,53219366
S0450,F,Oc1ccc(-c2ccccc2)cc1,4,118188480
S0450,F,Oc1ccc(-c2ccccc2)cc1,5,46314096
S0450,F,Oc1ccc(-c2ccccc2)cc1,6,134617302
S0450,F,Oc1ccc(-c2ccccc2)cc1,7,140144550
S0450,F,Oc1ccc(-c2ccccc2)cc1,8,91322188
S0450,F,Oc1ccc(-c2ccccc2)cc1,9,2783336
S0450,F,Oc1ccc(-c2ccccc2)cc1,10,175397462
S0451,F,[2H]C([2H])([2H])N1CCC=C(c2nsnc2OCCCCCC)C1,1,156363106
S0451,F,[2H]C([2H])([2H])N1CCC=C(c2nsnc2OCCCCCC)C1,2,156363118
S0451,F,[2H]C([2H])([2H])N1CCC=C(c2nsnc2OCCCCCC)C1,3,156363178
S0451,F,[2H]C([2H])([2H])N1CCC=C(c2nsnc2OCCCCCC)C1,4,161203535
S0451,F,[2H]C([2H])([2H])N1CCC=C(c2nsnc2OCCCCCC)C1,5,156363158
S0451,F,[2H]C([2H])([2H])N1CCC=C(c2nsnc2OCCCCCC)C1,6,156363141
S0451,F,[2H]C([2H])([2H])N1CCC=C(c2nsnc2OCCCCCC)C1,7,156363156
S0451,F,[2H]C([2H])([2H])N1CCC=C(c2nsnc2OCCCCCC)C1,8,160775725
S0451,F,[2H]C([2H])([2H])N1CCC=C(c2nsnc2OCCCCCC)C1,9,156363179
S0451,F,[2H]C([2H])([2H])N1CCC=C(c2nsnc2OCCCCCC)C1,10,157373098
S0451,F,[2H]C([2H])([2H])N1CCC=C(c2nsnc2OCCCCCC)C1,11,156363087
S0452,F,[CH3][Ge]([CH3])([CH3])[CH3],3,140868
S0452,F,[CH3][Ge]([CH3])([CH3])[CH3],4,21731023
S0452,F,[CH3][Ge]([CH3])([CH3])[CH3],5,21731028
S0452,F,[CH3][Ge]([CH3])([CH3])[CH3],6,21731032
S0452,F,[CH3][Ge]([CH3])([CH3])[CH3],7,21730987
S0452,F,[CH3][Ge]([CH3])([CH3])[CH3],8,21730990
S0452,F,[CH3][Ge]([CH3])([CH3])[CH3],9,144178
S0452,F,[CH3][Ge]([CH3])([CH3])[CH3],10,21730993
S0452,F,[CH3][Ge]([CH3])([CH3])[CH3],11,21730995
S0452,F,[CH3][Ge]([CH3])([CH3])[CH3],12,143288
S0453,F,c1cc2ccc3cccc4ccc(c1)c2c34,1,3014031
S0453,F,c1cc2ccc3cccc4ccc(c1)c2c34,2,149960397
S0453,F,c1cc2ccc3cccc4ccc(c1)c2c34,3,91234708
S0453,F,c1cc2ccc3cccc4ccc(c1)c2c34,4,89270612
S0453,F,c1cc2ccc3cccc4ccc(c1)c2c34,5,88219660
S0453,F,c1cc2ccc3cccc4ccc(c1)c2c34,6,19990312
S0453,F,c1cc2ccc3cccc4ccc(c1)c2c34,7,90926217
S0453,F,c1cc2ccc3cccc4ccc(c1)c2c34,8,91398387
S0453,F,c1cc2ccc3cccc4ccc(c1)c2c34,9,91538784
S0453,F,c1cc2ccc3cccc4ccc(c1)c2c34,10,137032
S0454,F,c1ccc(-c2c3ccccc3c(-c3ccccc3)c3ccccc23)cc1,1,57711787
S0454,F,c1ccc(-c2c3ccccc3c(-c3ccccc3)c3ccccc23)cc1,2,87425592
S0454,F,c1ccc(-c2c3ccccc3c(-c3ccccc3)c3ccccc23)cc1,3,23235878
S0454,F,c1ccc(-c2c3ccccc3c(-c3ccccc3)c3ccccc23)cc1,4,87428773
S0454,F,c1ccc(-c2c3ccccc3c(-c3ccccc3)c3ccccc23)cc1,5,87425764
S0454,F,c1ccc(-c2c3ccccc3c(-c3ccccc3)c3ccccc23)cc1,6,87425803
S0454,F,c1ccc(-c2c3ccccc3c(-c3ccccc3)c3ccccc23)cc1,7,87425968
S0454,F,c1ccc(-c2c3ccccc3c(-c3ccccc3)c3ccccc23)cc1,8,87426095
S0454,F,c1ccc(-c2c3ccccc3c(-c3ccccc3)c3ccccc23)cc1,9,87425940
S0454,F,c1ccc(-c2c3ccccc3c(-c3ccccc3)c3ccccc23)cc1,10,87425762
S0454,F,c1ccc(-c2c3ccccc3c(-c3ccccc3)c3ccccc23)cc1,11,87425903
S0454,F,c1ccc(-c2c3ccccc3c(-c3ccccc3)c3ccccc23)cc1,12,87428376
S0454,F,c1ccc(-c2c3ccccc3c(-c3ccccc3)c3ccccc23)cc1,13,87428550
S0454,F,c1ccc(-c2c3ccccc3c(-c3ccccc3)c3ccccc23)cc1,14,171365983
S0454,F,c1ccc(-c2c3ccccc3c(-c3ccccc3)c3ccccc23)cc1,15,87428408
S0454,F,c1ccc(-c2c3ccccc3c(-c3ccccc3)c3ccccc23)cc1,16,88877527
S0454,F,c1ccc(-c2c3ccccc3c(-c3ccccc3)c3ccccc23)cc1,17,87457294
S0454,F,c1ccc(-c2c3ccccc3c(-c3ccccc3)c3ccccc23)cc1,18,87428669
S0455,F,c1ccc(-c2ccc(-c3ccccc3)cc2)cc1,1,53689345
S0455,F,c1ccc(-c2ccc(-c3ccccc3)cc2)cc1,2,12038225
S0455,F,c1ccc(-c2ccc(-c3ccccc3)cc2)cc1,3,58392571
S0455,F,c1ccc(-c2ccc(-c3ccccc3)cc2)cc1,4,140397427
S0455,F,c1ccc(-c2ccc(-c3ccccc3)cc2)cc1,5,70950712
S0455,F,c1ccc(-c2ccc(-c3ccccc3)cc2)cc1,6,139240863
S0455,F,c1ccc(-c2ccc(-c3ccccc3)cc2)cc1,7,169715403
S0455,F,c1ccc(-c2ccc(-c3ccccc3)cc2)cc1,8,122648812
S0455,F,c1ccc(-c2ccc(-c3ccccc3)cc2)cc1,9,169713819
S0455,F,c1ccc(-c2ccc(-c3ccccc3)cc2)cc1,10,25270074
S0456,F,c1ccc(-c2ccc3ccccc3c2)cc1,1,46314928
S0456,F,c1ccc(-c2ccc3ccccc3c2)cc1,2,46313970
S0456,F,c1ccc(-c2ccc3ccccc3c2)cc1,3,134970077
S0456,F,c1ccc(-c2ccc3ccccc3c2)cc1,4,141462427
S0456,F,c1ccc(-c2ccc3ccccc3c2)cc1,5,85828826
S0456,F,c1ccc(-c2ccc3ccccc3c2)cc1,6,145488560
S0456,F,c1ccc(-c2ccc3ccccc3c2)cc1,7,123667724
S0456,F,c1ccc(-c2ccc3ccccc3c2)cc1,8,123149014
S0456,F,c1ccc(-c2ccc3ccccc3c2)cc1,9,173244973
S0456,F,c1ccc(-c2ccc3ccccc3c2)cc1,10,173243103
S0456,F,c1ccc(-c2ccc3ccccc3c2)cc1,11,91177772
S0456,F,c1ccc(-c2ccc3ccccc3c2)cc1,12,13270519
S0457,F,c1ccc(-c2cccc(-c3ccccc3)c2)cc1,1,53949201
S0457,F,c1ccc(-c2cccc(-c3ccccc3)c2)cc1,2,139685490
S0457,F,c1ccc(-c2cccc(-c3ccccc3)c2)cc1,3,169729749
S0457,F,c1ccc(-c2cccc(-c3ccccc3)c2)cc1,4,57249992
S0457,F,c1ccc(-c2cccc(-c3ccccc3)c2)cc1,5,58224579
S0457,F,c1ccc(-c2cccc(-c3ccccc3)c2)cc1,6,169713717
S0457,F,c1ccc(-c2cccc(-c3ccccc3)c2)cc1,7,91122186
S0457,F,c1ccc(-c2cccc(-c3ccccc3)c2)cc1,8,162730574
S0457,F,c1ccc(-c2cccc(-c3ccccc3)c2)cc1,9,169729798
S0457,F,c1ccc(-c2cccc(-c3ccccc3)c2)cc1,10,25270073
S0458,F,c1ccc(-c2cccc3ccccc23)cc1,1,90913485
S0458,F,c1ccc(-c2cccc3ccccc23)cc1,2,46313961
S0458,F,c1ccc(-c2cccc3ccccc23)cc1,3,118813117
S0458,F,c1ccc(-c2cccc3ccccc23)cc1,4,157916275
S0458,F,c1ccc(-c2cccc3ccccc23)cc1,5,87625967
S0458,F,c1ccc(-c2cccc3ccccc23)cc1,6,123859812
S0458,F,c1ccc(-c2cccc3ccccc23)cc1,7,123604912
S0458,F,c1ccc(-c2cccc3ccccc23)cc1,8,91563229
S0458,F,c1ccc(-c2cccc3ccccc23)cc1,9,91148056
S0458,F,c1ccc(-c2cccc3ccccc23)cc1,10,91148231
S0458,F,c1ccc(-c2cccc3ccccc23)cc1,11,12635094
S0458,F,c1ccc(-c2cccc3ccccc23)cc1,12,13270518
S0459,F,c1ccc(-c2ccccc2)cc1,1,145663
S0459,F,c1ccc(-c2ccccc2)cc1,2,123055
S0459,F,c1ccc(-c2ccccc2)cc1,3,11241231
S0459,F,c1ccc(-c2ccccc2)cc1,4,91807375
S0459,F,c1ccc(-c2ccccc2)cc1,5,153814651
S0459,F,c1ccc(-c2ccccc2)cc1,6,58769561
S0459,F,c1ccc(-c2ccccc2)cc1,7,85752836
S0459,F,c1ccc(-c2ccccc2)cc1,8,134617350
S0459,F,c1ccc(-c2ccccc2)cc1,9,10964292
S0459,F,c1ccc(-c2ccccc2)cc1,10,67949
S0460,F,c1ccc(-c2ccccc2-c2ccccc2)cc1,1,18330548
S0460,F,c1ccc(-c2ccccc2-c2ccccc2)cc1,2,57054132
S0460,F,c1ccc(-c2ccccc2-c2ccccc2)cc1,3,91065946
S0460,F,c1ccc(-c2ccccc2-c2ccccc2)cc1,4,22625301
S0460,F,c1ccc(-c2ccccc2-c2ccccc2)cc1,5,175156458
S0460,F,c1ccc(-c2ccccc2-c2ccccc2)cc1,6,121411322
S0460,F,c1ccc(-c2ccccc2-c2ccccc2)cc1,7,168867234
S0460,F,c1ccc(-c2ccccc2-c2ccccc2)cc1,8,157170971
S0460,F,c1ccc(-c2ccccc2-c2ccccc2)cc1,9,169716006
S0460,F,c1ccc(-c2ccccc2-c2ccccc2)cc1,10,85841282
S0460,F,c1ccc(-c2ccccc2-c2ccccc2)cc1,11,175418212
S0460,F,c1ccc(-c2ccccc2-c2ccccc2)cc1,12,168867230
S0460,F,c1ccc(-c2ccccc2-c2ccccc2)cc1,13,88238525
S0460,F,c1ccc(-c2ccccc2-c2ccccc2)cc1,14,22497144
S0461,F,c1ccc(B(c2ccccc2)c2ccccc2)cc1,5,22722373
S0461,F,c1ccc(B(c2ccccc2)c2ccccc2)cc1,6,15794326
S0461,F,c1ccc(B(c2ccccc2)c2ccccc2)cc1,7,140579992
S0461,F,c1ccc(B(c2ccccc2)c2ccccc2)cc1,8,174149978
S0461,F,c1ccc(B(c2ccccc2)c2ccccc2)cc1,9,23033095
S0461,F,c1ccc(B(c2ccccc2)c2ccccc2)cc1,10,11327649
S0461,F,c1ccc(B(c2ccccc2)c2ccccc2)cc1,11,141045133
S0461,F,c1ccc(B(c2ccccc2)c2ccccc2)cc1,12,21880957
S0461,F,c1ccc(B(c2ccccc2)c2ccccc2)cc1,13,172550088
S0461,F,c1ccc(B(c2ccccc2)c2ccccc2)cc1,14,71428744
S0461,F,c1ccc(B(c2ccccc2)c2ccccc2)cc1,15,582056
S0462,F,c1ccc(CCc2ccccc2)cc1,1,53881140
S0462,F,c1ccc(CCc2ccccc2)cc1,2,91000995
S0462,F,c1ccc(CCc2ccccc2)cc1,3,143373006
S0462,F,c1ccc(CCc2ccccc2)cc1,4,136269
S0462,F,c1ccc(CCc2ccccc2)cc1,5,91185990
S0462,F,c1ccc(CCc2ccccc2)cc1,6,169227576
S0462,F,c1ccc(CCc2ccccc2)cc1,7,158584788
S0462,F,c1ccc(CCc2ccccc2)cc1,8,11723877
S0462,F,c1ccc(CCc2ccccc2)cc1,9,101027766
S0462,F,c1ccc(CCc2ccccc2)cc1,10,356556
S0463,F,c1ccc(Cc2ccccc2)cc1,1,137037
S0463,F,c1ccc(Cc2ccccc2)cc1,2,68613477
S0463,F,c1ccc(Cc2ccccc2)cc1,3,135033657
S0463,F,c1ccc(Cc2ccccc2)cc1,4,53868202
S0463,F,c1ccc(Cc2ccccc2)cc1,5,11043426
S0463,F,c1ccc(Cc2ccccc2)cc1,6,87333480
S0463,F,c1ccc(Cc2ccccc2)cc1,7,174458764
S0463,F,c1ccc(Cc2ccccc2)cc1,8,23273258
S0463,F,c1ccc(Cc2ccccc2)cc1,9,158676159
S0463,F,c1ccc(Cc2ccccc2)cc1,10,602634
S0463,F,c1ccc(Cc2ccccc2)cc1,11,54228247
S0463,F,c1ccc(Cc2ccccc2)cc1,12,5177223
S0464,F,c1ccc(Oc2ccccc2)cc1,1,13584322
S0464,F,c1ccc(Oc2ccccc2)cc1,2,13455928
S0464,F,c1ccc(Oc2ccccc2)cc1,3,53716114
S0464,F,c1ccc(Oc2ccccc2)cc1,4,555804
S0464,F,c1ccc(Oc2ccccc2)cc1,5,91552808
S0464,F,c1ccc(Oc2ccccc2)cc1,6,34175691
S0464,F,c1ccc(Oc2ccccc2)cc1,7,57245924
S0464,F,c1ccc(Oc2ccccc2)cc1,8,15064559
S0464,F,c1ccc(Oc2ccccc2)cc1,9,102062780
S0464,F,c1ccc(Oc2ccccc2)cc1,10,631653
S0465,F,c1ccc([S+](c2ccccc2)c2ccccc2)cc1,1,3497654
S0465,F,c1ccc([S+](c2ccccc2)c2ccccc2)cc1,2,87494914
S0465,F,c1ccc([S+](c2ccccc2)c2ccccc2)cc1,3,164747298
S0465,F,c1ccc([S+](c2ccccc2)c2ccccc2)cc1,4,172505453
S0465,F,c1ccc([S+](c2ccccc2)c2ccccc2)cc1,5,146702758
S0465,F,c1ccc([S+](c2ccccc2)c2ccccc2)cc1,6,60101702
S0465,F,c1ccc([S+](c2ccccc2)c2ccccc2)cc1,7,140957003
S0465,F,c1ccc([S+](c2ccccc2)c2ccccc2)cc1,8,166005177
S0465,F,c1ccc([S+](c2ccccc2)c2ccccc2)cc1,9,140760450
S0465,F,c1ccc([S+](c2ccccc2)c2ccccc2)cc1,10,60101712
S0466,F,c1ccc2c(c1)Cc1ccccc1-2,1,12685099
S0466,F,c1ccc2c(c1)Cc1ccccc1-2,2,348116
S0466,F,c1ccc2c(c1)Cc1ccccc1-2,3,71347970
S0466,F,c1ccc2c(c1)Cc1ccccc1-2,4,15037293
S0466,F,c1ccc2c(c1)Cc1ccccc1-2,5,22348844
S0466,F,c1ccc2c(c1)Cc1ccccc1-2,6,91604030
S0466,F,c1ccc2c(c1)Cc1ccccc1-2,7,22348884
S0466,F,c1ccc2c(c1)Cc1ccccc1-2,8,174443104
S0466,F,c1ccc2c(c1)Cc1ccccc1-2,9,21097749
S0466,F,c1ccc2c(c1)Cc1ccccc1-2,10,21731377
S0467,F,c1ccccc1.c1ccccc1,1,141048456
S0467,F,c1ccccc1.c1ccccc1,2,90021961
S0467,F,c1ccccc1.c1ccccc1,3,174927926
S0467,F,c1ccccc1.c1ccccc1,4,159106783
S0467,F,c1ccccc1.c1ccccc1,5,86165858
S0467,F,c1ccccc1.c1ccccc1,6,159765446
S0467,F,c1ccccc1.c1ccccc1,7,172848272
S0467,F,c1ccccc1.c1ccccc1,8,122460373
S0467,F,c1ccccc1.c1ccccc1,9,87997387
S0467,F,c1ccccc1.c1ccccc1,10,139120644
S0467,F,c1ccccc1.c1ccccc1,11,18318749
S0467,F,c1ccccc1.c1ccccc1,12,161857278
